handle,variant_id,variant_sku,variant_barcode,product_group,variant_title,product_title,subtitle,description,brand,category_handle,collection_handle,dietary_flags,tags,allergens,ingredients,storage,country_of_origin,weight_value,weight_unit,thumbnail_url,image_filenames,velocity,eco_rating,brand_slug,vat_rate,regional_tags,subscription_eligible,status,variant_title_raw,variant_sku_raw
4567660527688,variant_01KSQVBFCDGAR6ZM8WAEFHTMMZ,natco-soya-chunks-700g,,,700g,Natco - Soya Chunks,,Protein-rich soya from Natco Foods. Versatile meat alternative for curries and snacks.,Natco,canned_preserved_vegetables,,vegetarian;vegan,,soya,See product packaging for full ingredients list,,India,700,g,/uploads/natco_soya-chunks-700g.jpg,,A,,natco,0,,true,published,Default,R7360
4567660527688,variant_01KSQVCA0W7XRXX6ERV8HFFSV6,natco-soya-chunks-350g,,,350g,Natco - Soya Chunks,,Protein-rich soya from Natco Foods. Versatile meat alternative for curries and snacks.,Natco,canned_preserved_vegetables,,vegetarian;vegan,,soya,See product packaging for full ingredients list,,India,350,g,/uploads/natco_soya-chunks-350g.jpg,,A,,natco,0,,true,published,Default,R7380
6647387652168,variant_01KSQVBFK5ZT3FJG3ABZD3XK2T,natco-black-eyed-beans-400g,,,400g,Natco - Black Eyed Beans,,Ready-to-eat tinned pulses from Natco Foods. Convenient; no soaking required.,Natco,beans_peas_pulses,,vegetarian;vegan;gluten-free,,,See product packaging for full ingredients list,,India,400,g,/uploads/natco_black-eyed-beans-400g.jpg,,A,,natco,0,,true,published,Default,C2330
6579342409800,variant_01KSQVBFRGKE1S32FEDPD6AQEY,natco-white-kidney-beans-400g,,,400g,Natco - White Kidney Beans,,Ready-to-eat tinned pulses from Natco Foods. Convenient; no soaking required.,Natco,beans_peas_pulses,,vegetarian;vegan;gluten-free,,,See product packaging for full ingredients list,,India,400,g,/uploads/natco_white-kidney-beans-400g.jpg,,A,,natco,0,,true,published,Default,C2350
6535757660232,variant_01KSQVBG1SFNW6AJVSDBB8E3QS,natco-bhel-puri-kit-500g,,,500g,Natco - Bhel Puri Kit,,Traditional Indian savoury snacks from Natco Foods. Perfect tea-time treats.,Natco,savouries_papadoms,,vegetarian,,gluten;peanuts,See product packaging for full ingredients list,,India,500,g,/uploads/natco_bhel-puri-kit-500g.jpg,,A,,natco,0,,true,published,Default,C7510
4583223754824,variant_01KSQVBG6YKXC3F2XN480VJ9E5,natco-chick-peas-full-case-4x1kg-1kg,,,1kg,Natco - Chick Peas Full Case 4x1kg,,Our products are manufactured in a site that handles gluten; soya;./images/natco_chick-peas-full-case-4x1kg.jpg; nuts; peanuts; sesame; mustard; celery and sulphites.,Natco,beans_peas_pulses,,vegetarian,,,See product packaging for full ingredients list,,India,1,kg,/uploads/natco_chick-peas-full-case-4x1kg.jpg,,A,,natco,0,,true,published,Default,L3158
4583223394376,variant_01KSQVBGC5MAHGV0DF6KWAD38J,natco-red-kidney-beans-25kg,,,2.5kg,Natco - Red Kidney Beans,,Ready-to-eat tinned pulses from Natco Foods. Convenient; no soaking required.,Natco,beans_peas_pulses,,vegetarian;vegan;gluten-free,,,See product packaging for full ingredients list,,India,2.5,kg,/uploads/natco_red-kidney-beans-25kg.jpg,,A,,natco,0,,true,published,Default,C2305
4583223394376,variant_01KSQVBHG5MZGQAHRCWTQS23DZ,natco-red-kidney-beans-1kg,,,1kg,Natco - Red Kidney Beans,,Premium dried pulses from Natco Foods. Rich in protein; essential for Indian dal and curries.,Natco,beans_peas_pulses,,vegetarian;vegan;gluten-free,,,See product packaging for full ingredients list,,India,1,kg,/uploads/natco_red-kidney-beans-1kg.jpg,,A,,natco,0,,true,published,Default,L5748
4583223394376,variant_01KSQVBHMJNSNZ0HFJV1PTNXK3,natco-red-kidney-beans-2kg,,,2kg,Natco - Red Kidney Beans,,Our products are manufactured in a site that handles gluten; soya;./images/natco_red-kidney-beans-2kg.jpg; nuts; peanuts; sesame; mustard; celery and sulphites.,Natco,beans_peas_pulses,,vegetarian;vegan;gluten-free,,,See product packaging for full ingredients list,,India,2,kg,/uploads/natco_red-kidney-beans-2kg.jpg,,A,,natco,0,,true,published,Default,L5750
4583223361608,variant_01KSQVBGHGQEZJWJJDY2HDEVHD,natco-red-kidney-beans-boiled-full-case-12x400g-400g,,,400g,Natco - Red Kidney Beans Boiled Full Case 12x400g,,Ready-to-eat tinned pulses from Natco Foods. Convenient; no soaking required.,Natco,beans_peas_pulses,,vegetarian,,,See product packaging for full ingredients list,,India,400,g,/uploads/natco_red-kidney-beans-boiled-full-case-12x400g.jpg,,A,,natco,0,,true,published,Default,C2300
4583223165000,variant_01KSQVBGRGYGSQJ9G6V3CDAH52,natco-chick-peas-full-case-12x400g-400g,,,400g,Natco - Chick Peas Full Case 12x400g,,Ready-to-eat tinned pulses from Natco Foods. Convenient; no soaking required.,Natco,beans_peas_pulses,,vegetarian,,,See product packaging for full ingredients list,,India,400,g,/uploads/natco_chick-peas-full-case-12x400g.jpg,,A,,natco,0,,true,published,Default,C1110
4583223066696,variant_01KSQVBGZ3ZXJHNZ1GZGYQX7WV,natco-chick-peas-25kg,,,2.5kg,Natco - Chick Peas,,Ready-to-eat tinned pulses from Natco Foods. Convenient; no soaking required.,Natco,beans_peas_pulses,,vegetarian;vegan;gluten-free,,,See product packaging for full ingredients list,,India,2.5,kg,/uploads/natco_chick-peas-25kg.jpg,,A,,natco,0,,true,published,Default,C1100
4583223066696,variant_01KSQVBH4NJY1S7BBJR3DHXF6T,natco-chick-peas-2kg,,,2kg,Natco - Chick Peas,,Our products are manufactured in a site that handles gluten; soya;./images/natco_chick-peas-2kg.jpg; nuts; peanuts; sesame; mustard; celery and sulphites.,Natco,beans_peas_pulses,,vegetarian;vegan;gluten-free,,,See product packaging for full ingredients list,,India,2,kg,/uploads/natco_chick-peas-2kg.jpg,,A,,natco,0,,true,published,Default,L3160
4567672193096,variant_01KSQVBH9GZ736CBPGF0B0RRDY,natco-kala-chana-boiled-400g,,,400g,Natco - Kala Chana Boiled,,Ready-to-eat tinned pulses from Natco Foods. Convenient; no soaking required.,Natco,beans_peas_pulses,,vegetarian;vegan;gluten-free,,,See product packaging for full ingredients list,,India,400,g,/uploads/natco_kala-chana-boiled-400g.jpg,,A,,natco,0,,true,published,Default,C1130
4567671504968,variant_01KSQVBHSBP9GEM4138ARHDMR2,natco-rose-coco-borlotti-beans-400g,,,400g,Natco - Rose Coco (Borlotti) Beans,,Ready-to-eat tinned pulses from Natco Foods. Convenient; no soaking required.,Natco,beans_peas_pulses,,vegetarian;vegan;gluten-free,,,See product packaging for full ingredients list,,India,400,g,/uploads/natco_rose-coco-borlotti-beans-400g.jpg,,A,,natco,0,,true,published,Default,C2310
4567671504968,variant_01KSW8AZ5SB9NSCCSHWQZ7T8Y1,natco-rose-coco-borlotti-beans-2kg,,,2kg,Natco - Rose Coco (Borlotti) Beans,,Rosecoco Beans; also known as Borlotti beans; are great for using in casseroles; soups and stews.Our products are manufactured in a site that handles gluten; soya; milk; nuts; peanuts; sesame; mustard; celery and sulphites.,Natco,beans_peas_pulses,,vegetarian;vegan;gluten-free,,,Rose Coco (Borlotti) Beans 2kg,,India,2,kg,/uploads/natco_rose-coco-borlotti-beans-400g.jpg,,B,,natco,0,,true,published,Default,L6350
4567671504968,variant_01KSW8AZ8V4Y4P567G2ZXNDSEA,natco-rose-coco-borlotti-beans-500g,,,500g,Natco - Rose Coco (Borlotti) Beans,,Rosecoco Beans; also known as Borlotti beans; are great for using in casseroles; soups and stews.Our products are manufactured in a site that handles gluten; soya; milk; nuts; peanuts; sesame; mustard; celery and sulphites.,Natco,beans_peas_pulses,,vegetarian;vegan;gluten-free,,,Rose Coco (Borlotti) Beans 500g,,India,500,g,/uploads/natco_rose-coco-borlotti-beans-400g.jpg,,B,,natco,0,,true,published,Default,L6360
4567670030408,variant_01KSQVBHZTZNB2RJR2B0P7DG5M,natco-toovar-400g,,,400g,Natco - Toovar,,Ready-to-eat tinned pulses from Natco Foods. Convenient; no soaking required.,Natco,beans_peas_pulses,,vegetarian;vegan;gluten-free,,,See product packaging for full ingredients list,,India,400,g,/uploads/natco_toovar-400g.jpg,,A,,natco,0,,true,published,Default,C7110
4567667638344,variant_01KSQVBJ6445A8SD4DZF5YFCS9,natco-alubia-beans-2kg,,,2kg,Natco - Alubia Beans,,Premium dried pulses from Natco Foods. Rich in protein; essential for Indian dal and curries.,Natco,beans_peas_pulses,,vegetarian;vegan;gluten-free,,,See product packaging for full ingredients list,,India,2,kg,/uploads/natco_alubia-beans-2kg.jpg,,A,,natco,0,,true,published,Default,L1010
4567667638344,variant_01KSQVBJA6JS8J1EM8ART9TWC6,natco-alubia-beans-500g,,,500g,Natco - Alubia Beans,,Premium dried pulses from Natco Foods. Rich in protein; essential for Indian dal and curries.,Natco,beans_peas_pulses,,vegetarian;vegan;gluten-free,,,See product packaging for full ingredients list,,India,500,g,/uploads/natco_alubia-beans-500g.jpg,,A,,natco,0,,true,published,Default,L1020
4567667572808,variant_01KSQVBJDS1PZCV01SD8W8YYET,natco-black-eye-beans-2kg,,,2kg,Natco - Black Eye Beans,,Premium dried pulses from Natco Foods. Rich in protein; essential for Indian dal and curries.,Natco,beans_peas_pulses,,vegetarian;vegan;gluten-free,,,See product packaging for full ingredients list,,India,2,kg,/uploads/natco_black-eye-beans-2kg.jpg,,A,,natco,0,,true,published,Default,L1150
4567667572808,variant_01KSQVC2H9VNTKKA9ZZ3ZRFQNC,natco-black-eye-beans-500g,,,500g,Natco - Black Eye Beans,,Premium dried pulses from Natco Foods. Rich in protein; essential for Indian dal and curries.,Natco,beans_peas_pulses,,vegetarian;vegan;gluten-free,,,See product packaging for full ingredients list,,India,500,g,/uploads/natco_black-eye-beans-500g.png,,A,,natco,0,,true,published,Default,L1160
15383683334529,variant_01KSQVBJJJ0B1HEGS9N9CRQC9D,natco-pure-mustard-oil-250ml,,,250ml,Natco - Pure Mustard Oil,,Pure cooking oil from Natco Foods. Essential for Indian cooking and frying.,Natco,cooking_oils_ghee,,vegetarian,,mustard,See product packaging for full ingredients list,,India,250,ml,/uploads/natco_pure-mustard-oil-250ml.jpg,,A,,natco,0,bengali,true,published,Default,C2275
15383643226497,variant_01KSQVBJQ8K6M171RS4PSDHS7Q,natco-pure-mustard-oiltr,,,,Natco - Pure Mustard Oil 1Ltr,,Pure cooking oil from Natco Foods. Essential for Indian cooking and frying.,Natco,cooking_oils_ghee,,vegetarian,,mustard,See product packaging for full ingredients list,,India,,,/uploads/natco_pure-mustard-oil-1ltr.jpg,,A,,natco,0,bengali,true,published,Default,C2273
4567662002248,variant_01KSQVBJW2SB9CZNWCY75P0RE4,natco-basmati-rice-india-2kg,,,2kg,Natco - Basmati Rice India,,High-quality rice from Natco Foods. A pantry essential for everyday meals.,Natco,basmati_rice,,vegetarian;vegan;gluten-free,,,See product packaging for full ingredients list,,India,2,kg,/uploads/natco_basmati-rice-india-2kg.jpg,,A,,natco,0,,true,published,Default,R1140
4567668523080,variant_01KSQVBK0WE8MCK8KYN8DGBQC9,natco-ragi-flour-900g,,,900g,Natco - Ragi Flour,,Stone-ground flour from Natco Foods. Perfect for Indian breads; batters; and baking.,Natco,speciality_flours_grains,,vegetarian;vegan,,,See product packaging for full ingredients list,,India,900,g,/uploads/natco_ragi-flour-900g.jpg,,A,,natco,0,,true,published,Default,F7120
15097116393857,variant_01KSQVBK6H09951NPYPCW1Y2HM,natco-lemon-juicetr,,,,Natco - Lemon Juice 1 Ltr,,Food-grade colouring and flavouring essence from Natco Foods. Ideal for baking and desserts.,Natco,baking_essences_colours,,vegetarian,,,See product packaging for full ingredients list,,India,,,/uploads/natco_lemon-juice-1-ltr.jpg,,A,,natco,0,,true,published,Default,V1000
15097122881921,variant_01KSQVBKB3QK6KF1WJ48K5HM3G,natco-lemon-juice-500ml,,,500ml,Natco - Lemon Juice,,Food-grade colouring and flavouring essence from Natco Foods. Ideal for baking and desserts.,Natco,baking_essences_colours,,vegetarian,,,See product packaging for full ingredients list,,India,500,ml,/uploads/natco_lemon-juice-500ml.jpg,,A,,natco,0,,true,published,Default,V1005
15097233015169,variant_01KSQVBKFWQWZ7D22JXPPP75RT,natco-lemon-juice-with-essential-oil-200ml,,,200ml,Natco - Lemon Juice with Essential Oil,,Food-grade colouring and flavouring essence from Natco Foods. Ideal for baking and desserts.,Natco,baking_essences_colours,,vegetarian,,,See product packaging for full ingredients list,,India,200,ml,/uploads/natco_lemon-juice-with-essential-oil-200ml.jpg,,A,,natco,0,,true,published,Default,V1010
4567670423624,variant_01KSQVBKMDJ51ZHWART4JVS9KZ,natco-okra-full-case-12x400g-400g,,,400g,Natco - Okra Full Case 12x400g,,Preserved vegetables from Natco Foods. Harvested at peak freshness.,Natco,canned_preserved_vegetables,,vegetarian,,,See product packaging for full ingredients list,,India,400,g,/uploads/natco_okra-full-case-12x400g.png,,A,,natco,0,,true,published,Default,C7060
4567661183048,variant_01KSQVBKQZYDXMSGNBC8Z1KE3P,natco-jaggery-500g,,,500g,Natco - Jaggery,,Natural sugar from Natco Foods. Essential for Indian sweets and daily use.,Natco,sweeteners,,vegetarian;vegan;gluten-free,,,See product packaging for full ingredients list,,India,500,g,/uploads/natco_jaggery-500g.jpg,,A,,natco,0,,true,published,Default,R5360
14681551307137,variant_01KSQVBKW51ACC6VS51Z5KMJTJ,natco-spiced-tea-masala-blend-160s,,,,Natco - Spiced Tea - Masala Blend 160s,,Refreshing drink from Natco Foods. Authentic Indian taste.,Natco,beverages_drinks,,vegetarian,,,See product packaging for full ingredients list,,India,,,/uploads/natco_spiced-tea-masala-blend-160s.jpg,,A,,natco,0,,true,published,Default,V6920
6842634403912,variant_01KSQVBM0N2MC013QEMK8ZKJBN,natco-coriander-seeds-jar-60g,,,60g,Natco - Coriander Seeds Jar,,Premium whole and ground spice from Natco Foods. Essential for authentic Indian cooking.,Natco,whole_spices_seeds,,vegetarian;vegan;gluten-free,,,See product packaging for full ingredients list,,India,60,g,/uploads/natco_coriander-seeds-jar-60g.jpg,,A,,natco,0,,true,published,Default,T4106
6842634403912,variant_01KSQVCCTGP9B5FFHQGN4CRF6F,natco-coriander-seeds-jar-65g,,,65g,Natco - Coriander Seeds Jar,,Premium whole and ground spice from Natco Foods. Essential for authentic Indian cooking.,Natco,whole_spices_seeds,,vegetarian;vegan;gluten-free,,,See product packaging for full ingredients list,,India,65,g,/uploads/natco_coriander-seeds-jar-65g.jpg,,A,,natco,0,,true,published,Default,T4107
4567658168392,variant_01KSQVBM4VEQ3T7PRMG81KEXNE,natco-kasuri-methi-leaves-100g,,,100g,Natco - Kasuri Methi Leaves,,Premium whole and ground spice from Natco Foods. Essential for authentic Indian cooking.,Natco,herbs_leaves,,vegetarian;vegan;gluten-free,,,See product packaging for full ingredients list,,India,100,g,/uploads/natco_kasuri-methi-leaves-100g.jpg,,A,,natco,0,,true,published,Default,S8274
4567661084744,variant_01KSQVBM9A450RH5VDNA9S7WVD,natco-crispy-fried-onions-150g,,,150g,Natco - Crispy Fried Onions,,Crispy fried onions from Natco Foods. Ready to use for biryani and garnishing.,Natco,savouries_papadoms,,vegetarian,,,See product packaging for full ingredients list,,India,150,g,/uploads/natco_crispy-fried-onions-150g.png,,A,,natco,0,,true,published,Default,R6035
4567661084744,variant_01KSQVCF7P2GNV0J51KXC9422Z,natco-crispy-fried-onions-400g,,,400g,Natco - Crispy Fried Onions,,Crispy fried onions from Natco Foods. Ready to use for biryani and garnishing.,Natco,savouries_papadoms,,vegetarian,,,See product packaging for full ingredients list,,India,400,g,/uploads/natco_crispy-fried-onions-400g.jpg,,A,,natco,0,,true,published,Default,R6020
4567673438280,variant_01KSQVBMDJ3K1X9P4BEWSG6FM6,natco-mixed-pickle-300g,,,300g,Natco - Mixed Pickle,,Authentic Indian chutney and pickle from Natco Foods. Adds zest to any meal.,Natco,pickles,,vegetarian;vegan;gluten-free,,,See product packaging for full ingredients list,,India,300,g,/uploads/natco_mixed-pickle-300g.jpg,,A,,natco,0,,true,published,Default,A2010
6804786282568,variant_01KSQVBMGVGC7DM6HMY65SM71K,natco-whole-birdseye-chilli-jar-40g,,,40g,Natco - Whole Birdseye Chilli Jar,,Premium whole and ground spice from Natco Foods. Essential for authentic Indian cooking.,Natco,whole_spices_seeds,,vegetarian;vegan;gluten-free,,,See product packaging for full ingredients list,,India,40,g,/uploads/natco_whole-birdseye-chilli-jar-40g.jpg,,A,,natco,0,,true,published,Default,T3151
6804786282568,variant_01KSQVCC56J26W6YYBV8AEAKAW,natco-whole-birdseye-chilli-jar-50g,,,50g,Natco - Whole Birdseye Chilli Jar,,Premium whole and ground spice from Natco Foods. Essential for authentic Indian cooking.,Natco,whole_spices_seeds,,vegetarian;vegan;gluten-free,,,See product packaging for full ingredients list,,India,50,g,/uploads/natco_whole-birdseye-chilli-jar-50g.jpg,,A,,natco,0,,true,published,Default,T3152
4567672488008,variant_01KSQVBMN6ZNJ5BE9Q4HJA88J1,natco-coconut-cream-400ml,,,400ml,Natco - Coconut Cream,,Creamy coconut products from Natco Foods. Authentic taste for curries and desserts.,Natco,beverages_drinks,,vegetarian;vegan;gluten-free,,tree-nuts,See product packaging for full ingredients list,,India,400,ml,/uploads/natco_coconut-cream-400ml.jpg,,A,,natco,0,,true,published,Default,C1025
4567667671112,variant_01KSQVBMV3SWHQM13H6TYGJ9J2,natco-coconut-water-330ml,,,330ml,Natco - Coconut Water,,Refreshing drink from Natco Foods. Authentic Indian taste.,Natco,beverages_drinks,,vegetarian,,tree-nuts,See product packaging for full ingredients list,,India,330,ml,/uploads/natco_coconut-water-330ml.jpg,,A,,natco,0,,true,published,Default,J3172
4567667671112,variant_01KSQVBMZEYQWG28MP5JKREKNY,natco-coconut-water-1l,,,1L,Natco - Coconut Water,,Refreshing drink from Natco Foods. Authentic Indian taste.,Natco,beverages_drinks,,vegetarian,,tree-nuts,See product packaging for full ingredients list,,India,1,l,/uploads/natco_coconut-water-1l.png,,A,,natco,0,,true,published,Default,J3170
6804650754120,variant_01KSQVBN2Y9HCGG3WT5D2FZ9XJ,natco-demerara-sugar-500g,,,500g,Natco - Demerara Sugar,,Natural sugar from Natco Foods. Essential for Indian sweets and daily use.,Natco,sweeteners,,vegetarian;vegan;gluten-free,,,See product packaging for full ingredients list,,India,500,g,/uploads/natco_demerara-sugar-500g.png,,A,,natco,0,,true,published,Default,R7512
6804650754120,variant_01KSQVBWEZ156FDF9F7W5WFSS1,natco-demerara-sugar-15kg,,,1.5kg,Natco - Demerara Sugar,,Natural sugar from Natco Foods. Essential for Indian sweets and daily use.,Natco,sweeteners,,vegetarian;vegan;gluten-free,,,See product packaging for full ingredients list,,India,1.5,kg,/uploads/natco_demerara-sugar-15kg.jpg,,A,,natco,0,,true,published,Default,R7510
4567669735496,variant_01KSQVBN76X9148MMNCDD9XZAH,natco-chakki-atta-multigrain-5kg,,,5kg,Natco - Chakki Atta Multigrain,,Stone-ground flour from Natco Foods. Perfect for Indian breads; batters; and baking.,Natco,atta_flour,,vegetarian;vegan,,gluten,See product packaging for full ingredients list,,India,5,kg,/uploads/natco_chakki-atta-multigrain-5kg.jpg,,A,,natco,0,,true,published,Default,F1626
6804638728264,variant_01KSQVBNATRGKDN303DY0YKWGQ,natco-rosemary-jar-40g,,,40g,Natco - Rosemary Jar,,Premium whole and ground spice from Natco Foods. Essential for authentic Indian cooking.,Natco,herbs_leaves,,vegetarian,,,See product packaging for full ingredients list,,India,40,g,/uploads/natco_rosemary-jar-40g.jpg,,A,,natco,0,,true,published,Default,H5524
4567661281352,variant_01KSQVBNF9Y9NBQZG8VQZY3RVB,natco-phool-makhana-popped-lotus-seeds-100g,,,100g,Natco - Phool Makhana (Popped Lotus Seeds),,Nutritious seeds from Natco Foods. Great for healthy meals and baking.,Natco,canned_preserved_vegetables,,vegetarian,,,See product packaging for full ingredients list,,India,100,g,/uploads/natco_phool-makhana-popped-lotus-seeds-100g.jpg,,A,,natco,0,,true,published,Default,R4282
4567670161480,variant_01KSQVBNKTR8KJY9PSHPP1YKZ3,natco-punjabi-tinda-full-case-12x400g-400g,,,400g,Natco - Punjabi Tinda Full Case 12x400g,,Preserved vegetables from Natco Foods. Harvested at peak freshness.,Natco,canned_preserved_vegetables,,vegetarian,,,See product packaging for full ingredients list,,India,400,g,/uploads/natco_punjabi-tinda-full-case-12x400g.jpg,,A,,natco,0,,true,published,Default,C7090
5864194801736,variant_01KSQVBNQEGR270JF2QEFJ9N64,natco-big-d-honey-roast-peanuts-12x50g-packs-on-a-pub-card-12x50g,,,12x50g,Natco - Big D Honey Roast Peanuts 12x50g Packs on a Pub Card,,Roasted and seasoned nuts from Natco Foods. Delicious and satisfying snacks.,Natco,nuts_dried_fruits,,vegetarian;vegan;gluten-free,,tree-nuts;peanuts,See product packaging for full ingredients list,,India,,,/uploads/natco_big-d-honey-roast-peanuts-12x50g-packs-on-a-pub-card.jpg,,A,,natco,0,,true,published,Default,TRI06380
6562924986440,variant_01KSQVBNVTEESBACRN1VFMK8VW,natco-big-d-salted-cashews-12x30g-cards-12x30g,,,12x30g,Natco - Big D Salted Cashews 12x30g Cards,,Roasted and seasoned nuts from Natco Foods. Delicious and satisfying snacks.,Natco,nuts_dried_fruits,,vegetarian;vegan;gluten-free,,tree-nuts,See product packaging for full ingredients list,,India,,,/uploads/natco_big-d-salted-cashews-12x30g-cards.png,,A,,natco,0,,true,published,Default,TRI06352
5864191590472,variant_01KSQVBP02RGVY807MN3P46FTP,natco-big-d-salted-peanuts-24x50g-50g,,,50g,Natco - Big D Salted Peanuts 24x50g,,Roasted and seasoned nuts from Natco Foods. Delicious and satisfying snacks.,Natco,nuts_dried_fruits,,vegetarian;vegan;gluten-free,,tree-nuts;peanuts,See product packaging for full ingredients list,,India,50,g,/uploads/natco_big-d-salted-peanuts-24x50g.png,,A,,natco,0,,true,published,Default,TRI06301
4567673077832,variant_01KSQVBP4F36D0X5FC249ZHPTM,natco-mango-chutney-spicy-340g,,,340g,Natco - Mango Chutney Spicy,,Authentic Indian chutney and pickle from Natco Foods. Adds zest to any meal.,Natco,chutneys_spreads,,vegetarian;vegan;gluten-free,,,See product packaging for full ingredients list,,India,340,g,/uploads/natco_mango-chutney-spicy-340g.jpg,,A,,natco,0,,true,published,Default,A2060
4567672848456,variant_01KSQVBP87YJCHXYB1PV4FREGA,natco-tamarind-sauce-340g,,,340g,Natco - Tamarind Sauce,,Authentic Indian chutney and pickle from Natco Foods. Adds zest to any meal.,Natco,cooking_pastes_sauces,,vegetarian;vegan;gluten-free,,,See product packaging for full ingredients list,,India,340,g,/uploads/natco_tamarind-sauce-340g.jpg,,A,,natco,0,,true,published,Default,A2260
4567672750152,variant_01KSQVBPBTDJBDRN5PT58JPZ5E,natco-garlic-chilli-sauce-340g,,,340g,Natco - Garlic &amp; Chilli Sauce,,Authentic Indian chutney and pickle from Natco Foods. Adds zest to any meal.,Natco,cooking_pastes_sauces,,vegetarian;vegan;gluten-free,,,See product packaging for full ingredients list,,India,340,g,/uploads/natco_garlic-amp-chilli-sauce-340g.jpg,,A,,natco,0,,true,published,Default,A2270
4567672717384,variant_01KSQVBPKS0KSVZVG003QCWG07,natco-tamarind-date-sauce-340g,,,340g,Natco - Tamarind &amp; Date Sauce,,Authentic Indian chutney and pickle from Natco Foods. Adds zest to any meal.,Natco,cooking_pastes_sauces,,vegetarian;vegan;gluten-free,,,See product packaging for full ingredients list,,India,340,g,/uploads/natco_tamarind-amp-date-sauce-340g.jpg,,A,,natco,0,,true,published,Default,A2280
4567663411272,variant_01KSQVBPQCT27SFXVQ6Q42XQF0,natco-roasted-monkey-nuts-300g,,,300g,Natco - Roasted Monkey Nuts,,Premium nuts from Natco Foods. Perfect for snacking; cooking; and baking.,Natco,nuts_dried_fruits,,vegetarian;vegan;gluten-free,,tree-nuts,See product packaging for full ingredients list,,India,300,g,/uploads/natco_roasted-monkey-nuts-300g.jpg,,A,,natco,0,,true,published,Default,N4317
4567663378504,variant_01KSQVBPVFVFTJ5KJ76FGKWFH7,natco-roasted-salted-pistachio-nuts-1kg,,,1kg,Natco - Roasted &amp; Salted Pistachio Nuts,,Roasted and seasoned nuts from Natco Foods. Delicious and satisfying snacks.,Natco,nuts_dried_fruits,,vegetarian;vegan;gluten-free,,tree-nuts,See product packaging for full ingredients list,,India,1,kg,/uploads/natco_roasted-amp-salted-pistachio-nuts-1kg.jpg,,A,,natco,0,,true,published,Default,N5150
4567663378504,variant_01KSQVBPYMTAEYGR9W9TG7V3T9,natco-roasted-salted-pistachio-nuts-300g,,,300g,Natco - Roasted &amp; Salted Pistachio Nuts,,Roasted and seasoned nuts from Natco Foods. Delicious and satisfying snacks.,Natco,nuts_dried_fruits,,vegetarian;vegan;gluten-free,,tree-nuts,See product packaging for full ingredients list,,India,300,g,/uploads/natco_roasted-amp-salted-pistachio-nuts-300g.jpg,,A,,natco,0,,true,published,Default,N5160
4567663378504,variant_01KSQVBQ2QD0CBSV6X5ZFERH7D,natco-roasted-salted-pistachio-nuts-100g,,,100g,Natco - Roasted &amp; Salted Pistachio Nuts,,Roasted and seasoned nuts from Natco Foods. Delicious and satisfying snacks.,Natco,nuts_dried_fruits,,vegetarian;vegan;gluten-free,,tree-nuts,See product packaging for full ingredients list,,India,100,g,/uploads/natco_roasted-amp-salted-pistachio-nuts-100g.jpg,,A,,natco,0,,true,published,Default,N5170
4567662559304,variant_01KSQVBQ6GF32ED5M6AAY30F3F,natco-pappadoms-black-pepper-200g,,,200g,Natco - Pappadoms Black Pepper,,Crispy Indian pappadoms from Natco Foods. Quick to prepare; perfect with chutneys.,Natco,savouries_papadoms,,vegetarian,,,See product packaging for full ingredients list,,India,200,g,/uploads/natco_pappadoms-black-pepper-200g.jpg,,A,,natco,0,,true,published,Default,P4010
4567662526536,variant_01KSQVBQA47NXGN7KEH5VBAFCC,natco-pappadoms-jeera-microwavable-200g,,,200g,Natco - Pappadoms Jeera (Microwavable),,Crispy Indian pappadoms from Natco Foods. Quick to prepare; perfect with chutneys.,Natco,savouries_papadoms,,vegetarian,,,See product packaging for full ingredients list,,India,200,g,/uploads/natco_pappadoms-jeera-microwavable-200g.jpg,,A,,natco,0,,true,published,Default,P4310
4567662493768,variant_01KSQVBQDPS8HKKTHGBRRYZXYT,natco-pappadoms-plain-microwavable-200g,,,200g,Natco - Pappadoms Plain (Microwavable),,Crispy Indian pappadoms from Natco Foods. Quick to prepare; perfect with chutneys.,Natco,savouries_papadoms,,vegetarian,,,See product packaging for full ingredients list,,India,200,g,/uploads/natco_pappadoms-plain-microwavable-200g.jpg,,A,,natco,0,,true,published,Default,P4410
4567662461000,variant_01KSQVBQJFGM16354V8M4CSW48,natco-pappadoms-punjabi-microwavable-200g,,,200g,Natco - Pappadoms Punjabi (Microwavable),,Crispy Indian pappadoms from Natco Foods. Quick to prepare; perfect with chutneys.,Natco,savouries_papadoms,,vegetarian,,,See product packaging for full ingredients list,,India,200,g,/uploads/natco_pappadoms-punjabi-microwavable-200g.jpg,,A,,natco,0,,true,published,Default,P4510
4567662166088,variant_01KSQVBQPJ53ZHFQ8GGZ3CASFS,natco-pappadoms-madras-papa-brand-250g,,,250g,Natco - Pappadoms Madras (Papa Brand),,Crispy Indian pappadoms from Natco Foods. Quick to prepare; perfect with chutneys.,Natco,savouries_papadoms,,vegetarian,,,See product packaging for full ingredients list,,India,250,g,/uploads/natco_pappadoms-madras-papa-brand-250g.jpg,,A,,natco,0,,true,published,Default,P5100
4567661051976,variant_01KSQVBQT9GPDC5HYNSFVVXWM9,natco-popcorn-2kg,,,2kg,Natco - Popcorn,,Premium popping corn from Natco Foods. Perfect for movie nights and snacking.,Natco,savouries_papadoms,,vegetarian,,,See product packaging for full ingredients list,,India,2,kg,/uploads/natco_popcorn-2kg.jpg,,A,,natco,0,,true,published,Default,R6150
4567661051976,variant_01KSQVBQYVP9F635TY0MPWM78Z,natco-popcorn-500g,,,500g,Natco - Popcorn,,Premium popping corn from Natco Foods. Perfect for movie nights and snacking.,Natco,savouries_papadoms,,vegetarian,,,See product packaging for full ingredients list,,India,500,g,/uploads/natco_popcorn-500g.jpg,,A,,natco,0,,true,published,Default,R6160
4567660167240,variant_01KSQVBR35WC5T77EKG911Z3G5,natco-peanut-gachak-peanut-brittle-400g,,,400g,Natco - Peanut Gachak (Peanut Brittle),,Roasted and seasoned nuts from Natco Foods. Delicious and satisfying snacks.,Natco,sweets_confectionery,,vegetarian;vegan;gluten-free,,tree-nuts;peanuts,See product packaging for full ingredients list,,India,400,g,/uploads/natco_peanut-gachak-peanut-brittle-400g.jpg,,A,,natco,0,,true,published,Default,R8416
4583223853128,variant_01KSQVBR6833H11FR2V782XMDT,natco-coconut-flour-200g,,,200g,Natco - Coconut Flour,,Natural coconut products from Natco Foods. Versatile for cooking and baking.,Natco,coconut_staples,,vegetarian,,tree-nuts,See product packaging for full ingredients list,,India,200,g,/uploads/natco_coconut-flour-200g.jpg,,A,,natco,0,,true,published,Default,N3455
4583223853128,variant_01KSQVBRAX7WX5FT3K2BX03S6Y,natco-coconut-flour-1kg,,,1kg,Natco - Coconut Flour,,Natural coconut products from Natco Foods. Versatile for cooking and baking.,Natco,coconut_staples,,vegetarian,,tree-nuts,See product packaging for full ingredients list,,India,1,kg,/uploads/natco_coconut-flour-1kg.jpg,,A,,natco,0,,true,published,Default,N3450
4567672619080,variant_01KSQVBRF8AXDVWXVJ9KRGEQJ3,natco-coconut-milk-400ml,,,400ml,Natco - Coconut Milk,,Creamy coconut products from Natco Foods. Authentic taste for curries and desserts.,Natco,beverages_drinks,,vegetarian;vegan;gluten-free,,milk;tree-nuts,See product packaging for full ingredients list,,India,400,ml,/uploads/natco_coconut-milk-400ml.jpg,,A,,natco,0,,true,published,Default,C1015
4567672553544,variant_01KSQVBRMFC6M47CHH1ZM3KP0Z,natco-coconut-milk-light-400ml,,,400ml,Natco - Coconut Milk Light,,Creamy coconut products from Natco Foods. Authentic taste for curries and desserts.,Natco,beverages_drinks,,vegetarian;vegan;gluten-free,,milk;tree-nuts,See product packaging for full ingredients list,,India,400,ml,/uploads/natco_coconut-milk-light-400ml.jpg,,A,,natco,0,,true,published,Default,C1020
4567671832648,variant_01KSQVBRTC9GYJSWSPHCPQ2D0F,natco-coconut-oil-parachute-brand-500ml,,,500ml,Natco - Coconut Oil (Parachute Brand),,Pure cooking oil from Natco Foods. Essential for Indian cooking and frying.,Natco,cooking_oils_ghee,,vegetarian;vegan;gluten-free,,tree-nuts,See product packaging for full ingredients list,,India,500,ml,/uploads/natco_coconut-oil-parachute-brand-500ml.jpg,,A,,natco,0,,true,published,Default,C2170
4567663870024,variant_01KSQVBRXNKK8S2FFDKD7PSAYD,natco-coconut-desicated-medium-1kg,,,1kg,Natco - Coconut Desicated Medium,,Natural coconut products from Natco Foods. Versatile for cooking and baking.,Natco,coconut_staples,,vegetarian,,tree-nuts,See product packaging for full ingredients list,,India,1,kg,/uploads/natco_coconut-desicated-medium-1kg.jpg,,A,,natco,0,,true,published,Default,N3250
4567663837256,variant_01KSQVBS2KVCQ5YYHKPE901RHH,natco-coconut-desiccated-fine-300g,,,300g,Natco - Coconut Desiccated (Fine),,Natural coconut products from Natco Foods. Versatile for cooking and baking.,Natco,coconut_staples,,vegetarian,,tree-nuts,See product packaging for full ingredients list,,India,300,g,/uploads/natco_coconut-desiccated-fine-300g.jpg,,A,,natco,0,,true,published,Default,N3360
4567663804488,variant_01KSQVBS7C67AJN0Y27AAE01SG,natco-coconut-milk-powder-300g,,,300g,Natco - Coconut Milk Powder,,Natural coconut products from Natco Foods. Versatile for cooking and baking.,Natco,coconut_staples,,vegetarian,,milk;tree-nuts,See product packaging for full ingredients list,,India,300,g,/uploads/natco_coconut-milk-powder-300g.jpg,,A,,natco,0,,true,published,Default,N3510
4567663673416,variant_01KSQVBSBSXH6TZ688GGVJWEZM,natco-coconut-flakes-200g,,,200g,Natco - Coconut Flakes,,Natural coconut products from Natco Foods. Versatile for cooking and baking.,Natco,coconut_staples,,vegetarian,,tree-nuts,See product packaging for full ingredients list,,India,200,g,/uploads/natco_coconut-flakes-200g.jpg,,A,,natco,0,,true,published,Default,N3675
4567663607880,variant_01KSQVBSGNGS5995PYERQB8219,natco-coconut-halves-250g,,,250g,Natco - Coconut Halves,,Natural coconut products from Natco Foods. Versatile for cooking and baking.,Natco,coconut_staples,,vegetarian,,tree-nuts,See product packaging for full ingredients list,,India,250,g,/uploads/natco_coconut-halves-250g.jpg,,A,,natco,0,,true,published,Default,N3715
4567655350344,variant_01KSQVBSM9NAEBYPMPM1100G9T,natco-coconut-flavouring-essence-28ml,,,28ml,Natco - Coconut Flavouring Essence,,Food-grade colouring and flavouring essence from Natco Foods. Ideal for baking and desserts.,Natco,baking_essences_colours,,vegetarian,,tree-nuts,See product packaging for full ingredients list,,India,28,ml,/uploads/natco_coconut-flavouring-essence-28ml.jpg,,A,,natco,0,,true,published,Default,V1196
4567673208904,variant_01KSQVBSR9NAT59648GMRFG73X,natco-brinjal-chutney-sweet-300g,,,300g,Natco - Brinjal Chutney Sweet,,Authentic Indian chutney and pickle from Natco Foods. Adds zest to any meal.,Natco,chutneys_spreads,,vegetarian;vegan;gluten-free,,,See product packaging for full ingredients list,,India,300,g,/uploads/natco_brinjal-chutney-sweet-300g.jpg,,A,,natco,0,,true,published,Default,A2035
4567673667656,variant_01KSQVBSWY8EYKXS6K44R06FWG,natco-mango-pickle-hot-300g,,,300g,Natco - Mango Pickle Hot,,Authentic Indian chutney and pickle from Natco Foods. Adds zest to any meal.,Natco,pickles,,vegetarian;vegan;gluten-free,,,See product packaging for full ingredients list,,India,300,g,/uploads/natco_mango-pickle-hot-300g.jpg,,A,,natco,0,,true,published,Default,A2000
4567673602120,variant_01KSQVBT1EKGQHP2WB7SXDGE95,natco-chilli-pickle-hot-300g,,,300g,Natco - Chilli Pickle Hot,,Authentic Indian chutney and pickle from Natco Foods. Adds zest to any meal.,Natco,pickles,,vegetarian;vegan;gluten-free,,,See product packaging for full ingredients list,,India,300,g,/uploads/natco_chilli-pickle-hot-300g.jpg,,A,,natco,0,,true,published,Default,A2005
4567673405512,variant_01KSQVBT5W09JQP30ADZCW7S3W,natco-lime-pickle-hot-300g,,,300g,Natco - Lime Pickle Hot,,Authentic Indian chutney and pickle from Natco Foods. Adds zest to any meal.,Natco,pickles,,vegetarian;vegan;gluten-free,,,See product packaging for full ingredients list,,India,300,g,/uploads/natco_lime-pickle-hot-300g.jpg,,A,,natco,0,,true,published,Default,A2015
4567673274440,variant_01KSQVBTAEW0ZSGH8F93XJGAPY,natco-gorkeri-chutney-sweet-300g,,,300g,Natco - Gorkeri Chutney Sweet,,Authentic Indian chutney and pickle from Natco Foods. Adds zest to any meal.,Natco,chutneys_spreads,,vegetarian;vegan;gluten-free,,,See product packaging for full ingredients list,,India,300,g,/uploads/natco_gorkeri-chutney-sweet-300g.jpg,,A,,natco,0,,true,published,Default,A2025
4567673241672,variant_01KSQVBTE3694RTN3M62ZKFWPR,natco-chundo-chutney-sweet-340g,,,340g,Natco - Chundo Chutney Sweet,,Authentic Indian chutney and pickle from Natco Foods. Adds zest to any meal.,Natco,chutneys_spreads,,vegetarian;vegan;gluten-free,,,See product packaging for full ingredients list,,India,340,g,/uploads/natco_chundo-chutney-sweet-340g.jpg,,A,,natco,0,,true,published,Default,A2030
4567673143368,variant_01KSQVBTJHBBEJ721VVYGXYJA3,natco-thecha-chilli-paste-300g,,,300g,Natco - Thecha Chilli Paste,,Expertly blended masala mix from Natco Foods. Perfect balance of spices for traditional dishes.,Natco,cooking_pastes_sauces,,vegetarian,,,See product packaging for full ingredients list,,India,300,g,/uploads/natco_thecha-chilli-paste-300g.jpg,,A,,natco,0,,true,published,Default,A2050
4567673045064,variant_01KSQVBTQ1ANBKYZRNJGWSB8BG,natco-mango-chutney-sweet-340g,,,340g,Natco - Mango Chutney Sweet,,Authentic Indian chutney and pickle from Natco Foods. Adds zest to any meal.,Natco,chutneys_spreads,,vegetarian;vegan;gluten-free,,,See product packaging for full ingredients list,,India,340,g,/uploads/natco_mango-chutney-sweet-340g.jpg,,A,,natco,0,,true,published,Default,A2065
4567673012296,variant_01KSQVBTV9CXEVE2MPRZAW5Z7K,natco-garlic-pickle-300g,,,300g,Natco - Garlic Pickle,,Authentic Indian chutney and pickle from Natco Foods. Adds zest to any meal.,Natco,pickles,,vegetarian;vegan;gluten-free,,,See product packaging for full ingredients list,,India,300,g,/uploads/natco_garlic-pickle-300g.jpg,,A,,natco,0,,true,published,Default,A2070
4567672979528,variant_01KSQVBTZNZ9XCY37BPAJBEYQR,natco-garlic-paste-190g,,,190g,Natco - Garlic Paste,,Kitchen essential from Natco Foods. A must-have for your pantry.,Natco,cooking_pastes_sauces,,vegetarian,,,See product packaging for full ingredients list,,India,190,g,/uploads/natco_garlic-paste-190g.jpg,,A,,natco,0,,true,published,Default,A2080
4567672946760,variant_01KSQVBV42Z9D8FJS095052735,natco-ginger-paste-190g,,,190g,Natco - Ginger Paste,,Kitchen essential from Natco Foods. A must-have for your pantry.,Natco,cooking_pastes_sauces,,vegetarian,,,See product packaging for full ingredients list,,India,190,g,/uploads/natco_ginger-paste-190g.jpg,,A,,natco,0,,true,published,Default,A2085
4567672913992,variant_01KSQVBV7XQWFF0MMM204CE2K9,natco-garlic-ginger-paste-190g,,,190g,Natco - Garlic &amp; Ginger Paste,,Kitchen essential from Natco Foods. A must-have for your pantry.,Natco,cooking_pastes_sauces,,vegetarian,,,See product packaging for full ingredients list,,India,190,g,/uploads/natco_garlic-amp-ginger-paste-190g.jpg,,A,,natco,0,,true,published,Default,A2090
4567672881224,variant_01KSQVBVBJ10DMFAM73FSKZ085,natco-bombay-sandwich-spread-280g,,,280g,Natco - Bombay Sandwich Spread,,Authentic Indian chutney and pickle from Natco Foods. Adds zest to any meal.,Natco,chutneys_spreads,,vegetarian;vegan;gluten-free,,,See product packaging for full ingredients list,,India,280,g,/uploads/natco_bombay-sandwich-spread-280g.jpg,,A,,natco,0,,true,published,Default,A2201
4567672815688,variant_01KSQVBVG5EE9C0HZF0X1BA1AQ,natco-chilli-sauce-hot-310g,,,310g,Natco - Chilli Sauce Hot,,Authentic Indian chutney and pickle from Natco Foods. Adds zest to any meal.,Natco,cooking_pastes_sauces,,vegetarian;vegan;gluten-free,,,See product packaging for full ingredients list,,India,310,g,/uploads/natco_chilli-sauce-hot-310g.jpg,,A,,natco,0,,true,published,Default,A2265
4567672651848,variant_01KSQVBVMSM4GD4BNV1H1X6F1D,natco-coriander-mint-sauce-340g,,,340g,Natco - Coriander Mint Sauce,,Authentic Indian chutney and pickle from Natco Foods. Adds zest to any meal.,Natco,cooking_pastes_sauces,,vegetarian;vegan;gluten-free,,,See product packaging for full ingredients list,,India,340,g,/uploads/natco_coriander-mint-sauce-340g.jpg,,A,,natco,0,,true,published,Default,A2285
4567669604424,variant_01KSQVBVQZZ55PTP6K0GRSDH2W,natco-cornmeal-fine-15kg,,,1.5kg,Natco - Cornmeal Fine,,Stone-ground flour from Natco Foods. Perfect for Indian breads; batters; and baking.,Natco,speciality_flours_grains,,vegetarian;vegan,,,See product packaging for full ingredients list,,India,1.5,kg,/uploads/natco_cornmeal-fine-15kg.jpg,,A,,natco,0,,true,published,Default,F2150
4567669604424,variant_01KSQVBVVFKFX9NYT453GMKBA6,natco-cornmeal-fine-500g,,,500g,Natco - Cornmeal Fine,,Stone-ground flour from Natco Foods. Perfect for Indian breads; batters; and baking.,Natco,speciality_flours_grains,,vegetarian;vegan,,,See product packaging for full ingredients list,,India,500,g,/uploads/natco_cornmeal-fine-500g.png,,A,,natco,0,,true,published,Default,F2160
4567669506120,variant_01KSQVBVYZ1A6YZGPZ4RV1TDHZ,natco-cornmeal-medium-15kg,,,1.5kg,Natco - Cornmeal Medium,,Stone-ground flour from Natco Foods. Perfect for Indian breads; batters; and baking.,Natco,speciality_flours_grains,,vegetarian;vegan,,,See product packaging for full ingredients list,,India,1.5,kg,/uploads/natco_cornmeal-medium-15kg.jpg,,A,,natco,0,,true,published,Default,F2250
4567669506120,variant_01KSQVBW35VGKV2GT446WTPASM,natco-cornmeal-medium-500g,,,500g,Natco - Cornmeal Medium,,Stone-ground flour from Natco Foods. Perfect for Indian breads; batters; and baking.,Natco,speciality_flours_grains,,vegetarian;vegan,,,See product packaging for full ingredients list,,India,500,g,/uploads/natco_cornmeal-medium-500g.jpg,,A,,natco,0,,true,published,Default,F2260
4567669932104,variant_01KSQVBW6PQJ99JP5KHT4Z6206,natco-golden-raisins-1kg,,,1kg,Natco - Golden Raisins,,Naturally sweet dried fruit from Natco Foods. Perfect for snacking and baking.,Natco,nuts_dried_fruits,,vegetarian,,mustard,See product packaging for full ingredients list,,India,1,kg,/uploads/natco_golden-raisins-1kg.jpg,,A,,natco,0,,true,published,Default,D4150
4567669932104,variant_01KSQVBWAXVMJEM3F4PCP8KPQ9,natco-golden-raisins-100g,,,100g,Natco - Golden Raisins,,Naturally sweet dried fruit from Natco Foods. Perfect for snacking and baking.,Natco,nuts_dried_fruits,,vegetarian,,mustard,See product packaging for full ingredients list,,India,100,g,/uploads/natco_golden-raisins-100g.jpg,,A,,natco,0,,true,published,Default,D4170
6666608541768,variant_01KSQVBWJGC0F6XAD2D4H3A9GD,natco-almond-oil-500ml,,,500ml,Natco - Almond Oil,,Pure cooking oil from Natco Foods. Essential for Indian cooking and frying.,Natco,cooking_oils_ghee,,vegetarian;vegan;gluten-free,,tree-nuts,See product packaging for full ingredients list,,India,500,ml,/uploads/natco_almond-oil-500ml.png,,A,,natco,0,,true,published,Default,C2282
6666608541768,variant_01KSQVBWNR3NNXTJ6N01J2KE1V,natco-almond-oil-250ml,,,250ml,Natco - Almond Oil,,Pure cooking oil from Natco Foods. Essential for Indian cooking and frying.,Natco,cooking_oils_ghee,,vegetarian;vegan;gluten-free,,tree-nuts,See product packaging for full ingredients list,,India,250,ml,/uploads/natco_almond-oil-250ml.png,,A,,natco,0,,true,published,Default,C2280
6666591010888,variant_01KSQVBWSW8W5YVQVPX7C2R1E3,natco-castor-oil-250ml,,,250ml,Natco - Castor Oil,,Pure cooking oil from Natco Foods. Essential for Indian cooking and frying.,Natco,cooking_oils_ghee,,vegetarian;vegan;gluten-free,,,See product packaging for full ingredients list,,India,250,ml,/uploads/natco_castor-oil-250ml.png,,A,,natco,0,,true,published,Default,C2250
6666589536328,variant_01KSQVBWY7VNHN291FBG82KDBK,natco-pure-linseed-oil-250ml,,,250ml,Natco - Pure Linseed Oil,,Pure cooking oil from Natco Foods. Essential for Indian cooking and frying.,Natco,cooking_oils_ghee,,vegetarian;vegan;gluten-free,,,See product packaging for full ingredients list,,India,250,ml,/uploads/natco_pure-linseed-oil-250ml.png,,A,,natco,0,,true,published,Default,C2265
6666589306952,variant_01KSQVBX1XB3BBZP0WEJ4NYY8S,natco-groundnut-oil-1-litre,,,1 Litre,Natco - Groundnut Oil,,Pure cooking oil from Natco Foods. Essential for Indian cooking and frying.,Natco,cooking_oils_ghee,,vegetarian;vegan;gluten-free,,tree-nuts;peanuts,See product packaging for full ingredients list,,India,1,l,/uploads/natco_groundnut-oil-1-litre.png,,A,,natco,0,,true,published,Default,C2210
6666589044808,variant_01KSQVBX69PHSGX60MZVG0DK07,natco-pure-sesame-oil-1-litre,,,1 Litre,Natco - Pure Sesame Oil,,Pure cooking oil from Natco Foods. Essential for Indian cooking and frying.,Natco,cooking_oils_ghee,,vegetarian;vegan;gluten-free,,sesame,See product packaging for full ingredients list,,India,1,l,/uploads/natco_pure-sesame-oil-1-litre.png,,A,,natco,0,,true,published,Default,C2260
6666589044808,variant_01KSQVBXAVJVF8KFBRDF6R91AE,natco-pure-sesame-oil-250ml,,,250ml,Natco - Pure Sesame Oil,,Pure cooking oil from Natco Foods. Essential for Indian cooking and frying.,Natco,cooking_oils_ghee,,vegetarian;vegan;gluten-free,,sesame,See product packaging for full ingredients list,,India,250,ml,/uploads/natco_pure-sesame-oil-250ml.png,,A,,natco,0,,true,published,Default,C2255
4583223296072,variant_01KSQVBXF5J61WM4ECRAGQTBHP,natco-pomace-olive-oil-blenditres,,,,Natco - Pomace Olive Oil Blend 3 Litres,,Pure cooking oil from Natco Foods. Essential for Indian cooking and frying.,Natco,cooking_oils_ghee,,vegetarian;vegan;gluten-free,,,See product packaging for full ingredients list,,India,,,/uploads/natco_pomace-olive-oil-blend-3-litres.png,,A,,natco,0,,true,published,Default,C2110
4583223263304,variant_01KSQVBXKNXF3QAY3VP4R8AJYX,natco-pomace-olive-oil-5-litre,,,5 Litre,Natco - Pomace Olive Oil,,Pure cooking oil from Natco Foods. Essential for Indian cooking and frying.,Natco,cooking_oils_ghee,,vegetarian;vegan;gluten-free,,,See product packaging for full ingredients list,,India,5,l,/uploads/natco_pomace-olive-oil-5-litre.png,,A,,natco,0,,true,published,Default,C2105
4583223263304,variant_01KSQVC21VBB010XEMWKBG7T05,natco-pomace-olive-oil-1-litre,,,1 Litre,Natco - Pomace Olive Oil,,Pure cooking oil from Natco Foods. Essential for Indian cooking and frying.,Natco,cooking_oils_ghee,,vegetarian;vegan;gluten-free,,,See product packaging for full ingredients list,,India,1,l,/uploads/natco_pomace-olive-oil-1-litre.jpg,,A,,natco,0,,true,published,Default,C2115
4567664558152,variant_01KSQVBXQ6KM64MRVARWKCGHW2,natco-cashew-roasted-salted-250g,,,250g,Natco - Cashew Roasted Salted,,Roasted and seasoned nuts from Natco Foods. Delicious and satisfying snacks.,Natco,nuts_dried_fruits,,vegetarian;vegan;gluten-free,,tree-nuts,See product packaging for full ingredients list,,India,250,g,/uploads/natco_cashew-roasted-salted-250g.jpg,,A,,natco,0,,true,published,Default,N2615
4567669866568,variant_01KSQVBXVCHJBZ035QE2N2D5K9,natco-chapati-flour-white-15kg,,,1.5kg,Natco - Chapati Flour White,,Stone-ground flour from Natco Foods. Perfect for Indian breads; batters; and baking.,Natco,atta_flour,,vegetarian;vegan,,gluten,See product packaging for full ingredients list,,India,1.5,kg,/uploads/natco_chapati-flour-white-15kg.jpg,,A,,natco,0,,true,published,Default,F1150
4567669833800,variant_01KSQVBXZKPQZ8Z7XE6SJDZ1XR,natco-chapati-flour-medium-15kg,,,1.5kg,Natco - Chapati Flour Medium,,Stone-ground flour from Natco Foods. Perfect for Indian breads; batters; and baking.,Natco,atta_flour,,vegetarian;vegan,,gluten,See product packaging for full ingredients list,,India,1.5,kg,/uploads/natco_chapati-flour-medium-15kg.jpg,,A,,natco,0,,true,published,Default,F1250
4567669342280,variant_01KSQVBY40QXCC1VM1T8HTR7C2,natco-white-maize-meal-15kg,,,1.5kg,Natco - White Maize Meal,,Stone-ground flour from Natco Foods. Perfect for Indian breads; batters; and baking.,Natco,speciality_flours_grains,,vegetarian;vegan,,,See product packaging for full ingredients list,,India,1.5,kg,/uploads/natco_white-maize-meal-15kg.jpg,,A,,natco,0,,true,published,Default,F2320
4567669309512,variant_01KSQVBY8CCYTWQFWEYAZ0KVFG,natco-gram-flour-superfine-2kg,,,2kg,Natco - Gram Flour Superfine,,Our products are manufactured in a site that handles gluten; soya;./images/natco_gram-flour-superfine-2kg.jpg; nuts; peanuts; sesame; mustard; celery and sulphites.,Natco,gram_flour_besan,,vegetarian;vegan,,gluten,See product packaging for full ingredients list,,India,2,kg,/uploads/natco_gram-flour-superfine-2kg.jpg,,A,,natco,0,,true,published,Default,F3253
4567669309512,variant_01KSQVBYCQBXMJFR4Y2SJ5MVYJ,natco-gram-flour-superfine-1kg,,,1kg,Natco - Gram Flour Superfine,,Our products are manufactured in a site that handles gluten; soya;./images/natco_gram-flour-superfine-1kg.jpg; nuts; peanuts; sesame; mustard; celery and sulphites.,Natco,gram_flour_besan,,vegetarian;vegan,,gluten,See product packaging for full ingredients list,,India,1,kg,/uploads/natco_gram-flour-superfine-1kg.jpg,,A,,natco,0,,true,published,Default,F3263
4567669309512,variant_01KSQVBYG6RGAX61TS39W5ACKE,natco-gram-flour-superfine-500g,,,500g,Natco - Gram Flour Superfine,,Our products are manufactured in a site that handles gluten; soya;./images/natco_gram-flour-superfine-500g.jpg; nuts; peanuts; sesame; mustard; celery and sulphites.,Natco,gram_flour_besan,,vegetarian;vegan,,gluten,See product packaging for full ingredients list,,India,500,g,/uploads/natco_gram-flour-superfine-500g.jpg,,A,,natco,0,,true,published,Default,F3273
4567669047368,variant_01KSQVBYM9AJPBZA2SFKE03702,natco-gram-flour-papa-brand-2kg,,,2kg,Natco - Gram Flour (Papa brand),,Our products are manufactured in a site that handles gluten; soya;./images/natco_gram-flour-papa-brand-2kg.jpg; nuts; peanuts; sesame; mustard; celery and sulphites.,Natco,gram_flour_besan,,vegetarian;vegan,,gluten,See product packaging for full ingredients list,,India,2,kg,/uploads/natco_gram-flour-papa-brand-2kg.jpg,,A,,natco,0,,true,published,Default,F3353
4567668981832,variant_01KSQVBYRKYW0ZFXZXVF0GAAT5,natco-ground-rice-15kg,,,1.5kg,Natco - Ground Rice,,Stone-ground flour from Natco Foods. Perfect for Indian breads; batters; and baking.,Natco,speciality_flours_grains,,vegetarian;vegan,,,See product packaging for full ingredients list,,India,1.5,kg,/uploads/natco_ground-rice-15kg.jpg,,A,,natco,0,,true,published,Default,F4150
4567668981832,variant_01KSQVBYWVT3N5V54Q1T1GP5KD,natco-ground-rice-500g,,,500g,Natco - Ground Rice,,Stone-ground flour from Natco Foods. Perfect for Indian breads; batters; and baking.,Natco,speciality_flours_grains,,vegetarian;vegan,,,See product packaging for full ingredients list,,India,500,g,/uploads/natco_ground-rice-500g.png,,A,,natco,0,,true,published,Default,F4160
4567668850760,variant_01KSQVBZ10W8WEGCRX1PYPVSNN,natco-rice-flour-500g,,,500g,Natco - Rice Flour,,Stone-ground flour from Natco Foods. Perfect for Indian breads; batters; and baking.,Natco,speciality_flours_grains,,vegetarian;vegan,,,See product packaging for full ingredients list,,India,500,g,/uploads/natco_rice-flour-500g.jpg,,A,,natco,0,,true,published,Default,F5160
4567668817992,variant_01KSQVBZ54C9H36F1281M0QZVY,natco-semolina-fine-15kg,,,1.5kg,Natco - Semolina Fine,,Stone-ground flour from Natco Foods. Perfect for Indian breads; batters; and baking.,Natco,semolina_rava,,vegetarian;vegan,,gluten,See product packaging for full ingredients list,,India,1.5,kg,/uploads/natco_semolina-fine-15kg.jpg,,A,,natco,0,,true,published,Default,F6150
4567668817992,variant_01KSQVBZ8Q1KYJ5EG2WRPE7WT5,natco-semolina-fine-500g,,,500g,Natco - Semolina Fine,,Stone-ground flour from Natco Foods. Perfect for Indian breads; batters; and baking.,Natco,semolina_rava,,vegetarian;vegan,,gluten,See product packaging for full ingredients list,,India,500,g,/uploads/natco_semolina-fine-500g.png,,A,,natco,0,,true,published,Default,F6160
4567668719688,variant_01KSQVBZD0ZSX73HE1A481JNCA,natco-semolina-coarse-15kg,,,1.5kg,Natco - Semolina Coarse,,Stone-ground flour from Natco Foods. Perfect for Indian breads; batters; and baking.,Natco,semolina_rava,,vegetarian;vegan,,gluten,See product packaging for full ingredients list,,India,1.5,kg,/uploads/natco_semolina-coarse-15kg.jpg,,A,,natco,0,,true,published,Default,F6250
4567668719688,variant_01KSQVBZGJSYBN4K12F2048Q6A,natco-semolina-coarse-500g,,,500g,Natco - Semolina Coarse,,Stone-ground flour from Natco Foods. Perfect for Indian breads; batters; and baking.,Natco,semolina_rava,,vegetarian;vegan,,gluten,See product packaging for full ingredients list,,India,500,g,/uploads/natco_semolina-coarse-500g.jpg,,A,,natco,0,,true,published,Default,F6260
4567668621384,variant_01KSQVBZMTQ8E6BV6QSRM06MDZ,natco-semolina-extra-coarse-15kg,,,1.5kg,Natco - Semolina Extra Coarse,,Stone-ground flour from Natco Foods. Perfect for Indian breads; batters; and baking.,Natco,semolina_rava,,vegetarian;vegan,,gluten,See product packaging for full ingredients list,,India,1.5,kg,/uploads/natco_semolina-extra-coarse-15kg.jpg,,A,,natco,0,,true,published,Default,F6350
4567668555848,variant_01KSQVBZQYN0DAYXSEFQ7N2Q70,natco-millet-bajri-flour-900g,,,900g,Natco - Millet (Bajri) Flour,,Stone-ground flour from Natco Foods. Perfect for Indian breads; batters; and baking.,Natco,speciality_flours_grains,,vegetarian;vegan,,,See product packaging for full ingredients list,,India,900,g,/uploads/natco_millet-bajri-flour-900g.jpg,,A,,natco,0,,true,published,Default,F7115
4567668326472,variant_01KSQVBZW716TRXB6QAX7YQA5Z,natco-milk-powder-750g,,,750g,Natco - Milk Powder,,Stone-ground flour from Natco Foods. Perfect for Indian breads; batters; and baking.,Natco,baking_essences_colours,,vegetarian,,milk,See product packaging for full ingredients list,,India,750,g,/uploads/natco_milk-powder-750g.jpg,,A,,natco,0,,true,published,Default,G1050
4567668326472,variant_01KSQVC00M5T967E3P78JQXEYX,natco-milk-powder-300g,,,300g,Natco - Milk Powder,,Stone-ground flour from Natco Foods. Perfect for Indian breads; batters; and baking.,Natco,baking_essences_colours,,vegetarian,,milk,See product packaging for full ingredients list,,India,300,g,/uploads/natco_milk-powder-300g.png,,A,,natco,0,,true,published,Default,G1060
4567667769416,variant_01KSQVC03P828KJ3B0SNRYDBJY,natco-rose-syrup-725ml,,,725ml,Natco - Rose Syrup,,Food-grade colouring and flavouring essence from Natco Foods. Ideal for baking and desserts.,Natco,baking_essences_colours,,vegetarian,,,See product packaging for full ingredients list,,India,725,ml,/uploads/natco_rose-syrup-725ml.jpg,,A,,natco,0,,true,published,Default,J3003
4567656104008,variant_01KSQVC07MVR5EBN65P3W88A1Z,natco-yellow-food-colouring-powder-25g,,,25g,Natco - Yellow Food Colouring - Powder,,Food-grade colouring and flavouring essence from Natco Foods. Ideal for baking and desserts.,Natco,baking_essences_colours,,vegetarian,,,See product packaging for full ingredients list,,India,25,g,/uploads/natco_yellow-food-colouring-powder-25g.jpg,,A,,natco,0,,true,published,Default,V1124
4567656071240,variant_01KSQVC0AK8Y91TMNZBK4BSAMG,natco-orange-food-colouring-powder-25g,,,25g,Natco - Orange Food Colouring - Powder,,Food-grade colouring and flavouring essence from Natco Foods. Ideal for baking and desserts.,Natco,baking_essences_colours,,vegetarian,,,See product packaging for full ingredients list,,India,25,g,/uploads/natco_orange-food-colouring-powder-25g.jpg,,A,,natco,0,,true,published,Default,V1128
4567656005704,variant_01KSQVC0DPP2PG3V9ADH1HA7W7,natco-red-food-colouring-powder-25g,,,25g,Natco - Red Food Colouring - Powder,,Food-grade colouring and flavouring essence from Natco Foods. Ideal for baking and desserts.,Natco,baking_essences_colours,,vegetarian,,,See product packaging for full ingredients list,,India,25,g,/uploads/natco_red-food-colouring-powder-25g.jpg,,A,,natco,0,,true,published,Default,V1132
4567655972936,variant_01KSQVC0HT74NBPXT8EPW5SA74,natco-green-food-colouring-powder-25g,,,25g,Natco - Green Food Colouring - Powder,,Food-grade colouring and flavouring essence from Natco Foods. Ideal for baking and desserts.,Natco,baking_essences_colours,,vegetarian,,,See product packaging for full ingredients list,,India,25,g,/uploads/natco_green-food-colouring-powder-25g.jpg,,A,,natco,0,,true,published,Default,V1136
4567655874632,variant_01KSQVC0P108475YAGQ7WFXWK0,natco-orange-food-colouring-liquid-28ml,,,28ml,Natco - Orange Food Colouring - Liquid,,Food-grade colouring and flavouring essence from Natco Foods. Ideal for baking and desserts.,Natco,baking_essences_colours,,vegetarian,,,See product packaging for full ingredients list,,India,28,ml,/uploads/natco_orange-food-colouring-liquid-28ml.jpg,,A,,natco,0,,true,published,Default,V1152
4567655841864,variant_01KSQVC0T8QEZDDT5A9FC4MYFB,natco-red-food-colouring-liquid-28ml,,,28ml,Natco - Red Food Colouring - Liquid,,Food-grade colouring and flavouring essence from Natco Foods. Ideal for baking and desserts.,Natco,baking_essences_colours,,vegetarian,,,See product packaging for full ingredients list,,India,28,ml,/uploads/natco_red-food-colouring-liquid-28ml.jpg,,A,,natco,0,,true,published,Default,V1156
4567655743560,variant_01KSQVC0XXR2XHDE5Z8QEE6GH7,natco-green-food-colouring-liquid-28ml,,,28ml,Natco - Green Food Colouring - Liquid,,Food-grade colouring and flavouring essence from Natco Foods. Ideal for baking and desserts.,Natco,baking_essences_colours,,vegetarian,,,See product packaging for full ingredients list,,India,28,ml,/uploads/natco_green-food-colouring-liquid-28ml.jpg,,A,,natco,0,,true,published,Default,V1160
4567655678024,variant_01KSQVC11FS0B2C1H0F2VCMWG6,natco-vanilla-flavouring-essence-28ml,,,28ml,Natco - Vanilla Flavouring Essence,,Food-grade colouring and flavouring essence from Natco Foods. Ideal for baking and desserts.,Natco,baking_essences_colours,,vegetarian,,,See product packaging for full ingredients list,,India,28,ml,/uploads/natco_vanilla-flavouring-essence-28ml.jpg,,A,,natco,0,,true,published,Default,V1172
4567655612488,variant_01KSQVC14VR14MZJ4R9ERERSZC,natco-almond-flavouring-essence-28ml,,,28ml,Natco - Almond Flavouring Essence,,Food-grade colouring and flavouring essence from Natco Foods. Ideal for baking and desserts.,Natco,baking_essences_colours,,vegetarian,,tree-nuts,See product packaging for full ingredients list,,India,28,ml,/uploads/natco_almond-flavouring-essence-28ml.jpg,,A,,natco,0,,true,published,Default,V1176
4567655514184,variant_01KSQVC182K0SPVAB5QTEDZJFK,natco-rose-flavouring-essence-28ml,,,28ml,Natco - Rose Flavouring Essence,,Food-grade colouring and flavouring essence from Natco Foods. Ideal for baking and desserts.,Natco,baking_essences_colours,,vegetarian,,,See product packaging for full ingredients list,,India,28,ml,/uploads/natco_rose-flavouring-essence-28ml.jpg,,A,,natco,0,,true,published,Default,V1182
4567655448648,variant_01KSQVC1BM5G7FGF9Y1XCX9YFS,natco-strawberry-flavouring-essence-28ml,,,28ml,Natco - Strawberry Flavouring Essence,,Food-grade colouring and flavouring essence from Natco Foods. Ideal for baking and desserts.,Natco,baking_essences_colours,,vegetarian,,,See product packaging for full ingredients list,,India,28,ml,/uploads/natco_strawberry-flavouring-essence-28ml.jpg,,A,,natco,0,,true,published,Default,V1188
4567655383112,variant_01KSQVC1F8J4RKMGC9QACNB6FS,natco-pineapple-flavouring-essence-28ml,,,28ml,Natco - Pineapple Flavouring Essence,,Food-grade colouring and flavouring essence from Natco Foods. Ideal for baking and desserts.,Natco,baking_essences_colours,,vegetarian,,,See product packaging for full ingredients list,,India,28,ml,/uploads/natco_pineapple-flavouring-essence-28ml.jpg,,A,,natco,0,,true,published,Default,V1192
4567655284808,variant_01KSQVC1JH1K8R6C5VJSTNYTWJ,natco-kevda-water-310ml,,,310ml,Natco - Kevda Water,,Food-grade colouring and flavouring essence from Natco Foods. Ideal for baking and desserts.,Natco,baking_essences_colours,,vegetarian,,,See product packaging for full ingredients list,,India,310,ml,/uploads/natco_kevda-water-310ml.jpg,,A,,natco,0,,true,published,Default,V3205
4567655219272,variant_01KSQVC1PQGPNPW3JPXZFMQ6D1,natco-rose-water-310ml,,,310ml,Natco - Rose Water,,Food-grade colouring and flavouring essence from Natco Foods. Ideal for baking and desserts.,Natco,baking_essences_colours,,vegetarian,,,See product packaging for full ingredients list,,India,310,ml,/uploads/natco_rose-water-310ml.jpg,,A,,natco,0,,true,published,Default,V6105
4567672127560,variant_01KSQVC1SZ44KZ4R0JVNFWTNGJ,natco-ghee-pure-plough-brand-500g,,,500g,Natco - Ghee Pure (Plough brand),,Pure cooking oil from Natco Foods. Essential for Indian cooking and frying.,Natco,cooking_oils_ghee,,vegetarian;vegan;gluten-free,,milk,See product packaging for full ingredients list,,India,500,g,/uploads/natco_ghee-pure-plough-brand-500g.jpg,,A,,natco,0,,true,published,Default,C1435
4567672029256,variant_01KSQVC1Y0ASK5JZH3W57Q838D,natco-ghee-pure-butter-1kg,,,1kg,Natco - Ghee Pure Butter,,Pure cooking oil from Natco Foods. Essential for Indian cooking and frying.,Natco,cooking_oils_ghee,,vegetarian;vegan;gluten-free,,milk,See product packaging for full ingredients list,,India,1,kg,/uploads/natco_ghee-pure-butter-1kg.jpg,,A,,natco,0,,true,published,Default,C1510
4567671865416,variant_01KSQVC2691CSK42X0SVST4Q0E,natco-olive-oil-extra-virgin-500ml,,,500ml,Natco - Olive Oil Extra Virgin,,Pure cooking oil from Natco Foods. Essential for Indian cooking and frying.,Natco,cooking_oils_ghee,,vegetarian;vegan;gluten-free,,,See product packaging for full ingredients list,,India,500,ml,/uploads/natco_olive-oil-extra-virgin-500ml.jpg,,A,,natco,0,,true,published,Default,C2117
4641506558024,variant_01KSQVC2ADHDST0NP6HEDNE2MT,natco-mamra-basmati-908g,,,908g,Natco - Mamra Basmati,,High-quality rice from Natco Foods. A pantry essential for everyday meals.,Natco,basmati_rice,,vegetarian;vegan;gluten-free,,,See product packaging for full ingredients list,,India,908,g,/uploads/natco_mamra-basmati-908g.jpg,,A,,natco,0,,true,published,Default,R6910
4641506558024,variant_01KSQVC2DP87TWAA0ZANM65MYN,natco-mamra-basmati-200g,,,200g,Natco - Mamra Basmati,,High-quality rice from Natco Foods. A pantry essential for everyday meals.,Natco,basmati_rice,,vegetarian;vegan;gluten-free,,,See product packaging for full ingredients list,,India,200,g,/uploads/natco_mamra-basmati-200g.jpg,,A,,natco,0,,true,published,Default,R6960
4567667474504,variant_01KSQVC2NE91VCAAKBT9Q76ZKW,natco-butter-beans-2kg,,,2kg,Natco - Butter Beans,,Premium dried pulses from Natco Foods. Rich in protein; essential for Indian dal and curries.,Natco,beans_peas_pulses,,vegetarian;vegan;gluten-free,,milk,See product packaging for full ingredients list,,India,2,kg,/uploads/natco_butter-beans-2kg.png,,A,,natco,0,,true,published,Default,L1350
4567667474504,variant_01KSQVC2SNKNN0MHK23TRN016V,natco-butter-beans-500g,,,500g,Natco - Butter Beans,,Premium dried pulses from Natco Foods. Rich in protein; essential for Indian dal and curries.,Natco,beans_peas_pulses,,vegetarian;vegan;gluten-free,,milk,See product packaging for full ingredients list,,India,500,g,/uploads/natco_butter-beans-500g.png,,A,,natco,0,,true,published,Default,L1360
4567667376200,variant_01KSQVC2XD7NCBMPHWKWRC8MFB,natco-brown-lentils-2kg,,,2kg,Natco - Brown Lentils,,Premium dried pulses from Natco Foods. Rich in protein; essential for Indian dal and curries.,Natco,lentils_dals,,vegetarian;vegan;gluten-free,,sesame,See product packaging for full ingredients list,,India,2,kg,/uploads/natco_brown-lentils-2kg.png,,A,,natco,0,,true,published,Default,L1550
4567667376200,variant_01KSQVC31Z9JYJ229TST36BN03,natco-brown-lentils-500g,,,500g,Natco - Brown Lentils,,Premium dried pulses from Natco Foods. Rich in protein; essential for Indian dal and curries.,Natco,lentils_dals,,vegetarian;vegan;gluten-free,,sesame,See product packaging for full ingredients list,,India,500,g,/uploads/natco_brown-lentils-500g.jpg,,A,,natco,0,,true,published,Default,L1560
4567667310664,variant_01KSQVC354G60XKT7MBYQG3S5P,natco-chanadal-polished-2kg,,,2kg,Natco - Chanadal Polished,,Our products are manufactured in a site that handles gluten; soya;./images/natco_chanadal-polished-2kg.jpg; nuts; peanuts; sesame; mustard; celery and sulphites.,Natco,lentils_dals,,vegetarian;vegan;gluten-free,,,See product packaging for full ingredients list,,India,2,kg,/uploads/natco_chanadal-polished-2kg.jpg,,A,,natco,0,,true,published,Default,L2160
4567667310664,variant_01KSQVC39CG2DRT3AK7V876ZH4,natco-chanadal-polished-1kg,,,1kg,Natco - Chanadal Polished,,Our products are manufactured in a site that handles gluten; soya;./images/natco_chanadal-polished-1kg.jpg; nuts; peanuts; sesame; mustard; celery and sulphites.,Natco,lentils_dals,,vegetarian;vegan;gluten-free,,,See product packaging for full ingredients list,,India,1,kg,/uploads/natco_chanadal-polished-1kg.jpg,,A,,natco,0,,true,published,Default,L2178
4567667212360,variant_01KSQVC3EKATMD16QXGQ8MW35J,natco-green-lentils-1kg,,,1kg,Natco - Green Lentils,,Our products are manufactured in a site that handles gluten; soya;./images/natco_green-lentils-1kg.jpg; nuts; peanuts; sesame; mustard; celery and sulphites.,Natco,lentils_dals,,vegetarian;vegan;gluten-free,,sesame,See product packaging for full ingredients list,,India,1,kg,/uploads/natco_green-lentils-1kg.jpg,,A,,natco,0,,true,published,Default,L3548
4567667212360,variant_01KSQVC3MC53D42R8VS846QTWA,natco-green-lentils-2kg,,,2kg,Natco - Green Lentils,,Our products are manufactured in a site that handles gluten; soya;./images/natco_green-lentils-2kg.jpg; nuts; peanuts; sesame; mustard; celery and sulphites.,Natco,lentils_dals,,vegetarian;vegan;gluten-free,,sesame,See product packaging for full ingredients list,,India,2,kg,/uploads/natco_green-lentils-2kg.jpg,,A,,natco,0,,true,published,Default,L3550
4567667081288,variant_01KSQVC3QV99YS6VCNSS5TY05F,natco-mung-beans-1kg,,,1kg,Natco - Mung Beans,,Premium dried pulses from Natco Foods. Rich in protein; essential for Indian dal and curries.,Natco,beans_peas_pulses,,vegetarian;vegan;gluten-free,,,See product packaging for full ingredients list,,India,1,kg,/uploads/natco_mung-beans-1kg.jpg,,A,,natco,0,,true,published,Default,L4157
4567667081288,variant_01KSQVC3X3DXC6D32K5JD8QXFH,natco-mung-beans-2kg,,,2kg,Natco - Mung Beans,,Premium dried pulses from Natco Foods. Rich in protein; essential for Indian dal and curries.,Natco,beans_peas_pulses,,vegetarian;vegan;gluten-free,,,See product packaging for full ingredients list,,India,2,kg,/uploads/natco_mung-beans-2kg.jpg,,A,,natco,0,,true,published,Default,L4160
4567666982984,variant_01KSQVC41HXWKWA4YZG0M3HSM7,natco-mung-split-2kg,,,2kg,Natco - Mung Split,,Premium dried pulses from Natco Foods. Rich in protein; essential for Indian dal and curries.,Natco,lentils_dals,,vegetarian;vegan;gluten-free,,,See product packaging for full ingredients list,,India,2,kg,/uploads/natco_mung-split-2kg.jpg,,A,,natco,0,,true,published,Default,L4250
4567666982984,variant_01KSQVC45T5G3P184EAFZFFANK,natco-mung-split-500g,,,500g,Natco - Mung Split,,Premium dried pulses from Natco Foods. Rich in protein; essential for Indian dal and curries.,Natco,lentils_dals,,vegetarian;vegan;gluten-free,,,See product packaging for full ingredients list,,India,500,g,/uploads/natco_mung-split-500g.jpg,,A,,natco,0,,true,published,Default,L4260
4567666917448,variant_01KSQVC4A5A1E7R09S2KMZRXA2,natco-mung-dal-yellow-1kg,,,1kg,Natco - Mung Dal Yellow,,Our products are manufactured in a site that handles gluten; soya;./images/natco_mung-dal-yellow-1kg.jpg; nuts; peanuts; sesame; mustard; celery and sulphites.,Natco,lentils_dals,,vegetarian;vegan;gluten-free,,,See product packaging for full ingredients list,,India,1,kg,/uploads/natco_mung-dal-yellow-1kg.jpg,,A,,natco,0,,true,published,Default,L4368
4567666917448,variant_01KSW8AYXH6PWJDDTKHRJ6D2X2,natco-mung-dal-yellow-2kg,,,2kg,Natco - Mung Dal Yellow,,Mung Dal Yellow is the split mung bean; and is a popular dal to cook as it is quick to soften It is often used to make kitcheri; a rice and lentil dish; of which there are many different recipes depending on the region and particular chef. Foundation Earth has given Natco Mung Dal Yellow a B rating meaning that it is a very environmentally sustainable product. Foundation Earth gives each product a rating from A+ to G by assessing the farming; processing; packaging and transport. Foundation Ear,Natco,lentils_dals,,vegetarian;vegan;gluten-free,,,Mung Dal Yellow 2kg,,India,2,kg,/uploads/natco_mung-dal-yellow-1kg.jpg,,B,,natco,0,,true,published,Default,L4370
4567661445192,variant_01KSQVC4DWNKVVZD9AK2TGZBB1,natco-gram-roasted-unsalted-300g,,,300g,Natco - Gram Roasted Unsalted,,Traditional Indian savoury snacks from Natco Foods. Perfect tea-time treats.,Natco,nuts_dried_fruits,,vegetarian,,,See product packaging for full ingredients list,,India,300,g,/uploads/natco_gram-roasted-unsalted-300g.jpg,,A,,natco,0,,true,published,Default,R4150
4567661412424,variant_01KSQVC4JBTQYFWPPACCK34PAG,natco-gram-roasted-salted-300g,,,300g,Natco - Gram Roasted Salted,,Traditional Indian savoury snacks from Natco Foods. Perfect tea-time treats.,Natco,nuts_dried_fruits,,vegetarian,,,See product packaging for full ingredients list,,India,300,g,/uploads/natco_gram-roasted-salted-300g.jpg,,A,,natco,0,,true,published,Default,R4160
4567661379656,variant_01KSQVC4PK1R0ZQRCB808WTCVM,natco-daria-gotta-small-300g,,,300g,Natco - Daria Gotta (Small),,Traditional Indian savoury snacks from Natco Foods. Perfect tea-time treats.,Natco,nuts_dried_fruits,,vegetarian,,,See product packaging for full ingredients list,,India,300,g,/uploads/natco_daria-gotta-small-300g.png,,A,,natco,0,,true,published,Default,R4200
4567661314120,variant_01KSQVC4T4E4SY3JP64BFQM47G,natco-daria-gotta-large-700g,,,700g,Natco - Daria Gotta (Large),,Traditional Indian savoury snacks from Natco Foods. Perfect tea-time treats.,Natco,nuts_dried_fruits,,vegetarian,,,See product packaging for full ingredients list,,India,700,g,/uploads/natco_daria-gotta-large-700g.jpg,,A,,natco,0,,true,published,Default,R4220
4567661248584,variant_01KSQVC4YA29KETJHBHHTV8ZZY,natco-daria-dal-300g,,,300g,Natco - Daria Dal,,Traditional Indian savoury snacks from Natco Foods. Perfect tea-time treats.,Natco,lentils_dals,,vegetarian,,,See product packaging for full ingredients list,,India,300,g,/uploads/natco_daria-dal-300g.jpg,,A,,natco,0,,true,published,Default,R4300
4641502855240,variant_01KSQVC52JS1NYN4TR3045JQ96,natco-pine-nuts-75g,,,75g,Natco - Pine Nuts,,Premium nuts from Natco Foods. Perfect for snacking; cooking; and baking.,Natco,nuts_dried_fruits,,vegetarian;vegan;gluten-free,,tree-nuts,See product packaging for full ingredients list,,India,75,g,/uploads/natco_pine-nuts-75g.png,,A,,natco,0,,true,published,Default,N1705
4567664656456,variant_01KSQVC5656R4KZK6XEC97WN0J,natco-cashew-split-1kg,,,1kg,Natco - Cashew Split,,Premium nuts from Natco Foods. Perfect for snacking; cooking; and baking.,Natco,nuts_dried_fruits,,vegetarian;vegan;gluten-free,,tree-nuts,See product packaging for full ingredients list,,India,1,kg,/uploads/natco_cashew-split-1kg.jpg,,A,,natco,0,,true,published,Default,N2350
4567664885832,variant_01KSQVC59QE8WDQSASK0R1CTVS,natco-almond-blanched-whole-250g,,,250g,Natco - Almond Blanched Whole,,Premium nuts from Natco Foods. Perfect for snacking; cooking; and baking.,Natco,nuts_dried_fruits,,vegetarian;vegan;gluten-free,,tree-nuts,See product packaging for full ingredients list,,India,250,g,/uploads/natco_almond-blanched-whole-250g.jpg,,A,,natco,0,,true,published,Default,N1420
4567664689224,variant_01KSQVC5E7YAAPFMS0P895HC33,natco-cashew-kernel-300g,,,300g,Natco - Cashew Kernel,,Our products are manufactured in a site that handles gluten; soya;./images/natco_cashew-kernel-300g.jpg; nuts; peanuts; sesame; mustard; celery and sulphites.,Natco,nuts_dried_fruits,,vegetarian;vegan;gluten-free,,tree-nuts,See product packaging for full ingredients list,,India,300,g,/uploads/natco_cashew-kernel-300g.jpg,,A,,natco,0,,true,published,Default,N2260
4567664689224,variant_01KSQVC6N78QKCPAWG9V83NSWK,natco-cashew-kernel-1kg,,,1kg,Natco - Cashew Kernel,,Our products are manufactured in a site that handles gluten; soya;./images/natco_cashew-kernel-1kg.jpg; nuts; peanuts; sesame; mustard; celery and sulphites.,Natco,nuts_dried_fruits,,vegetarian;vegan;gluten-free,,tree-nuts,See product packaging for full ingredients list,,India,1,kg,/uploads/natco_cashew-kernel-1kg.jpg,,A,,natco,0,,true,published,Default,N2250
4567665115208,variant_01KSQVC5HJCH6FJ13BAQ2EVSAR,natco-almonds-1kg,,,1kg,Natco - Almonds,,Our products are manufactured in a site that handles gluten; soya;./images/natco_almonds-1kg.jpg; nuts; peanuts; sesame; mustard; celery and sulphites.,Natco,nuts_dried_fruits,,vegetarian;vegan;gluten-free,,tree-nuts,See product packaging for full ingredients list,,India,1,kg,/uploads/natco_almonds-1kg.jpg,,A,,natco,0,,true,published,Default,N1140
4567665115208,variant_01KSQVC5NYV50SK3Y1WXQRCAFK,natco-almonds-400g,,,400g,Natco - Almonds,,Our products are manufactured in a site that handles gluten; soya;./images/natco_almonds-400g.jpg; nuts; peanuts; sesame; mustard; celery and sulphites.,Natco,nuts_dried_fruits,,vegetarian;vegan;gluten-free,,tree-nuts,See product packaging for full ingredients list,,India,400,g,/uploads/natco_almonds-400g.jpg,,A,,natco,0,,true,published,Default,N1160
4567665016904,variant_01KSQVC5SATM8K4CE9KCJKTFZ8,natco-almonds-ground-300g,,,300g,Natco - Almonds Ground,,Premium nuts from Natco Foods. Perfect for snacking; cooking; and baking.,Natco,nuts_dried_fruits,,vegetarian;vegan;gluten-free,,tree-nuts,See product packaging for full ingredients list,,India,300,g,/uploads/natco_almonds-ground-300g.png,,A,,natco,0,,true,published,Default,N1260
4567664984136,variant_01KSQVC5WZ96GPRD57JHK9QGQ9,natco-almond-flakes-1kg,,,1kg,Natco - Almond Flakes,,Premium nuts from Natco Foods. Perfect for snacking; cooking; and baking.,Natco,nuts_dried_fruits,,vegetarian;vegan;gluten-free,,tree-nuts,See product packaging for full ingredients list,,India,1,kg,/uploads/natco_almond-flakes-1kg.jpg,,A,,natco,0,,true,published,Default,N1350
4567664984136,variant_01KSQVC6172ZSXHH00GBRHFHNJ,natco-almond-flakes-300g,,,300g,Natco - Almond Flakes,,Premium nuts from Natco Foods. Perfect for snacking; cooking; and baking.,Natco,nuts_dried_fruits,,vegetarian;vegan;gluten-free,,tree-nuts,See product packaging for full ingredients list,,India,300,g,/uploads/natco_almond-flakes-300g.jpg,,A,,natco,0,,true,published,Default,N1360
4567664918600,variant_01KSQVC65G0VMM85V6VGE98W6Z,natco-blanched-almond-whole-700g,,,700g,Natco - Blanched Almond Whole,,Premium nuts from Natco Foods. Perfect for snacking; cooking; and baking.,Natco,nuts_dried_fruits,,vegetarian;vegan;gluten-free,,tree-nuts,See product packaging for full ingredients list,,India,700,g,/uploads/natco_blanched-almond-whole-700g.jpg,,A,,natco,0,,true,published,Default,N1410
4567664820296,variant_01KSQVC6A5ZVV30TY3XBESBSQM,natco-pecans-200g,,,200g,Natco - Pecans,,Premium nuts from Natco Foods. Perfect for snacking; cooking; and baking.,Natco,nuts_dried_fruits,,vegetarian;vegan;gluten-free,,tree-nuts,See product packaging for full ingredients list,,India,200,g,/uploads/natco_pecans-200g.jpg,,A,,natco,0,,true,published,Default,N1550
4567664787528,variant_01KSQVC6DCHHZG7BP775YHJ32D,natco-walnut-halves-700g,,,700g,Natco - Walnut Halves,,Our products are manufactured in a site that handles gluten; soya;./images/natco_walnut-halves-700g.jpg; nuts; peanuts; sesame; mustard; celery and sulphites.,Natco,nuts_dried_fruits,,vegetarian;vegan;gluten-free,,tree-nuts,See product packaging for full ingredients list,,India,700,g,/uploads/natco_walnut-halves-700g.jpg,,A,,natco,0,,true,published,Default,N1610
4567664787528,variant_01KSQVC6HHCJAJ8S0ETDS96YJG,natco-walnut-halves-200g,,,200g,Natco - Walnut Halves,,Our products are manufactured in a site that handles gluten; soya;./images/natco_walnut-halves-200g.jpg; nuts; peanuts; sesame; mustard; celery and sulphites.,Natco,nuts_dried_fruits,,vegetarian;vegan;gluten-free,,tree-nuts,See product packaging for full ingredients list,,India,200,g,/uploads/natco_walnut-halves-200g.jpg,,A,,natco,0,,true,published,Default,N1620
4567664590920,variant_01KSQVC6SCWAY6G80WH3CNKSRN,natco-cashew-large-white-pieces-750g,,,750g,Natco - Cashew (Large White Pieces),,Premium nuts from Natco Foods. Perfect for snacking; cooking; and baking.,Natco,nuts_dried_fruits,,vegetarian;vegan;gluten-free,,tree-nuts,See product packaging for full ingredients list,,India,750,g,/uploads/natco_cashew-large-white-pieces-750g.jpg,,A,,natco,0,,true,published,Default,N2415
4567663575112,variant_01KSQVC6WSWFXZZ6CFY0GDSPEP,natco-peanuts-red-1kg,,,1kg,Natco - Peanuts Red,,Premium nuts from Natco Foods. Perfect for snacking; cooking; and baking.,Natco,nuts_dried_fruits,,vegetarian;vegan;gluten-free,,tree-nuts;peanuts,See product packaging for full ingredients list,,India,1,kg,/uploads/natco_peanuts-red-1kg.jpg,,A,,natco,0,,true,published,Default,N4150
4567663575112,variant_01KSQVC705T1H5J2XJ0T0ZTDMT,natco-peanuts-red-400g,,,400g,Natco - Peanuts Red,,Premium nuts from Natco Foods. Perfect for snacking; cooking; and baking.,Natco,nuts_dried_fruits,,vegetarian;vegan;gluten-free,,tree-nuts;peanuts,See product packaging for full ingredients list,,India,400,g,/uploads/natco_peanuts-red-400g.jpg,,A,,natco,0,,true,published,Default,N4160
4567662362696,variant_01KSQVC744YBFXVJ0C4NBENH63,natco-pappadoms-madras-coin-size-200g,,,200g,Natco - Pappadoms Madras (Coin size),,Crispy Indian pappadoms from Natco Foods. Quick to prepare; perfect with chutneys.,Natco,savouries_papadoms,,vegetarian,,,See product packaging for full ingredients list,,India,200,g,/uploads/natco_pappadoms-madras-coin-size-200g.jpg,,A,,natco,0,,true,published,Default,P5022
4567663214664,variant_01KSQVC7820NGPXD3F33TMHTZZ,natco-pistachio-kernels-1kg,,,1kg,Natco - Pistachio Kernels,,Our products are manufactured in a site that handles gluten; soya;./images/natco_pistachio-kernels-1kg.jpg; nuts; peanuts; sesame; mustard; celery and sulphites.,Natco,nuts_dried_fruits,,vegetarian;vegan;gluten-free,,tree-nuts,See product packaging for full ingredients list,,India,1,kg,/uploads/natco_pistachio-kernels-1kg.jpg,,A,,natco,0,,true,published,Default,N5250
4567663214664,variant_01KSQVC7AX72GRZ1SRD59G56C3,natco-pistachio-kernels-250g,,,250g,Natco - Pistachio Kernels,,Roasted and seasoned nuts from Natco Foods. Delicious and satisfying snacks.,Natco,nuts_dried_fruits,,vegetarian;vegan;gluten-free,,tree-nuts,See product packaging for full ingredients list,,India,250,g,/uploads/natco_pistachio-kernels-250g.jpg,,A,,natco,0,,true,published,Default,N5260
4567663214664,variant_01KSQVC7F13NMSW46Q5N6DKJ41,natco-pistachio-kernels-100g,,,100g,Natco - Pistachio Kernels,,Roasted and seasoned nuts from Natco Foods. Delicious and satisfying snacks.,Natco,nuts_dried_fruits,,vegetarian;vegan;gluten-free,,tree-nuts,See product packaging for full ingredients list,,India,100,g,/uploads/natco_pistachio-kernels-100g.jpg,,A,,natco,0,,true,published,Default,N5270
4567662952520,variant_01KSQVC7K2QCZDZB57NA8M850K,natco-luxury-fruit-nut-mix-250g,,,250g,Natco - Luxury Fruit &amp; Nut Mix,,Premium nuts from Natco Foods. Perfect for snacking; cooking; and baking.,Natco,nuts_dried_fruits,,vegetarian;vegan;gluten-free,,tree-nuts,See product packaging for full ingredients list,,India,250,g,/uploads/natco_luxury-fruit-amp-nut-mix-250g.png,,A,,natco,0,,true,published,Default,N5315
4567662919752,variant_01KSQVC7Q2D525GMFT8SH9DZXQ,natco-luxury-fruit-nuts-mix-750g,,,750g,Natco - Luxury Fruit &amp; Nuts Mix,,Premium nuts from Natco Foods. Perfect for snacking; cooking; and baking.,Natco,nuts_dried_fruits,,vegetarian;vegan;gluten-free,,tree-nuts,See product packaging for full ingredients list,,India,750,g,/uploads/natco_luxury-fruit-amp-nuts-mix-750g.png,,A,,natco,0,,true,published,Default,N5320
4567662067784,variant_01KSQVC7T0APYWH00NX1ZBBSAT,natco-basmati-rice-india-bag-5kg,,,5kg,Natco - Basmati Rice India - Bag,,High-quality rice from Natco Foods. A pantry essential for everyday meals.,Natco,basmati_rice,,vegetarian;vegan;gluten-free,,,See product packaging for full ingredients list,,India,5,kg,/uploads/natco_basmati-rice-india-bag-5kg.jpg,,A,,natco,0,,true,published,Default,R1138
4567661871176,variant_01KSQVC7XTAHZ2ZSYR2XS0X8JJ,natco-basmati-rice-kernel-5kg,,,5kg,Natco - Basmati Rice Kernel,,High-quality rice from Natco Foods. A pantry essential for everyday meals.,Natco,basmati_rice,,vegetarian;vegan;gluten-free,,,See product packaging for full ingredients list,,India,5,kg,/uploads/natco_basmati-rice-kernel-5kg.jpg,,A,,natco,0,,true,published,Default,R1290
4567661838408,variant_01KSQVC80WZER42Q59B8PNTNTY,natco-long-grain-white-rice-5kg,,,5kg,Natco - Long Grain White Rice,,High-quality rice from Natco Foods. A pantry essential for everyday meals.,Natco,everyday_rice,,vegetarian;vegan;gluten-free,,mustard,See product packaging for full ingredients list,,India,5,kg,/uploads/natco_long-grain-white-rice-5kg.jpg,,A,,natco,0,,true,published,Default,R1404
4567661772872,variant_01KSQVC83Z4BQV0CWY4700BNKG,natco-easycook-parboiled-rice-5kg,,,5kg,Natco - Easycook Parboiled Rice,,High-quality rice from Natco Foods. A pantry essential for everyday meals.,Natco,everyday_rice,,vegetarian;vegan;gluten-free,,,See product packaging for full ingredients list,,India,5,kg,/uploads/natco_easycook-parboiled-rice-5kg.jpg,,A,,natco,0,south-indian,true,published,Default,R1455
4567661674568,variant_01KSQVC86VFD2GRRNPB85WERRW,natco-sona-masuri-rice-5kg,,,5kg,Natco - Sona Masuri Rice,,High-quality rice from Natco Foods. A pantry essential for everyday meals.,Natco,sona_masuri_rice,,vegetarian;vegan;gluten-free,,,See product packaging for full ingredients list,,India,5,kg,/uploads/natco_sona-masuri-rice-5kg.jpg,,A,,natco,0,,true,published,Default,R1514
4567661543496,variant_01KSQVC89Y3AQ3AE2T49EYS1HR,natco-ponni-rice-5kg,,,5kg,Natco - Ponni Rice,,High-quality rice from Natco Foods. A pantry essential for everyday meals.,Natco,everyday_rice,,vegetarian;vegan;gluten-free,,,See product packaging for full ingredients list,,India,5,kg,/uploads/natco_ponni-rice-5kg.jpg,,A,,natco,0,south-indian,true,published,Default,R1818
4567661477960,variant_01KSQVC8D9HG4YF2MA1ANV4B2V,natco-idli-rice-5kg,,,5kg,Natco - Idli Rice,,High-quality rice from Natco Foods. A pantry essential for everyday meals.,Natco,speciality_rice,,vegetarian;vegan;gluten-free,,,See product packaging for full ingredients list,,India,5,kg,/uploads/natco_idli-rice-5kg.jpg,,A,,natco,0,south-indian,true,published,Default,R1918
4567660757064,variant_01KSQVC8G0XYJQ0E77A1YSA667,natco-powa-medium-flaked-rice-1kg,,,1kg,Natco - Powa Medium (Flaked Rice),,High-quality rice from Natco Foods. A pantry essential for everyday meals.,Natco,speciality_rice,,vegetarian;vegan;gluten-free,,,See product packaging for full ingredients list,,India,1,kg,/uploads/natco_powa-medium-flaked-rice-1kg.png,,A,,natco,0,,true,published,Default,R6750
4567660953672,variant_01KSQVC8KRRS8BSFWKE5Z5AKDR,natco-pumpkin-seeds-250g,,,250g,Natco - Pumpkin Seeds,,Nutritious seeds from Natco Foods. Great for healthy meals and baking.,Natco,whole_spices_seeds,,vegetarian,,,See product packaging for full ingredients list,,India,250,g,/uploads/natco_pumpkin-seeds-250g.png,,A,,natco,0,,true,published,Default,R6250
4567660920904,variant_01KSQVC8Q2E1FDHV5WA1E9JJ6K,natco-linseed-brown-1kg,,,1kg,Natco - Linseed Brown,,Nutritious seeds from Natco Foods. Great for healthy meals and baking.,Natco,whole_spices_seeds,,vegetarian,,,See product packaging for full ingredients list,,India,1,kg,/uploads/natco_linseed-brown-1kg.jpg,,A,,natco,0,,true,published,Default,R6410
4567660920904,variant_01KSQVC8TF0VCP0DHP383C2FD5,natco-linseed-brown-400g,,,400g,Natco - Linseed Brown,,Nutritious seeds from Natco Foods. Great for healthy meals and baking.,Natco,whole_spices_seeds,,vegetarian,,,See product packaging for full ingredients list,,India,400,g,/uploads/natco_linseed-brown-400g.jpg,,A,,natco,0,,true,published,Default,R6420
4567660855368,variant_01KSQVC8YFX3PGCSQFKE1E2JRF,natco-white-poppy-seeds-300g,,,300g,Natco - White Poppy Seeds,,Nutritious seeds from Natco Foods. Great for healthy meals and baking.,Natco,whole_spices_seeds,,vegetarian,,,See product packaging for full ingredients list,,India,300,g,/uploads/natco_white-poppy-seeds-300g.png,,A,,natco,0,,true,published,Default,R6550
4567660855368,variant_01KSQVC920ZHC4HJY4RVB0F440,natco-white-poppy-seeds-100g,,,100g,Natco - White Poppy Seeds,,Nutritious seeds from Natco Foods. Great for healthy meals and baking.,Natco,whole_spices_seeds,,vegetarian,,,See product packaging for full ingredients list,,India,100,g,/uploads/natco_white-poppy-seeds-100g.jpg,,A,,natco,0,,true,published,Default,R6562
4567660724296,variant_01KSQVC95EY82BQ38W10EW62JD,natco-sunflower-seeds-1kg,,,1kg,Natco - Sunflower Seeds,,Nutritious seeds from Natco Foods. Great for healthy meals and baking.,Natco,whole_spices_seeds,,vegetarian,,,See product packaging for full ingredients list,,India,1,kg,/uploads/natco_sunflower-seeds-1kg.jpg,,A,,natco,0,,true,published,Default,R7000
4567660724296,variant_01KSQVC99GKGJKD8YTR6GJHWEG,natco-sunflower-seeds-300g,,,300g,Natco - Sunflower Seeds,,Nutritious seeds from Natco Foods. Great for healthy meals and baking.,Natco,whole_spices_seeds,,vegetarian,,,See product packaging for full ingredients list,,India,300,g,/uploads/natco_sunflower-seeds-300g.png,,A,,natco,0,,true,published,Default,R7005
4567660658760,variant_01KSQVC9CD5CMCEB5E4ERHA51Y,natco-sagoo-seeds-medium-15kg,,,1.5kg,Natco - Sagoo Seeds Medium,,Nutritious seeds from Natco Foods. Great for healthy meals and baking.,Natco,whole_spices_seeds,,vegetarian,,,See product packaging for full ingredients list,,India,1.5,kg,/uploads/natco_sagoo-seeds-medium-15kg.jpg,,A,,natco,0,,true,published,Default,R7091
4567660593224,variant_01KSQVC9FMS9443Y9XKGE5V468,natco-sesame-seeds-natural-400g,,,400g,Natco - Sesame Seeds Natural,,Nutritious seeds from Natco Foods. Great for healthy meals and baking.,Natco,whole_spices_seeds,,vegetarian,,sesame,See product packaging for full ingredients list,,India,400,g,/uploads/natco_sesame-seeds-natural-400g.png,,A,,natco,0,,true,published,Default,R7160
4567660560456,variant_01KSQVC9JNPHCG0YWPG1NBZ3TX,natco-sesame-seeds-hulled-15kg,,,1.5kg,Natco - Sesame Seeds Hulled,,Nutritious seeds from Natco Foods. Great for healthy meals and baking.,Natco,whole_spices_seeds,,vegetarian,,sesame,See product packaging for full ingredients list,,India,1.5,kg,/uploads/natco_sesame-seeds-hulled-15kg.jpg,,A,,natco,0,,true,published,Default,R7250
4567660134472,variant_01KSQVC9PMFVA9JPN5CCE5X7CE,natco-black-chia-seeds-250g,,,250g,Natco - Black Chia Seeds,,Nutritious seeds from Natco Foods. Great for healthy meals and baking.,Natco,whole_spices_seeds,,vegetarian,,,See product packaging for full ingredients list,,India,250,g,/uploads/natco_black-chia-seeds-250g.jpg,,A,,natco,0,,true,published,Default,R8480
4567665573960,variant_01KSQVC9SC1T5PRM795C5WQF73,natco-soya-beans-2kg,,,2kg,Natco - Soya Beans,,Protein-rich soya from Natco Foods. Versatile meat alternative for curries and snacks.,Natco,beans_peas_pulses,,vegetarian;vegan;gluten-free,,soya,See product packaging for full ingredients list,,India,2,kg,/uploads/natco_soya-beans-2kg.jpg,,A,,natco,0,,true,published,Default,L9550
4567665573960,variant_01KSQVC9WSHC7KD088ZTKWVY9Q,natco-soya-beans-500g,,,500g,Natco - Soya Beans,,Protein-rich soya from Natco Foods. Versatile meat alternative for curries and snacks.,Natco,beans_peas_pulses,,vegetarian;vegan;gluten-free,,soya,See product packaging for full ingredients list,,India,500,g,/uploads/natco_soya-beans-500g.jpg,,A,,natco,0,,true,published,Default,L9560
4567660396616,variant_01KSQVCA508P37ZCJ18KSTY66W,natco-soya-mince-300g,,,300g,Natco - Soya Mince,,Protein-rich soya from Natco Foods. Versatile meat alternative for curries and snacks.,Natco,canned_preserved_vegetables,,vegetarian;vegan,,soya,See product packaging for full ingredients list,,India,300,g,/uploads/natco_soya-mince-300g.jpg,,A,,natco,0,,true,published,Default,R7450
4567671996488,variant_01KSQVCA9KSN2RKCWY1M8GJQVK,natco-mango-pulp-alphonso-450g,,,450g,Natco - Mango Pulp Alphonso,,Sweet Alphonso mango products from Natco Foods. Taste of Indian summer all year round.,Natco,canned_preserved_vegetables,,vegetarian,,,See product packaging for full ingredients list,,India,450,g,/uploads/natco_mango-pulp-alphonso-450g.jpg,,A,,natco,0,,true,published,Default,C1730
4567670980680,variant_01KSQVCACJR1EAZTD4XBN67B3P,natco-tomatoes-chopped-full-case-12x400g-400g,,,400g,Natco - Tomatoes Chopped Full Case 12x400g,,Preserved vegetables from Natco Foods. Harvested at peak freshness.,Natco,canned_preserved_vegetables,,vegetarian,,,See product packaging for full ingredients list,,India,400,g,/uploads/natco_tomatoes-chopped-full-case-12x400g.jpg,,A,,natco,0,,true,published,Default,C2860
4567666524232,variant_01KSQVCAGF86Z3BQHZVQNG1V7M,natco-red-lentils-polished-2kg,,,2kg,Natco - Red Lentils Polished,,Allergen Info: May Contain Wheat - Our Red Lentils do not contain gluten and are not packed on the same machine as gluten-products; but we do have gluten products in a dedicated area of the factory. Our products are manufactured in a site that handles gluten;./images/natco_red-lentils-polished-2kg.jpg; milk; nuts; peanuts; sesame; mustard; celery and sulphites.,Natco,lentils_dals,,vegetarian;vegan;gluten-free,,sesame,See product packaging for full ingredients list,,India,2,kg,/uploads/natco_red-lentils-polished-2kg.jpg,,A,,natco,0,,true,published,Default,L6150
4567666524232,variant_01KSW8AZ2F08BZ9H9R4ZENY01M,natco-red-lentils-polished-1kg,,,1kg,Natco - Red Lentils Polished,,Red Lentils are an essential lentil. Extremely versatile and easy to cook - you can use in curries; nut roasts; lentil breads; soups and more. No need to soak before cooking. Check out this recipe for a creamy coconut and ginger dal using red lentils. Foundation Earth has given Natco Red Lentils an A rating meaning that it is a very environmentally sustainable product. Foundation Earth gives each product a rating from A+ to G by assessing the farming; processing; packaging and transport. Found,Natco,lentils_dals,,vegetarian;vegan;gluten-free,,sesame,Red Lentils Polished 1kg,,India,1,kg,/uploads/natco_red-lentils-polished-2kg.jpg,,B,,natco,0,,true,published,Default,L6148
4567668260936,variant_01KSQVCAMGZS3H7HTVZSAKMC17,natco-basil-jar-25g,,,25g,Natco - Basil Jar,,Premium whole and ground spice from Natco Foods. Essential for authentic Indian cooking.,Natco,herbs_leaves,,vegetarian,,,See product packaging for full ingredients list,,India,25,g,/uploads/natco_basil-jar-25g.jpg,,A,,natco,0,,true,published,Default,H1022
4567668195400,variant_01KSQVCARP52WGSZZ1GFCPZX1C,natco-coriander-leaves-jar-25g,,,25g,Natco - Coriander Leaves Jar,,Premium whole and ground spice from Natco Foods. Essential for authentic Indian cooking.,Natco,herbs_leaves,,vegetarian,,,See product packaging for full ingredients list,,India,25,g,/uploads/natco_coriander-leaves-jar-25g.jpg,,A,,natco,0,,true,published,Default,H2122
4567668162632,variant_01KSQVCAX1B51YP592N0P8E4KY,natco-marjoram-jar-20g,,,20g,Natco - Marjoram Jar,,Premium whole and ground spice from Natco Foods. Essential for authentic Indian cooking.,Natco,herbs_leaves,,vegetarian,,,See product packaging for full ingredients list,,India,20,g,/uploads/natco_marjoram-jar-20g.jpg,,A,,natco,0,,true,published,Default,H3524
4567668097096,variant_01KSQVCB07JYHBJ7TA9BGV3G5M,natco-mint-jar-30g,,,30g,Natco - Mint Jar,,Premium whole and ground spice from Natco Foods. Essential for authentic Indian cooking.,Natco,herbs_leaves,,vegetarian,,,See product packaging for full ingredients list,,India,30,g,/uploads/natco_mint-jar-30g.jpg,,A,,natco,0,,true,published,Default,H3626
4567668064328,variant_01KSQVCB366W3YP9JM068BTZX6,natco-mixed-herbs-jar-25g,,,25g,Natco - Mixed Herbs Jar,,Premium whole and ground spice from Natco Foods. Essential for authentic Indian cooking.,Natco,herbs_leaves,,vegetarian,,,See product packaging for full ingredients list,,India,25,g,/uploads/natco_mixed-herbs-jar-25g.jpg,,A,,natco,0,,true,published,Default,H3722
4567667966024,variant_01KSQVCB63AT8AYY25QGER90PD,natco-oregano-jar-25g,,,25g,Natco - Oregano Jar,,Premium whole and ground spice from Natco Foods. Essential for authentic Indian cooking.,Natco,herbs_leaves,,vegetarian,,,See product packaging for full ingredients list,,India,25,g,/uploads/natco_oregano-jar-25g.jpg,,A,,natco,0,,true,published,Default,H4522
4567667933256,variant_01KSQVCBA0BAGBX1T0R7RZRF9P,natco-parsley-jar-25g,,,25g,Natco - Parsley Jar,,Premium whole and ground spice from Natco Foods. Essential for authentic Indian cooking.,Natco,herbs_leaves,,vegetarian,,,See product packaging for full ingredients list,,India,25,g,/uploads/natco_parsley-jar-25g.jpg,,A,,natco,0,,true,published,Default,H5022
4567667867720,variant_01KSQVCBD4JE5SNH00YA5XA6HN,natco-sage-jar-25g,,,25g,Natco - Sage Jar,,Premium whole and ground spice from Natco Foods. Essential for authentic Indian cooking.,Natco,herbs_leaves,,vegetarian,,,See product packaging for full ingredients list,,India,25,g,/uploads/natco_sage-jar-25g.jpg,,A,,natco,0,,true,published,Default,H6022
4567657578568,variant_01KSQVCBH03WNMPST21WADW4VN,natco-ajwan-seeds-jar-100g,,,100g,Natco - Ajwan Seeds Jar,,Premium whole and ground spice from Natco Foods. Essential for authentic Indian cooking.,Natco,whole_spices_seeds,,vegetarian;vegan;gluten-free,,,See product packaging for full ingredients list,,India,100,g,/uploads/natco_ajwan-seeds-jar-100g.jpg,,A,,natco,0,,true,published,Default,T1107
4567657545800,variant_01KSQVCBN5Q32PJSGXQNX44AWY,natco-amchoor-powder-jar-100g,,,100g,Natco - Amchoor Powder Jar,,Premium whole and ground spice from Natco Foods. Essential for authentic Indian cooking.,Natco,powdered_spices,,vegetarian;vegan;gluten-free,,,See product packaging for full ingredients list,,India,100,g,/uploads/natco_amchoor-powder-jar-100g.jpg,,A,,natco,0,,true,published,Default,T1307
4567657513032,variant_01KSQVCBR7PPGQ0737ZAHKTAT6,natco-aniseed-star-jar-40g,,,40g,Natco - Aniseed Star Jar,,Premium whole and ground spice from Natco Foods. Essential for authentic Indian cooking.,Natco,whole_spices_seeds,,vegetarian;vegan;gluten-free,,,See product packaging for full ingredients list,,India,40,g,/uploads/natco_aniseed-star-jar-40g.jpg,,A,,natco,0,,true,published,Default,T1554
4567657447496,variant_01KSQVCBW3PYESB9QJZDXKV5VK,natco-asafoetida-hing-jar-100g,,,100g,Natco - Asafoetida (Hing) Jar,,Premium whole and ground spice from Natco Foods. Essential for authentic Indian cooking.,Natco,powdered_spices,,vegetarian;vegan;gluten-free,,,See product packaging for full ingredients list,,India,100,g,/uploads/natco_asafoetida-hing-jar-100g.jpg,,A,,natco,0,,true,published,Default,T1752
4567657381960,variant_01KSQVCBZFAG6G7HAMQKSXSYAS,natco-bay-leaves-jar-10g,,,10g,Natco - Bay Leaves Jar,,Premium whole and ground spice from Natco Foods. Essential for authentic Indian cooking.,Natco,herbs_leaves,,vegetarian;vegan;gluten-free,,,See product packaging for full ingredients list,,India,10,g,/uploads/natco_bay-leaves-jar-10g.jpg,,A,,natco,0,,true,published,Default,T1952
4567657316424,variant_01KSQVCC2GKY5KX6P5TVQXM96V,natco-cardamom-green-jar-50g,,,50g,Natco - Cardamom Green Jar,,Premium whole and ground spice from Natco Foods. Essential for authentic Indian cooking.,Natco,whole_spices_seeds,,vegetarian;vegan;gluten-free,,,See product packaging for full ingredients list,,India,50,g,/uploads/natco_cardamom-green-jar-50g.jpg,,A,,natco,0,,true,published,Default,T2252
4567657250888,variant_01KSQVCC89E9QC386W6H1XDR8K,natco-chilli-crushed-jar-80g,,,80g,Natco - Chilli Crushed Jar,,Premium whole and ground spice from Natco Foods. Essential for authentic Indian cooking.,Natco,powdered_spices,,vegetarian;vegan;gluten-free,,,See product packaging for full ingredients list,,India,80,g,/uploads/natco_chilli-crushed-jar-80g.jpg,,A,,natco,0,,true,published,Default,T3252
4567657185352,variant_01KSQVCCBFP86ZD4FP2WTMT3PF,natco-chilli-powder-hot-jar-100g,,,100g,Natco - Chilli Powder Hot Jar,,Premium whole and ground spice from Natco Foods. Essential for authentic Indian cooking.,Natco,powdered_spices,,vegetarian;vegan;gluten-free,,,See product packaging for full ingredients list,,India,100,g,/uploads/natco_chilli-powder-hot-jar-100g.jpg,,A,,natco,0,,true,published,Default,T3352
4567657119816,variant_01KSQVCCFEYHMS99B7GXDS2T9C,natco-cassia-dalchini-jar-50g,,,50g,Natco - Cassia (Dalchini) Jar,,Premium whole and ground spice from Natco Foods. Essential for authentic Indian cooking.,Natco,whole_spices_seeds,,vegetarian;vegan;gluten-free,,,See product packaging for full ingredients list,,India,50,g,/uploads/natco_cassia-dalchini-jar-50g.jpg,,A,,natco,0,,true,published,Default,T3507
4567657087048,variant_01KSQVCCKE55QMGT02NRJ41K6G,natco-cinnamon-ground-jar-100g,,,100g,Natco - Cinnamon Ground Jar,,Premium whole and ground spice from Natco Foods. Essential for authentic Indian cooking.,Natco,powdered_spices,,vegetarian;vegan;gluten-free,,,See product packaging for full ingredients list,,India,100,g,/uploads/natco_cinnamon-ground-jar-100g.jpg,,A,,natco,0,,true,published,Default,T3807
4567657054280,variant_01KSQVCCQ8GTH9P0M805ZEP4D3,natco-cloves-jar-50g,,,50g,Natco - Cloves Jar,,Premium whole and ground spice from Natco Foods. Essential for authentic Indian cooking.,Natco,whole_spices_seeds,,vegetarian;vegan;gluten-free,,,See product packaging for full ingredients list,,India,50,g,/uploads/natco_cloves-jar-50g.jpg,,A,,natco,0,,true,published,Default,T3907
4567656988744,variant_01KSQVCCXJWDJNW8X99BSP8NDY,natco-coriander-ground-jar-70g,,,70g,Natco - Coriander Ground Jar,,Premium whole and ground spice from Natco Foods. Essential for authentic Indian cooking.,Natco,powdered_spices,,vegetarian;vegan;gluten-free,,,See product packaging for full ingredients list,,India,70,g,/uploads/natco_coriander-ground-jar-70g.jpg,,A,,natco,0,,true,published,Default,T4354
4583224016968,variant_01KSQVCD0B8XF596V8F0QRHRHY,natco-all-purpose-seasoning-100g,,,100g,Natco - All Purpose Seasoning,,Expertly blended masala mix from Natco Foods. Perfect balance of spices for traditional dishes.,Natco,masalas_spice_blends,,vegetarian;vegan;gluten-free,,,See product packaging for full ingredients list,,India,100,g,/uploads/natco_all-purpose-seasoning-100g.png,,A,,natco,0,,true,published,Default,S1420
4583224016968,variant_01KSQVCD3CZ1JAK7ZS2X4CSJA3,natco-all-purpose-seasoning-400g,,,400g,Natco - All Purpose Seasoning,,Expertly blended masala mix from Natco Foods. Perfect balance of spices for traditional dishes.,Natco,masalas_spice_blends,,vegetarian;vegan;gluten-free,,,See product packaging for full ingredients list,,India,400,g,/uploads/natco_all-purpose-seasoning-400g.jpg,,A,,natco,0,,true,published,Default,S1410
4567665508424,variant_01KSQVCD6E0HJ6QQPT95N7H4G2,natco-anardana-powder-mangal-100g,,,100g,Natco - Anardana Powder Mangal,,Expertly blended masala mix from Natco Foods. Perfect balance of spices for traditional dishes.,Natco,powdered_spices,,vegetarian;vegan;gluten-free,,,See product packaging for full ingredients list,,India,100,g,/uploads/natco_anardana-powder-mangal-100g.jpg,,A,,natco,0,,true,published,Default,M1000
4567665475656,variant_01KSQVCDA88HHJ8PY1E0YXR06B,natco-chana-masala-mangal-100g,,,100g,Natco - Chana Masala Mangal,,Expertly blended masala mix from Natco Foods. Perfect balance of spices for traditional dishes.,Natco,masalas_spice_blends,,vegetarian;vegan;gluten-free,,,See product packaging for full ingredients list,,India,100,g,/uploads/natco_chana-masala-mangal-100g.png,,A,,natco,0,,true,published,Default,M1100
4567665442888,variant_01KSQVCDDGXQJ5SRYS6CX4T9Z0,natco-chat-masala-mangal-100g,,,100g,Natco - Chat Masala Mangal,,Expertly blended masala mix from Natco Foods. Perfect balance of spices for traditional dishes.,Natco,masalas_spice_blends,,vegetarian;vegan;gluten-free,,,See product packaging for full ingredients list,,India,100,g,/uploads/natco_chat-masala-mangal-100g.jpg,,A,,natco,0,,true,published,Default,M1210
4567665377352,variant_01KSQVCDGGJZ0ZP1K0YCBWW56M,natco-meat-masala-mangal-100g,,,100g,Natco - Meat Masala Mangal,,Expertly blended masala mix from Natco Foods. Perfect balance of spices for traditional dishes.,Natco,masalas_spice_blends,,vegetarian;vegan;gluten-free,,,See product packaging for full ingredients list,,India,100,g,/uploads/natco_meat-masala-mangal-100g.jpg,,A,,natco,0,,true,published,Default,M1360
4567665344584,variant_01KSQVCDMJN9D9FJKFEKSXVJ71,natco-pickle-masala-mangal-125g,,,125g,Natco - Pickle Masala Mangal,,Expertly blended masala mix from Natco Foods. Perfect balance of spices for traditional dishes.,Natco,masalas_spice_blends,,vegetarian;vegan;gluten-free,,,See product packaging for full ingredients list,,India,125,g,/uploads/natco_pickle-masala-mangal-125g.png,,A,,natco,0,,true,published,Default,M1411
4567665279048,variant_01KSQVCDRJZT13EZR3NATK0D2V,natco-sambhar-masala-mangal-100g,,,100g,Natco - Sambhar Masala Mangal,,Expertly blended masala mix from Natco Foods. Perfect balance of spices for traditional dishes.,Natco,masalas_spice_blends,,vegetarian;vegan;gluten-free,,,See product packaging for full ingredients list,,India,100,g,/uploads/natco_sambhar-masala-mangal-100g.jpg,,A,,natco,0,,true,published,Default,M1450
4567665213512,variant_01KSQVCDVNYTF94H9Z540MKCJR,natco-chicken-masala-mangal-100g,,,100g,Natco - Chicken Masala Mangal,,Expertly blended masala mix from Natco Foods. Perfect balance of spices for traditional dishes.,Natco,masalas_spice_blends,,vegetarian;vegan;gluten-free,,,See product packaging for full ingredients list,,India,100,g,/uploads/natco_chicken-masala-mangal-100g.jpg,,A,,natco,0,,true,published,Default,M1520
4567665180744,variant_01KSQVCDYHZVY9S7FAE26G3NCX,natco-biryani-masala-mangal-50g,,,50g,Natco - Biryani Masala Mangal,,Expertly blended masala mix from Natco Foods. Perfect balance of spices for traditional dishes.,Natco,masalas_spice_blends,,vegetarian;vegan;gluten-free,,,See product packaging for full ingredients list,,India,50,g,/uploads/natco_biryani-masala-mangal-50g.jpg,,A,,natco,0,,true,published,Default,M1550
4567665147976,variant_01KSQVCE23PQA5GXNNPBEHYB74,natco-pavbhaji-masala-mangal-100g,,,100g,Natco - Pavbhaji Masala Mangal,,Expertly blended masala mix from Natco Foods. Perfect balance of spices for traditional dishes.,Natco,masalas_spice_blends,,vegetarian;vegan;gluten-free,,,See product packaging for full ingredients list,,India,100,g,/uploads/natco_pavbhaji-masala-mangal-100g.jpg,,A,,natco,0,,true,published,Default,M2400
4567658627144,variant_01KSQVCE5KM6DY7SVN4T9NF9D3,natco-garam-masala-400g,,,400g,Natco - Garam Masala,,Expertly blended masala mix from Natco Foods. Perfect balance of spices for traditional dishes.,Natco,masalas_spice_blends,,vegetarian;vegan;gluten-free,,,See product packaging for full ingredients list,,India,400,g,/uploads/natco_garam-masala-400g.jpg,,A,,natco,0,,true,published,Default,S7260
4567658135624,variant_01KSQVCE8Z7B5D30S4H0NZVAVK,natco-mixed-masala-whole-300g,,,300g,Natco - Mixed Masala Whole,,Expertly blended masala mix from Natco Foods. Perfect balance of spices for traditional dishes.,Natco,masalas_spice_blends,,vegetarian;vegan;gluten-free,,,See product packaging for full ingredients list,,India,300,g,/uploads/natco_mixed-masala-whole-300g.jpg,,A,,natco,0,,true,published,Default,S8360
4567657644104,variant_01KSQVCECCEANYQT863ZT2D7P2,natco-tandoori-masala-400g,,,400g,Natco - Tandoori Masala,,Expertly blended masala mix from Natco Foods. Perfect balance of spices for traditional dishes.,Natco,masalas_spice_blends,,vegetarian;vegan;gluten-free,,,See product packaging for full ingredients list,,India,400,g,/uploads/natco_tandoori-masala-400g.jpg,,A,,natco,0,,true,published,Default,S9660
4567656759368,variant_01KSQVCEGK3Y5FDKWN5360AN19,natco-garam-masala-jar-80g,,,80g,Natco - Garam Masala Jar,,Premium whole and ground spice from Natco Foods. Essential for authentic Indian cooking.,Natco,masalas_spice_blends,,vegetarian;vegan;gluten-free,,,See product packaging for full ingredients list,,India,80,g,/uploads/natco_garam-masala-jar-80g.jpg,,A,,natco,0,,true,published,Default,T6154
4567656169544,variant_01KSQVCEKX4QQW5H6RVK37XNAJ,natco-tandoori-masala-jar-100g,,,100g,Natco - Tandoori Masala Jar,,Premium whole and ground spice from Natco Foods. Essential for authentic Indian cooking.,Natco,masalas_spice_blends,,vegetarian;vegan;gluten-free,,,See product packaging for full ingredients list,,India,100,g,/uploads/natco_tandoori-masala-jar-100g.jpg,,A,,natco,0,,true,published,Default,T9307
4567667834952,variant_01KSQVCEQJ4K4H3GFRTPK73E93,natco-dried-tarragon-25g,,,25g,Natco - Dried Tarragon,,Premium whole and ground spice from Natco Foods. Essential for authentic Indian cooking.,Natco,herbs_leaves,,vegetarian,,,See product packaging for full ingredients list,,India,25,g,/uploads/natco_dried-tarragon-25g.jpg,,A,,natco,0,,true,published,Default,H6522
4567660298312,variant_01KSQVCETTC1F0MJAE22FR6028,natco-sugar-candy-375g,,,375g,Natco - Sugar Candy,,Natural sugar from Natco Foods. Essential for Indian sweets and daily use.,Natco,sweeteners,,vegetarian;vegan;gluten-free,,,See product packaging for full ingredients list,,India,375,g,/uploads/natco_sugar-candy-375g.jpg,,A,,natco,0,,true,published,Default,R7560
6617796804680,variant_01KSQVCEXR2Y99NAFZT5ECV0GH,natco-spinach-puree-395g,,,395g,Natco - Spinach Puree,,Preserved vegetables from Natco Foods. Harvested at peak freshness.,Natco,canned_preserved_vegetables,,vegetarian,,,See product packaging for full ingredients list,,India,395,g,/uploads/natco_spinach-puree-395g.jpg,,A,,natco,0,,true,published,Default,C2510
6617796804680,variant_01KSQVCFGCE3B7C863W5FGSTD4,natco-spinach-puree-794g,,,794g,Natco - Spinach Puree,,Preserved vegetables from Natco Foods. Harvested at peak freshness.,Natco,canned_preserved_vegetables,,vegetarian,,,See product packaging for full ingredients list,,India,794,g,/uploads/natco_spinach-puree-794g.jpg,,A,,natco,0,,true,published,Default,C2500
4567671963720,variant_01KSQVCF0RF2MER1SHJ3F8RZXZ,natco-mango-slices-alphonso-425g,,,425g,Natco - Mango Slices Alphonso,,Sweet Alphonso mango products from Natco Foods. Taste of Indian summer all year round.,Natco,canned_preserved_vegetables,,vegetarian,,,See product packaging for full ingredients list,,India,425,g,/uploads/natco_mango-slices-alphonso-425g.jpg,,A,,natco,0,,true,published,Default,C1750
4567671930952,variant_01KSQVCF4SW7PMSGX2QJP286YJ,natco-mango-pulp-kesar-850g,,,850g,Natco - Mango Pulp Kesar,,Sweet Alphonso mango products from Natco Foods. Taste of Indian summer all year round.,Natco,canned_preserved_vegetables,,vegetarian,,,See product packaging for full ingredients list,,India,850,g,/uploads/natco_mango-pulp-kesar-850g.jpg,,A,,natco,0,,true,published,Default,C1815
4567671406664,variant_01KSQVCFBBDD6CB37TA0JDS0N8,natco-spinach-leaf-396g,,,396g,Natco - Spinach Leaf,,Preserved vegetables from Natco Foods. Harvested at peak freshness.,Natco,canned_preserved_vegetables,,vegetarian,,,See product packaging for full ingredients list,,India,396,g,/uploads/natco_spinach-leaf-396g.jpg,,A,,natco,0,,true,published,Default,C2410
4567671210056,variant_01KSQVCFNP1QPSJTZSYV4JB8CX,natco-tomato-paste-800g,,,800g,Natco - Tomato Paste,,Preserved vegetables from Natco Foods. Harvested at peak freshness.,Natco,canned_preserved_vegetables,,vegetarian,,,See product packaging for full ingredients list,,India,800,g,/uploads/natco_tomato-paste-800g.jpg,,A,,natco,0,,true,published,Default,C2675
4567671144520,variant_01KSQVCFTFXW8NNKPM3M4J6JKY,natco-tomatoes-peeled-400g,,,400g,Natco - Tomatoes Peeled,,Preserved vegetables from Natco Foods. Harvested at peak freshness.,Natco,canned_preserved_vegetables,,vegetarian,,,See product packaging for full ingredients list,,India,400,g,/uploads/natco_tomatoes-peeled-400g.jpg,,A,,natco,0,,true,published,Default,C2820
4567670915144,variant_01KSQVCFZV0R8CJA4F1DKX3986,natco-patra-400g,,,400g,Natco - Patra,,Preserved vegetables from Natco Foods. Harvested at peak freshness.,Natco,canned_preserved_vegetables,,vegetarian,,,See product packaging for full ingredients list,,India,400,g,/uploads/natco_patra-400g.jpg,,A,,natco,0,,true,published,Default,C5110
4567670816840,variant_01KSQVCG5FZKMAMMVFG45G7ARM,natco-sarson-ka-saag-450g,,,450g,Natco - Sarson Ka Saag,,Preserved vegetables from Natco Foods. Harvested at peak freshness.,Natco,canned_preserved_vegetables,,vegetarian,,mustard,See product packaging for full ingredients list,,India,450,g,/uploads/natco_sarson-ka-saag-450g.jpg,,A,,natco,0,,true,published,Default,C6000
4567670620232,variant_01KSQVCGAC3FZK5WJXTT2HPPGX,natco-karela-400g,,,400g,Natco - Karela,,Preserved vegetables from Natco Foods. Harvested at peak freshness.,Natco,canned_preserved_vegetables,,vegetarian,,,See product packaging for full ingredients list,,India,400,g,/uploads/natco_karela-400g.jpg,,A,,natco,0,,true,published,Default,C7040
4567670521928,variant_01KSQVCGG4MCN8WY98WXZGKHHB,natco-lotus-root-400g,,,400g,Natco - Lotus Root,,Preserved vegetables from Natco Foods. Harvested at peak freshness.,Natco,canned_preserved_vegetables,,vegetarian,,,See product packaging for full ingredients list,,India,400,g,/uploads/natco_lotus-root-400g.jpg,,A,,natco,0,,true,published,Default,C7050
4567670095944,variant_01KSQVCGQ7P8ZG596SM0CSSWQ9,natco-suran-yam-400g,,,400g,Natco - Suran (Yam),,Preserved vegetables from Natco Foods. Harvested at peak freshness.,Natco,canned_preserved_vegetables,,vegetarian,,,See product packaging for full ingredients list,,India,400,g,/uploads/natco_suran-yam-400g.jpg,,A,,natco,0,,true,published,Default,C7100
4567668588616,variant_01KSQVCGWQ66HZY6ZK5PFYM4S2,natco-couscous-500g,,,500g,Natco - Couscous,,Fine couscous and wheat products from Natco Foods. Quick and versatile.,Natco,speciality_flours_grains,,vegetarian,,,See product packaging for full ingredients list,,India,500,g,/uploads/natco_couscous-500g.jpg,,A,,natco,0,,true,published,Default,F7110
4567659905096,variant_01KSQVCGZWT8XWCNBMYFK37AN7,natco-vermice-taposdini-fedelini-500g,,,500g,Natco - Vermice T&apos;Dini-Fedelini,,Fine couscous and wheat products from Natco Foods. Quick and versatile.,Natco,speciality_flours_grains,,vegetarian,,,See product packaging for full ingredients list,,India,500,g,/uploads/natco_vermice-taposdini-fedelini-500g.jpg,,A,,natco,0,,true,published,Default,R9380
brown-chick-peas,variant_01KSW8AXZ0GEFDRY6NGY8F4AY2,natco-brown-chick-peas-2kg,,,2kg,Natco - Brown Chick Peas,,Brown chickpeas are a healthy pulse; full of protein and fibre. Use in dals and spicy salads Foundation Earth has given Natco Brown Chickpeas an A rating meaning that it is a very environmentally sustainable product. Foundation Earth gives each product a rating from A+ to G by assessing the farming; processing; packaging and transport. Foundation Earth is an independent; non-profit organisation that issues environmental scores on food products; enabling consumers to make more sustainable buyin,Natco,beans_peas_pulses,,vegetarian;vegan;gluten-free,,,Brown Chick Peas 2kg,,India,2,kg,/uploads/natco_brown-chick-peas.jpg,,B,,natco,0,,true,published,Default,L9150
brown-chick-peas,variant_01KSW8AY5TDQ64B9V8NXHVTCHA,natco-brown-chick-peas-500g,,,500g,Natco - Brown Chick Peas,,Brown Chickpeas are a healthy pulse; full of protein and fibre. Use in dals and spicy salads. Foundation Earth has given Natco Brown Chickpeas an A rating meaning that it is a very environmentally sustainable product.  Foundation Earth gives each product a rating from A+ to G by assessing the farming; processing; packaging and transport. Foundation Earth is an independent; non-profit organisation that issues environmental scores on food products; enabling consumers to make more sustainable buy,Natco,beans_peas_pulses,,vegetarian;vegan;gluten-free,,,Brown Chick Peas 500g,,India,500,g,/uploads/natco_brown-chick-peas.jpg,,B,,natco,0,,true,published,Default,L9160
moth-beans,variant_01KSW8AYJAJJ2HYS6RBV5FQ0QT,natco-moth-beans-2kg,,,2kg,Natco - Moth Beans,,Moth beans are widely eaten in Pakistan and India; with recipes and dishes varying by region. Boil in water until tender. In Maharashtra; they are used to make matki usal.Our products are manufactured in a site that handles gluten; soya; milk; nuts; peanuts; sesame; mustard; celery and sulphites.,Natco,beans_peas_pulses,,vegetarian;vegan;gluten-free,,,Moth Beans 2kg,,India,2,kg,/uploads/natco_moth-beans.png,,B,,natco,0,,true,published,Default,L5150
moth-beans,variant_01KSW8AYQS5Z0B6BA4SYRDCGKT,natco-moth-beans-500g,,,500g,Natco - Moth Beans,,Moth beans are widely eaten in Pakistan and India; with recipes and dishes varying by region. Boil in water until tender. In Maharashtra; they are used to make matki usal.Our products are manufactured in a site that handles gluten; soya; milk; nuts; peanuts; sesame; mustard; celery and sulphites.,Natco,beans_peas_pulses,,vegetarian;vegan;gluten-free,,,Moth Beans 500g,,India,500,g,/uploads/natco_moth-beans.png,,B,,natco,0,,true,published,Default,L5160
toor-dal-oily1,variant_01KSW8AZD1A557QYT4FZD9DWJ7,natco-toor-dal-oily-2kg,,,2kg,Natco - Toor Dal Oily,,This dal is an essential for your store cupboard; used in many different curries.  Foundation Earth has given NatcoToor Dal Oily a B rating meaning that it is an environmentally sustainable product. Foundation Earth gives each product a rating from A+ to G by assessing the farming; processing; packaging and transport. Foundation Earth is an independent; non-profit organisation that issues environmental scores on food products; enabling consumers to make more sustainable buying choices.  Here',Natco,lentils_dals,,vegetarian;vegan;gluten-free,,,Toor Dal Oily 2kg,,India,2,kg,/uploads/natco_toor-dal-oily1.png,,B,,natco,0,,true,published,Default,L6560
toor-dal-oily1,variant_01KSW8AZG42Z3B4P33FC058Y3X,natco-toor-dal-oily-1kg,,,1kg,Natco - Toor Dal Oily,,This dal is an essential for your store cupboard; used in many different curries.    Foundation Earth has given Natco Toor Dal Oily a B rating meaning that it is an environmentally sustainable product. Foundation Earth gives each product a rating from A+ to G by assessing the farming; processing; packaging and transport. Foundation Earth is an independent; non-profit organisation that issues environmental scores on food products; enabling consumers to make more sustainable buying choices.   Here,Natco,lentils_dals,,vegetarian;vegan;gluten-free,,,Toor Dal Oily 1kg,,India,1,kg,/uploads/natco_toor-dal-oily.jpg,,B,,natco,0,,true,published,Default,L6555
toor-dal-plain,variant_01KSW8AZKBTCKFH39RXP2SEAV6,natco-toor-dal-plain-2kg,,,2kg,Natco - Toor Dal Plain,,This dal is an essential for your store cupboard; used in many different curries.  Foundation Earth has given NatcoToor Dal a B rating meaning that it is an environmentally sustainable product. Foundation Earth gives each product a rating from A+ to G by assessing the farming; processing; packaging and transport. Foundation Earth is an independent; non-profit organisation that issues environmental scores on food products; enabling consumers to make more sustainable buying choices.  Here's the,Natco,lentils_dals,,vegetarian;vegan;gluten-free,,,Toor Dal Plain 2kg,,India,2,kg,/uploads/natco_toor-dal-plain.jpg,,B,,natco,0,,true,published,Default,L6650
toor-dal-plain,variant_01KSW8AZPWJPB2114X6VDVG8QA,natco-toor-dal-plain-500g,,,500g,Natco - Toor Dal Plain,,This dal is an essential for your store cupboard; used in many different curries.  Foundation Earth has given Natco Toor Dal Plain a B rating meaning that it is an environmentally sustainable product. Foundation Earth gives each product a rating from A+ to G by assessing the farming; processing; packaging and transport. Foundation Earth is an independent; non-profit organisation that issues environmental scores on food products; enabling consumers to make more sustainable buying choices.  Her,Natco,lentils_dals,,vegetarian;vegan;gluten-free,,,Toor Dal Plain 500g,,India,500,g,/uploads/natco_toor-dal-plain.jpg,,B,,natco,0,,true,published,Default,L6660
uridbeans,variant_01KSW8AZT87XE2HSFBW0EXFV34,natco-urid-beans-2kg,,,2kg,Natco - Urid Beans,,Urid beans are also called urad beans; black gram beans and are similar to beluga lentils or black lentils. These small black beans are a popular pulse; rich in protein and minerals. They are enjoyed for their rich; nutty taste and creamy texture. Urid beans should be soaked overnight before cooking in order to rehydrate them; then drained and cooked in ample fresh water until tender. Our products are manufactured in a site that handles gluten; soya; milk; nuts; peanuts; sesame; mustard; celery,Natco,beans_peas_pulses,,vegetarian;vegan;gluten-free,,,Urid Beans 2kg,,India,2,kg,/uploads/natco_urid-beans-case.jpg,,B,,natco,0,,true,published,Default,L7160
uridbeans,variant_01KSW8AZYAR6PCH2FW8PJ012F4,natco-urid-beans-1kg,,,1kg,Natco - Urid Beans,,Urid beans are also called urad beans; black gram beans and are similar to beluga lentils or black lentils. These small black beans are a popular pulse; rich in protein and minerals. They are enjoyed for their rich; nutty taste and creamy texture.Urid beans should be soaked overnight before cooking in order to rehydrate them; then drained and cooked in ample fresh water until tender. Our products are manufactured in a site that handles gluten; soya; milk; nuts; peanuts; sesame; mustard; celery a,Natco,beans_peas_pulses,,vegetarian;vegan;gluten-free,,,Urid Beans 1kg,,India,1,kg,/uploads/natco_urid-beans-case.jpg,,B,,natco,0,,true,published,Default,L7158
urid-dal-white,variant_01KSW8B02QFMVFBTZDK66HJTA4,natco-urid-dal-white-2kg,,,2kg,Natco - Urid Dal White,,Urid (or Urad) beans split and dehusked to produce a small pale yellow split pea (dal). This dal has many uses and is popular in North and South Indian cuisine. Great for creamy dals and soups and also used to prepare dumplings. If fried in oil; this dal will turn red and acquire a nutty flavour.  Foundation Earth has given Natco Urid Dal White a B rating meaning that it is an environmentally sustainable product. Foundation Earth gives each product a rating from A+ to G by assessing the farmin,Natco,lentils_dals,,vegetarian;vegan;gluten-free,,,Urid Dal White 2kg,,India,2,kg,/uploads/natco_urid-dal-white.jpg,,B,,natco,0,,true,published,Default,L7560
urid-dal-white,variant_01KSW8B06YWBYT3XPSWDF4VE0F,natco-urid-dal-white-1kg,,,1kg,Natco - Urid Dal White,,Urid (or Urad) beans split and dehusked to produce a small pale yellow split pea (dal). This dal has many uses and is popular in North and South Indian cuisine. Great for creamy dals and soups and also used to prepare dumplings. If fried in oil; this dal will turn red and acquire a nutty flavour.  Foundation Earth has given Natco Urid Dal White a B rating meaning that it is an environmentally sustainable product. Foundation Earth gives each product a rating from A+ to G by assessing the farmin,Natco,lentils_dals,,vegetarian;vegan;gluten-free,,,Urid Dal White 1kg,,India,1,kg,/uploads/natco_urid-dal-white.jpg,,B,,natco,0,,true,published,Default,L7568
uridsplit1,variant_01KSW8B0A7TEB275WF46KK3FM5,natco-urid-split-2kg,,,2kg,Natco - Urid Split,,Urid Split is made from Urid Beans and can be used to make dals and lentil dishes.Our products are manufactured in a site that handles gluten; soya; milk; nuts; peanuts; sesame; mustard; celery and sulphites.,Natco,lentils_dals,,vegetarian;vegan;gluten-free,,,Urid Split 2kg,,India,2,kg,/uploads/natco_uridsplit.jpg,,B,,natco,0,,true,published,Default,L7350
uridsplit1,variant_01KSW8B0D8D2Z8RS3HN6Z8K4PF,natco-urid-split-500g,,,500g,Natco - Urid Split,,Urid Split is made from Urid Beans and can be used to make dals and lentil dishes.Our products are manufactured in a site that handles gluten; soya; milk; nuts; peanuts; sesame; mustard; celery and sulphites.,Natco,lentils_dals,,vegetarian;vegan;gluten-free,,,Urid Split 500g,,India,500,g,/uploads/natco_uridsplit.jpg,,B,,natco,0,,true,published,Default,L7360
yellow-split-peas1,variant_01KSW8B0H31Z75SPVJW9MNQBYA,natco-yellow-split-peas-2kg,,,2kg,Natco - Yellow Split Peas,,Yellow split peas are perfect for soups; with a mild and creamy taste. Naturally low in fat; high in fibre and rich in protein. Foundation Earth has given Natco Yellow Split Peas an A rating meaning that it is a very environmentally sustainable product. Foundation Earth gives each product a rating from A+ to G by assessing the farming; processing; packaging and transport. Foundation Earth is an independent; non-profit organisation that issues environmental scores on food products; enabling con,Natco,beans_peas_pulses,,vegetarian;vegan;gluten-free,,,Yellow Split Peas 2kg,,India,2,kg,/uploads/natco_yellow-split-peas-case.jpg,,B,,natco,0,,true,published,Default,L9350
yellow-split-peas1,variant_01KSW8B0MDRXRPTVCXRADHA447,natco-yellow-split-peas-1kg,,,1kg,Natco - Yellow Split Peas,,Yellow split peas are perfect for soups; with a mild and creamy taste. Naturally low in fat; high in fibre and rich in protein. Foundation Earth has given Natco Yellow Split Peas an A rating meaning that it is a very environmentally sustainable product. Foundation Earth gives each product a rating from A+ to G by assessing the farming; processing; packaging and transport. Foundation Earth is an independent; non-profit organisation that issues environmental scores on food products; enabling con,Natco,beans_peas_pulses,,vegetarian;vegan;gluten-free,,,Yellow Split Peas 1kg,,India,1,kg,/uploads/natco_yellow-split-peas-case.jpg,,B,,natco,0,,true,published,Default,L9348
tamarindslab,variant_01KSW8B0WCDM0V6G2N3F58K6N5,natco-tamarind-slab-200g,,,200g,Natco - Tamarind Slab,,Natco Tamarind pulp is used in Indian and Thai cuisine for its sweetish; tangy flavour. Dilute in warm water for a few minutes and add to your chosen dish. This souring agent is used for chutneys; dips; sweet and sour dishes.Our products are manufactured in a site that handles gluten; soya; milk; nuts; peanuts; sesame; mustard; celery and sulphites.,Natco,canned_preserved_vegetables,,vegetarian;vegan;gluten-free,,,Tamarind Slab 200g,,India,200,g,/uploads/natco_tamarindslab.png,,B,,natco,0,,true,published,Default,R8160
takmuria,variant_01KSW8B10B14SSSKC1W2Q6R5WR,natco-takmuria-basil-seeds-100g,,,100g,Natco - Takmuria (Basil Seeds),,Basil seeds can be used in smoothies; drinks; desserts and baking.Basil seeds are very similar to chia seeds and can be used as a substitute in lots of recipes containing chia seeds. They are a little larger than chia seeds and have more fibre than chia seeds.They both swell and form a gel when soaked but basil seeds swell more quickly and to a larger size.Basil and Chia Seeds are good sources of calcium; iron and magnesium.Our products are manufactured in a site that handles gluten; soya; mi,Natco,whole_spices_seeds,,vegetarian,,,Takmuria (Basil Seeds) 100g,,India,100,g,/uploads/natco_ajwan-seeds-jar-100g.jpg,,B,,natco,0,,true,published,Default,R8300
ajwanseeds,variant_01KSW8B149KP8TB06PTNN63065,natco-ajwan-seeds-300g,,,300g,Natco - Ajwan Seeds,,Ajwan Seeds have a similar flavour to thyme but much stronger. Used in Indian breads; gram flour snacks. Also known as Carom. It is often confused with the Lovage seed.Our products are manufactured in a site that handles gluten; soya; milk; nuts; peanuts; sesame; mustard; celery and sulphites.,Natco,whole_spices_seeds,,vegetarian;vegan;gluten-free,,,Ajwan Seeds 300g,,India,300,g,/uploads/natco_ajwan-seeds-jar-100g.jpg,,B,,natco,0,,true,published,Default,S1160
amchoor-powder,variant_01KSW8B177G2XQD07AZK89TFM1,natco-amchoor-powder-400g,,,400g,Natco - Amchoor Powder,,Natco Amchoor Powder is made from peeled; dried; green mangoes. Used as souring agent in marinades and as a tenderiser. Best used towards the end of cooking. It can be used instead of salt if you are on a low sodium diet.Our products are manufactured in a site that handles gluten; soya; milk; nuts; peanuts; sesame; mustard; celery and sulphites.,Natco,powdered_spices,,vegetarian;vegan;gluten-free,,,Amchoor Powder 400g,,India,400,g,/uploads/natco_amchoor-powder-jar-100g.jpg,,B,,natco,0,,true,published,Default,S1350
chinese-5-spice,variant_01KSW8B1BDVX78ZZYJ6NZWA2DF,natco-chinese-5-spice-100g,,,100g,Natco - Chinese 5 Spice,,Chinese 5 Spice is a mix of five spices which cover the five tastes - sweet; sour; bitter; salty and umami. Containing fennel; cassia (similar flavour to cinnamon); ginger; pepper and cloves. This mixture is used acrossmany different kinds of Chinese cuisines; and especially for flavouring meat dishes.Ingredients:Fennel; Cassia; Ginger; Pepper; ClovesOur products are manufactured in a site that handles gluten; soya; milk; nuts; peanuts; sesame; mustard; celery and sulphites.,Natco,masalas_spice_blends,,vegetarian;vegan;gluten-free,,,Chinese 5 Spice 100g,,India,100,g,/uploads/natco_chinese-5-spice.png,,B,,natco,0,,true,published,Default,S1610
cardamomgreen,variant_01KSW8B1EMVFKGKPKKZSBTKVZT,natco-cardamom-green-200g,,,200g,Natco - Cardamom Green,,Natco Green Cardamoms are highly aromatic with a sweet distinctive flavour. Used in rice dishes; desserts; apple pies and Indian meat dishes. Place a few pods into a pot of tea or coffee and experience a delicious new taste. You can also break the pod open and use just the seeds; either whole or crushed.Our products are manufactured in a site that handles gluten; soya; milk; nuts; peanuts; sesame; mustard; celery and sulphites.,Natco,whole_spices_seeds,,vegetarian;vegan;gluten-free,,,Cardamom Green 200g,,India,200,g,/uploads/natco_cardamom-green-ground.jpg,,B,,natco,0,,true,published,Default,S1960
cardamomseeds,variant_01KSW8B1J3CV2FNHRMGVA0BY19,natco-cardamom-seeds-100g,,,100g,Natco - Cardamom Seeds,,Natco Green Cardamoms are highly aromatic with a sweet distinctive flavour. Used in rice dishes; desserts; apple pies and Indian meat dishes. Place a few pods into a pot of tea or coffee and experience a delicious new taste. These are just the seeds; removed from their pod.Our products are manufactured in a site that handles gluten; soya; milk; nuts; peanuts; sesame; mustard; celery and sulphites.,Natco,whole_spices_seeds,,vegetarian;vegan;gluten-free,,,Cardamom Seeds 100g,,India,100,g,/uploads/natco_cardamomseeds.jpg,,B,,natco,0,,true,published,Default,S2040
cardamom-green-ground,variant_01KSW8B1P5Q5NMDGDSBZ0W7XZQ,natco-cardamom-green-ground-50g,,,50g,Natco - Cardamom Green Ground,,Natco Green Cardamoms are highly aromatic with a sweet distinctive flavour. Used in rice dishes; desserts; apple pies and Indian meat dishes. Place a few pods into a pot of tea or coffee and experience a delicious new taste.Our products are manufactured in a site that handles gluten; soya; milk; nuts; peanuts; sesame; mustard; celery and sulphites.,Natco,powdered_spices,,vegetarian;vegan;gluten-free,,,Cardamom Green Ground 50g,,India,50,g,/uploads/natco_cardamom-green-jar-50g.jpg,,B,,natco,0,,true,published,Default,S2110
chilli-whole-stemless,variant_01KSW8B1TCY6M6R2HB95XV9FDN,natco-chilli-whole-stemless-200g,,,200g,Natco - Chilli Whole Stemless,,This is the whole dried fruit of the Capsicum annum. It is a fiery hot chilli; and it can be a good idea to remove the chilli from your dish before eating. For a light chilli flavour; heat slowly in a pan with oil; and then remove before adding the other ingredients.This chilli comes from India and is suitable for both vegetarians and vegans.Do not eat raw.Our products are manufactured in a site that handles gluten; soya; milk; nuts; peanuts; sesame; mustard; celery and sulphites.,Natco,whole_spices_seeds,,vegetarian;vegan;gluten-free,,,Chilli Whole Stemless 200g,,India,200,g,/uploads/natco_chilli-whole-stemless.jpg,,B,,natco,0,,true,published,Default,S2320
crushed-chilli,variant_01KSW8B1XSD82W7RF13FK5B8XR,natco-chilli-crushed-300g,,,300g,Natco - Chilli Crushed,,Natco Crushed Chillies; also known as chilli flakes; are hot and fiery; and can be used in place of whole chillies. They release their flavour quickly into dishes. Ideal as a seasoning for pizzas and casseroles.Our products are manufactured in a site that handles gluten; soya; milk; nuts; peanuts; sesame; mustard; celery and sulphites.,Natco,powdered_spices,,vegetarian;vegan;gluten-free,,,Chilli Crushed 300g,,India,300,g,/uploads/natco_chilli-crushed-jar-80g.jpg,,B,,natco,0,,true,published,Default,S2550
chilli-powder-kashmiri1,variant_01KSW8B217FDFCRD5JZ1YSM34H,natco-chilli-powder-kashmiri-100g,,,100g,Natco - Chilli Powder Kashmiri,,Natco Chilli Powder is made from the skins of dried chillies. It is hot and an essential base for all vindaloo recipes; providing considerable zest and flavour. This Kashmiri Chilli is known for being more mild; so can give a little heat without overpowering a dish.Our products are manufactured in a site that handles gluten; soya; milk; nuts; peanuts; sesame; mustard; celery and sulphites.,Natco,powdered_spices,,vegetarian;vegan;gluten-free,,,Chilli Powder Kashmiri 100g,,India,100,g,/uploads/natco_chilli-powder-hot-jar-100g.jpg,,B,,natco,0,,true,published,Default,S2720
chilli-powder-kashmiri1,variant_01KSW8B5FSVK08FCX3BVY250M8,natco-chilli-powder-kashmiri-400g,,,400g,Natco - Chilli Powder Kashmiri,,Natco Chilli Powder is made from the skins of dried chillies. It is hot and an essential base for all vindaloo recipes; providing considerable zest and flavour. This Kashmiri Chilli is known for being more mild; so can give a little heat without overpowering a dish.Our products are manufactured in a site that handles gluten; soya; milk; nuts; peanuts; sesame; mustard; celery and sulphites.,Natco,powdered_spices,,vegetarian;vegan;gluten-free,,,Chilli Powder Kashmiri 400g,,India,400,g,/uploads/natco_chilli-powder-hot-jar-100g.jpg,,B,,natco,0,,true,published,Default,S2715
chilli-powder-extra-hot,variant_01KSW8B24DC60N4X4C3J88W3DB,natco-chilli-powder-extra-hot-400g,,,400g,Natco - Chilli Powder Extra Hot,,Natco Hot Chilli Powder is made from the skins of dried chillies. It is extremely hot and an essential base for all vindaloo recipes; providing considerable zest and flavour. Not for the faint hearted!Our products are manufactured in a site that handles gluten; soya; milk; nuts; peanuts; sesame; mustard; celery and sulphites.,Natco,powdered_spices,,vegetarian;vegan;gluten-free,,,Chilli Powder Extra Hot 400g,,India,400,g,/uploads/natco_chilli-powder-hot-jar-100g.jpg,,B,,natco,0,,true,published,Default,S2745
chilli-powder,variant_01KSW8B28EMZF9JQB35QRHVYP5,natco-chilli-powder-1kg,,,1kg,Natco - Chilli Powder,,Natco Chilli Powder is made from the skins of dried chillies. It is hot and an essential base for all vindaloo recipes; providing considerable zest and flavour.Our products are manufactured in a site that handles gluten; soya; milk; nuts; peanuts; sesame; mustard; celery and sulphites.,Natco,powdered_spices,,vegetarian;vegan;gluten-free,,,Chilli Powder 1kg,,India,1,kg,/uploads/natco_chilli-powder-hot-jar-100g.jpg,,B,,natco,0,,true,published,Default,S2760
chilli-powder,variant_01KSW8B2BX4E1XB0TBJR63M1DY,natco-chilli-powder-100g,,,100g,Natco - Chilli Powder,,Natco Chilli Powder is made from the skins of dried chillies. It is hot and an essential base for all vindaloo recipes; providing considerable zest and flavour.Our products are manufactured in a site that handles gluten; soya; milk; nuts; peanuts; sesame; mustard; celery and sulphites.,Natco,powdered_spices,,vegetarian;vegan;gluten-free,,,Chilli Powder 100g,,India,100,g,/uploads/natco_chilli-powder-hot-jar-100g.jpg,,B,,natco,0,,true,published,Default,S2780
cinnamon-sticks,variant_01KSW8B2FCYT6X7A5TPWAYPV11,natco-cinnamon-sticks-50g,,,50g,Natco - Cinnamon Sticks,,Natco Cinnamon give a sweet; mild spicy flavour. Delicious in puddings; cakes; stewed fruits and hot drinks.Our products are manufactured in a site that handles gluten; soya; milk; nuts; peanuts; sesame; mustard; celery and sulphites.,Natco,whole_spices_seeds,,vegetarian;vegan;gluten-free,,,Cinnamon Sticks 50g,,India,50,g,/uploads/natco_cinnamon-sticks.jpg,,B,,natco,0,,true,published,Default,S3215
cloves,variant_01KSW8B2JQKEDJWQW8WPKV68BX,natco-cloves-200g,,,200g,Natco - Cloves,,Natco Cloves are one of the most useful spices. Use to make authentic garam masala; and in various dhals and pilau rice. It is used in many different types of cuisine. Add to hot water for a soothing drink.Our products are manufactured in a site that handles gluten; soya; milk; nuts; peanuts; sesame; mustard; celery and sulphites.,Natco,whole_spices_seeds,,vegetarian;vegan;gluten-free,,,Cloves 200g,,India,200,g,/uploads/natco_cloves-jar-50g.jpg,,B,,natco,0,,true,published,Default,S3560
cloves-ground,variant_01KSW8B2NQ0F9GVTPRJBX8B45S,natco-cloves-ground-50g,,,50g,Natco - Cloves Ground,,Natco Cloves are one of the most useful spices. Use to make authentic garam masala; and in various dhals and pilau rice. It is used in many different types of cuisines. This ground version is especially good in baking.Our products are manufactured in a site that handles gluten; soya; milk; nuts; peanuts; sesame; mustard; celery and sulphites.,Natco,powdered_spices,,vegetarian;vegan;gluten-free,,,Cloves Ground 50g,,India,50,g,/uploads/natco_cloves-ground.jpg,,B,,natco,0,,true,published,Default,S3605
coriander-seeds,variant_01KSW8B2SGAKMB2KJT2904G4RZ,natco-coriander-seeds-300g,,,300g,Natco - Coriander Seeds,,Natco Coriander Seeds are integral to many Indian dishes. They have a warm fragrant scent and a pleasant; mild taste.Our products are manufactured in a site that handles gluten; soya; milk; nuts; peanuts; sesame; mustard; celery and sulphites.,Natco,whole_spices_seeds,,vegetarian;vegan;gluten-free,,,Coriander Seeds 300g,,India,300,g,/uploads/natco_coriander-seeds-jar-60g.jpg,,B,,natco,0,,true,published,Default,S4160
cumin-seeds-black,variant_01KSW8B2XV2EDB0QPZMX3T2279,natco-cumin-seeds-black-100g,,,100g,Natco - Cumin Seeds Black,,Black Cumin Seeds are often confused with nigella seeds; but they are a different seed. They have a more mild flavour than regular cumin seeds and more peppery. They can be used in curries; lentils; and in pastries.Our products are manufactured in a site that handles gluten; soya; milk; nuts; peanuts; sesame; mustard; celery and sulphites.,Natco,whole_spices_seeds,,vegetarian;vegan;gluten-free,,,Cumin Seeds Black 100g,,India,100,g,/uploads/natco_cumin-seeds-black.jpg,,B,,natco,0,,true,published,Default,S5160
cumin-seeds,variant_01KSW8B324F3K5ZS6DD5ETMDAT,natco-cumin-seeds-400g,,,400g,Natco - Cumin Seeds,,Natco Cumin Seeds are an essential ingredient in curry and masala mixtures. Strongly aromatic - release their flavour by frying in oil before adding onions and other ingredients.Our products are manufactured in a site that handles gluten; soya; milk; nuts; peanuts; sesame; mustard; celery and sulphites.,Natco,whole_spices_seeds,,vegetarian;vegan;gluten-free,,,Cumin Seeds 400g,,India,400,g,/uploads/natco_cumin-seeds-black.jpg,,B,,natco,0,,true,published,Default,S5260
cumin-ground1,variant_01KSW8B36E0MDHZEFFP1SCF545,natco-cumin-ground-100g,,,100g,Natco - Cumin Ground,,Natco Ground Cumin gives a stronger flavour than whole seeds. Use in most Indian dishes; especially curries and dhals.Our products are manufactured in a site that handles gluten; soya; milk; nuts; peanuts; sesame; mustard; celery and sulphites.,Natco,powdered_spices,,vegetarian;vegan;gluten-free,,,Cumin Ground 100g,,India,100,g,/uploads/natco_cumin-ground-jars.jpg,,B,,natco,0,,true,published,Default,S5580
cumin-ground1,variant_01KSW8B6C7QF9C9H7X49TMBAK2,natco-cumin-ground-400g,,,400g,Natco - Cumin Ground,,Natco Ground Cumin gives a stronger flavour than whole seeds. Use in most Indian dishes; especially curries and dhals.Our products are manufactured in a site that handles gluten; soya; milk; nuts; peanuts; sesame; mustard; celery and sulphites.,Natco,powdered_spices,,vegetarian;vegan;gluten-free,,,Cumin Ground 400g,,India,400,g,/uploads/natco_cumin-ground-jars.jpg,,B,,natco,0,,true,published,Default,S5570
curry-powder-hot,variant_01KSW8B3AZAFGB04YGAVC4C2HF,natco-curry-powder-hot-400g,,,400g,Natco - Curry Powder Hot,,Natco Madras Curry Powder is an authentic blend of exotic spices which should be used in Indian cooking. Excellent for adding flavour to sauces; soups and rice.Our products are manufactured in a site that handles gluten; soya; milk; nuts; peanuts; sesame; mustard; celery and sulphites.,Natco,masalas_spice_blends,,vegetarian,,,Curry Powder Hot 400g,,India,400,g,/uploads/natco_curry-powder-hot.png,,B,,natco,0,,true,published,Default,S6150
curry-powder-hot,variant_01KSW8B6EV2D479JN7XNTEHPZS,natco-curry-powder-hot-100g,,,100g,Natco - Curry Powder Hot,,Natco Madras Curry Powder is an authentic blend of exotic spices which should be used in Indian cooking. Excellent for adding flavour to sauces; soups and rice.Our products are manufactured in a site that handles gluten; soya; milk; nuts; peanuts; sesame; mustard; celery and sulphites.,Natco,masalas_spice_blends,,vegetarian;vegan;gluten-free,,,Curry Powder Hot 100g,,India,100,g,/uploads/natco_curry-powder-hot.png,,B,,natco,0,,true,published,Default,S6160
curryleaves,variant_01KSW8B3EWVE9DE57QHQ5TE610,natco-curry-leaves-100g,,,100g,Natco - Curry Leaves,,The curry leaf is used mainly in South Indian cooking. Use generously; doubling the quantity in those recipes that require fresh curry leaves. Our products are manufactured in a site that handles gluten; soya; milk; nuts; peanuts; sesame; mustard; celery and sulphites.,Natco,herbs_leaves,,vegetarian,,,Curry Leaves 100g,,India,100,g,/uploads/natco_curryleaves.jpg,,B,,natco,0,,true,published,Default,S6430
fennel-seeds,variant_01KSW8B3JCNF0PCDKB4HQRKNW1,natco-fennel-seeds-400g,,,400g,Natco - Fennel Seeds,,Natco Fennel Seeds have a warm aroma and a sweetish taste like aniseed. Tastes great with seafood; pork; stuffings; sauces; pickles and some curries. In India it is chewed as a natural breath freshener and as an aid to digestion.Our products are manufactured in a site that handles gluten; soya; milk; nuts; peanuts; sesame; mustard; celery and sulphites.,Natco,whole_spices_seeds,,vegetarian;vegan;gluten-free,,,Fennel Seeds 400g,,India,400,g,/uploads/natco_fennel-seeds-jar.jpg,,B,,natco,0,,true,published,Default,S7160
garlic-powder,variant_01KSW8B3PGCHK9PBSGYGMKVEG1,natco-garlic-powder-100g,,,100g,Natco - Garlic Powder,,Natco Garlic Powder is a useful alternative to using fresh garlic in preparing Indian pastes. Mix in with butter and herbs to make your own garlic bread.Our products are manufactured in a site that handles gluten; soya; milk; nuts; peanuts; sesame; mustard; celery and sulphites.,Natco,powdered_spices,,vegetarian;vegan;gluten-free,,,Garlic Powder 100g,,India,100,g,/uploads/natco_garlic-powder-jar.jpg,,B,,natco,0,,true,published,Default,S7360
garlic-flakes,variant_01KSW8B3SZ5R9MDJGZ12X1PRW1,natco-garlic-flakes-100g,,,100g,Natco - Garlic Flakes,,&lt;p&gt;A useful store cupboard item to have at hand. Our garlic flakes retain the full flavour of fresh garlic.&lt;/p&gt;Our products are manufactured in a site that handles gluten; soya; milk; nuts; peanuts; sesame; mustard; celery and sulphites.,Natco,herbs_leaves,,vegetarian;vegan;gluten-free,,,Garlic Flakes 100g,,India,100,g,/uploads/natco_garlic-flakes.jpg,,B,,natco,0,,true,published,Default,S7385
tamarindwet,variant_01KSW8B3XCP984B45KRXHKGCN6,natco-tamarind-wet-400g,,,400g,Natco - Tamarind Wet,,Natco Tamarind is used in Indian and Thai cuisine for its sweetish; tangy flavour. Dilute in warm water for a few minutes and add to your chosen dish. This souring agent is used for chutneys; dips; sweet and sour dishes.Our products are manufactured in a site that handles gluten; soya; milk; nuts; peanuts; sesame; mustard; celery and sulphites.,Natco,canned_preserved_vegetables,,vegetarian;vegan;gluten-free,,,Tamarind Wet 400g,,India,400,g,/uploads/natco_tamarind-amp-date-sauce-340g.jpg,,B,,natco,0,,true,published,Default,R8200
ginger-powder,variant_01KSW8B41A2JY0R222CCCKCFWG,natco-ginger-powder-100g,,,100g,Natco - Ginger Powder,,Natco Ground Ginger is commonly used in Indian and Oriental cuisines. An essential ingredient for preparing pastes and marinades.Our products are manufactured in a site that handles gluten; soya; milk; nuts; peanuts; sesame; mustard; celery and sulphites.,Natco,powdered_spices,,vegetarian;vegan;gluten-free,,,Ginger Powder 100g,,India,100,g,/uploads/natco_ginger-powder.jpg,,B,,natco,0,,true,published,Default,S7560
kalanamak,variant_01KSW8B45F83N8GNA8HX8183DY,natco-kala-namak-300g,,,300g,Natco - Kala Namak,,Sprinkle lightly on fruit for an authentic snack that you would get from street vendors in India. Kala Namak; or Black Salt; has a strong smell and comes from the Himalayan regions. It is also used in Ayurvedic medicine for its medical properties.Our products are manufactured in a site that handles gluten; soya; milk; nuts; peanuts; sesame; mustard; celery and sulphites.,Natco,powdered_spices,,vegetarian;vegan;gluten-free,,,Kala Namak 300g,,India,300,g,/uploads/natco_kalanamak.jpg,,B,,natco,0,,true,published,Default,S7680
kalanamak,variant_01KSW8B7B9RNDAG6YBZPHDN9KA,natco-kala-namak-100g,,,100g,Natco - Kala Namak,,Sprinkle lightly on fruit for an authentic snack that you would get from street vendors in India. Kala Namak; or Black Salt; has a strong smell and comes from the Himalayan regions. It is also used in Ayurvedic medicine for its medical properties.Our products are manufactured in a site that handles gluten; soya; milk; nuts; peanuts; sesame; mustard; celery and sulphites.,Natco,powdered_spices,,vegetarian;vegan;gluten-free,,,Kala Namak 100g,,India,100,g,/uploads/natco_kalanamak.jpg,,B,,natco,0,,true,published,Default,S7690
nigella-seeds,variant_01KSW8B4A9ZZ75150XRVE3WE45,natco-kalwanji-nigella-seeds-300g,,,300g,Natco - Kalwanji (Nigella) Seeds,,Natco Kalwanji Seeds have a mild peppery flavour and are used in tandoori breads; spice mixes and buttered vegetables. Also known as onion or nigella seeds. They are sometimes mistaken for black cumin seeds; but they are a different kind of seed.Our products are manufactured in a site that handles gluten; soya; milk; nuts; peanuts; sesame; mustard; celery and sulphites.,Natco,whole_spices_seeds,,vegetarian;vegan;gluten-free,,,Kalwanji (Nigella) Seeds 300g,,India,300,g,/uploads/natco_nigella-seeds-jar.jpg,,B,,natco,0,,true,published,Default,S7750
mace-ground,variant_01KSW8B4DNMN8PE5QHZ3QWBGNS,natco-mace-ground-50g,,,50g,Natco - Mace Ground,,Mace is the outer layer of the nutmeg seed. Ground mace can be used in both savoury and sweet recipes.Our products are manufactured in a site that handles gluten; soya; milk; nuts; peanuts; sesame; mustard; celery and sulphites.,Natco,powdered_spices,,vegetarian;vegan;gluten-free,,,Mace Ground 50g,,India,50,g,/uploads/natco_mace-ground.jpg,,B,,natco,0,,true,published,Default,S7815
nutmeg-ground,variant_01KSW8B4H16FVGDQW2Y9N7JBGW,natco-nutmeg-ground-50g,,,50g,Natco - Nutmeg Ground,,Sprinkle Natco Ground Nutmeg into desserts; cake mixtures; custards and hot drinks.Our products are manufactured in a site that handles gluten; soya; milk; nuts; peanuts; sesame; mustard; celery and sulphites.,Natco,powdered_spices,,vegetarian;vegan;gluten-free,,tree-nuts,Nutmeg Ground 50g,,India,50,g,/uploads/natco_nutmeg-ground-jar.jpg,,B,,natco,0,,true,published,Default,S7900
methi-seeds,variant_01KSW8B4MCVXGN9J3FK42QV92J,natco-methi-seeds-fenugreek-400g,,,400g,Natco - Methi Seeds Fenugreek,,Natco Methi Seeds; or Fenugreek Seeds; can be sauted in hot oil before adding vegetables to your dish. Used in pickles and chutneys and an important ingredient of the Vindaloo. Sprouts easily like cress. Excellent in salads.Our products are manufactured in a site that handles gluten; soya; milk; nuts; peanuts; sesame; mustard; celery and sulphites.,Natco,whole_spices_seeds,,vegetarian;vegan;gluten-free,,,Methi Seeds Fenugreek 400g,,India,400,g,/uploads/natco_methi-seeds-jar.jpg,,B,,natco,0,,true,published,Default,S8160
mustard-seeds,variant_01KSW8B4REJTWCYZGQ7YQ2F6W7,natco-mustard-seeds-400g,,,400g,Natco - Mustard Seeds,,Natco Mustard Seeds have a delicious; mild nutty flavour. Despite their name; these are not very hot at all. It is usually best to saute them in hot oil before adding other ingredients. Used in many Indian vegetable dishes and go well with potatoes.Our products are manufactured in a site that handles gluten; soya; milk; nuts; peanuts; sesame; mustard; celery and sulphites.,Natco,whole_spices_seeds,,vegetarian;vegan;gluten-free,,mustard,Mustard Seeds 400g,,India,400,g,/uploads/natco_mustard-seeds-black-jar.jpg,,B,,natco,0,,true,published,Default,S8460
panchpuran-whole-spice,variant_01KSW8B4WHQDVWFNBCM4VR8F34,natco-panchpuran-5-whole-spice-1kg,,,1kg,Natco - Panchpuran (5 Whole Spice),,Panch puran also known a bengali five spice; this is a 5-spice mixture typical of bebal. It consists of fennel seeds; mustard seeds; fenugreek seeds; cumin seeds and kalwanji seeds in equal proportions.Our products are manufactured in a site that handles gluten; soya; milk; nuts; peanuts; sesame; mustard; celery and sulphites.,Natco,masalas_spice_blends,,vegetarian;vegan;gluten-free,,,Panchpuran (5 Whole Spice) 1kg,,India,1,kg,/uploads/natco_panchpuran-whole-spice.jpg,,B,,natco,0,,true,published,Default,S8650
chilli-whole-birdseye,variant_01KSW8B50R4KQF1MNPZ2TT59KZ,natco-chilli-whole-birdseye-150g,,,150g,Natco - Chilli Whole Birdseye,,Natco Birdseye Chillies are small but very hot; whole chillies that can be used instead of fresh chillies. Great for hot sauces &amp; chilli oil. Frying the chillies enhances their flavour. Bird Eye chillies may be small but they are very hot so use with care!Our products are manufactured in a site that handles gluten; soya; milk; nuts; peanuts; sesame; mustard; celery and sulphites.,Natco,whole_spices_seeds,,vegetarian;vegan;gluten-free,,,Chilli Whole Birdseye 150g,,India,150,g,/uploads/natco_chilli-whole-birdseye.jpg,,B,,natco,0,,true,published,Default,S2250
black-pepper-coarse,variant_01KSW8B54FY9KK6VCF89DS4S76,natco-black-pepper-coarse-300g,,,300g,Natco - Black Pepper Coarse,,Natco Black Pepper is a necessity for your home - pepper is the world's most popular spice! This is the coarsely ground version; but we also do finely ground and whole peppercorns.Our products are manufactured in a site that handles gluten; soya; milk; nuts; peanuts; sesame; mustard; celery and sulphites.,Natco,whole_spices_seeds,,vegetarian;vegan;gluten-free,,,Black Pepper Coarse 300g,,India,300,g,/uploads/natco_pappadoms-black-pepper-200g.jpg,,B,,natco,0,,true,published,Default,S9151
black-pepper-coarse,variant_01KSW8B58WH1HC5HWCV0WWGWZS,natco-black-pepper-coarse-1kg,,,1kg,Natco - Black Pepper Coarse,,Natco Black Pepper is a necessity for your home - pepper is the world's most popular spice! This is the coarsely ground version; but we also do finely ground and whole peppercorns.Our products are manufactured in a site that handles gluten; soya; milk; nuts; peanuts; sesame; mustard; celery and sulphites.,Natco,whole_spices_seeds,,vegetarian;vegan;gluten-free,,,Black Pepper Coarse 1kg,,India,1,kg,/uploads/natco_pappadoms-black-pepper-200g.jpg,,B,,natco,0,,true,published,Default,S9160
black-pepper-coarse,variant_01KSW8B83JCWNJ7RDXP0D2DYP1,natco-black-pepper-coarse-100g,,,100g,Natco - Black Pepper Coarse,,Natco Black Pepper is a necessity for your home - pepper is the world's most popular spice! This is the coarsely ground version; but we also do finely ground and whole peppercorns.Our products are manufactured in a site that handles gluten; soya; milk; nuts; peanuts; sesame; mustard; celery and sulphites.,Natco,whole_spices_seeds,,vegetarian;vegan;gluten-free,,,Black Pepper Coarse 100g,,India,100,g,/uploads/natco_pappadoms-black-pepper-200g.jpg,,B,,natco,0,,true,published,Default,S9152
black-pepper-whole,variant_01KSW8B5CC6QE0ZMG0EK2F9Z4G,natco-black-pepper-whole-1kg,,,1kg,Natco - Black Pepper Whole,,Natco Black Pepper is a necessity for your home - pepper is the world's most popular spice! This is the whole peppercorn version; but we also do coarsely ground and finely ground.Our products are manufactured in a site that handles gluten; soya; milk; nuts; peanuts; sesame; mustard; celery and sulphites.,Natco,whole_spices_seeds,,vegetarian;vegan;gluten-free,,,Black Pepper Whole 1kg,,India,1,kg,/uploads/natco_pappadoms-black-pepper-200g.jpg,,B,,natco,0,,true,published,Default,S9250
black-pepper-whole,variant_01KSW8B5KXSC145KCXXN1AKDFF,natco-black-pepper-whole-300g,,,300g,Natco - Black Pepper Whole,,Natco Black Pepper is a necessity for your home - pepper is the world's most popular spice! This is the whole peppercorn version; but we also do coarsely ground and finely ground.Our products are manufactured in a site that handles gluten; soya; milk; nuts; peanuts; sesame; mustard; celery and sulphites.,Natco,whole_spices_seeds,,vegetarian;vegan;gluten-free,,,Black Pepper Whole 300g,,India,300,g,/uploads/natco_pappadoms-black-pepper-200g.jpg,,B,,natco,0,,true,published,Default,S9260
black-pepper-ground,variant_01KSW8B5R4QYQQYVS6WS8NV8HC,natco-black-pepper-ground-400g,,,400g,Natco - Black Pepper Ground,,Natco Black Pepper is a necessity for your home - pepper is the world's most popular spice! This is the finely ground version; but we also do coarsely ground and whole peppercorns.Our products are manufactured in a site that handles gluten; soya; milk; nuts; peanuts; sesame; mustard; celery and sulphites.,Natco,powdered_spices,,vegetarian;vegan;gluten-free,,,Black Pepper Ground 400g,,India,400,g,/uploads/natco_pappadoms-black-pepper-200g.jpg,,B,,natco,0,,true,published,Default,S9350
white-pepper-ground,variant_01KSW8B5V9VCJRF5Z8Q9GYCFAG,natco-white-pepper-ground-100g,,,100g,Natco - White Pepper Ground,,Natco White Pepper is made from black pepper with the outer skin of the fruit removed by soaking and part fermentation. It is slightly less hot than black pepper.Our products are manufactured in a site that handles gluten; soya; milk; nuts; peanuts; sesame; mustard; celery and sulphites.,Natco,powdered_spices,,vegetarian;vegan;gluten-free,,,White Pepper Ground 100g,,India,100,g,/uploads/natco_white-pepper-ground-jar.jpg,,B,,natco,0,,true,published,Default,S9470
saffron,variant_01KSW8B5ZCGT3TMB2NTJRPR2Q8,natco-saffron-1g,,,1g,Natco - Saffron,,Natco's Saffron is Mancha grade and of the finest quality. Saffron is strongly perfumed; with the scent of honey. It is used in a lot of rice dishes and desserts; especially in Iranian and Indian cuisines.Our products are manufactured in a site that handles gluten; soya; milk; nuts; peanuts; sesame; mustard; celery and sulphites.,Natco,whole_spices_seeds,,vegetarian;vegan;gluten-free,,,Saffron 1g,,India,1,g,/uploads/natco_saffron.png,,B,,natco,0,,true,published,Default,S9555
turmeric-powder,variant_01KSW8B634B08PFD2R7RZXHYNY,natco-turmeric-powder-400g,,,400g,Natco - Turmeric Powder,,Natco Turmeric Powder is part of the same family as ginger. A colourful; mildly aromatic and versatile spice used in most Indian dishes. Use sparingly.Our products are manufactured in a site that handles gluten; soya; milk; nuts; peanuts; sesame; mustard; celery and sulphites.,Natco,powdered_spices,,vegetarian;vegan;gluten-free,,,Turmeric Powder 400g,,India,400,g,/uploads/natco_turmeric-powder-jar.jpg,,B,,natco,0,,true,published,Default,S9870
cassia,variant_01KSW8B66EZD4F0P2SY3HAEKBH,natco-cassia-dalchini-400g,,,400g,Natco - Cassia (Dalchini),,Similar to cinnamon sticks; cassia sticks can be used to flavour sweet and savoury dishes.Our products are manufactured in a site that handles gluten; soya; milk; nuts; peanuts; sesame; mustard; celery and sulphites.,Natco,whole_spices_seeds,,vegetarian;vegan;gluten-free,,,Cassia (Dalchini) 400g,,India,400,g,/uploads/natco_cassia-dalchini-jar-50g.jpg,,B,,natco,0,,true,published,Default,S3150
coriander-ground,variant_01KSW8B69MRYXN28CH18XFKY3P,natco-coriander-ground-400g,,,400g,Natco - Coriander Ground,,Natco Ground Coriander is used in many Indian dishes; and goes very well with cumin powder.Our products are manufactured in a site that handles gluten; soya; milk; nuts; peanuts; sesame; mustard; celery and sulphites.,Natco,powdered_spices,,vegetarian;vegan;gluten-free,,,Coriander Ground 400g,,India,400,g,/uploads/natco_coriander-ground-jar-70g.jpg,,B,,natco,0,,true,published,Default,S4570
curry-powder,variant_01KSW8B6J6W0A5EG7864T3DRE9,natco-curry-powder-400g,,,400g,Natco - Curry Powder,,Natco Madras Curry Powder is an authentic blend of exotic spices which should be used in Indian cooking. Excellent for adding flavour to sauces; soups and rice.Our products are manufactured in a site that handles gluten; soya; milk; nuts; peanuts; sesame; mustard; celery and sulphites.,Natco,masalas_spice_blends,,vegetarian;vegan;gluten-free,,,Curry Powder 400g,,India,400,g,/uploads/natco_curry-powder-hot.png,,B,,natco,0,,true,published,Default,S6370
cumin-seeds-jar,variant_01KSW8B6NCVRTWVX0GVAG84MF3,natco-cumin-seeds-jar-100g,,,100g,Natco - Cumin Seeds Jar,,Natco Cumin Seeds are an essential ingredient in curry and masala mixtures. Strongly aromatic - release their flavour by frying in oil before adding onions and other ingredients.Our products are manufactured in a site that handles gluten; soya; milk; nuts; peanuts; sesame; mustard; celery and sulphites.,Natco,whole_spices_seeds,,vegetarian;vegan;gluten-free,,,Cumin Seeds Jar 100g,,India,100,g,/uploads/natco_cumin-seeds-black.jpg,,B,,natco,0,,true,published,Default,T4507
cumin-ground-jars,variant_01KSW8B6RDKM3SGH87M10DDP55,natco-cumin-ground-jar-70g,,,70g,Natco - Cumin Ground Jar,,Natco Ground Cumin gives a stronger flavour than whole seeds. Use in most Indian dishes; especially curries and dhals.Our products are manufactured in a site that handles gluten; soya; milk; nuts; peanuts; sesame; mustard; celery and sulphites.,Natco,powdered_spices,,vegetarian;vegan;gluten-free,,,Cumin Ground Jar 70g,,India,70,g,/uploads/natco_cumin-ground-jars.jpg,,B,,natco,0,,true,published,Default,T4756
curry-powder-medium-jar,variant_01KSW8B6VMWRRHZD2A2D4RED9K,natco-curry-powder-medium-jar-100g,,,100g,Natco - Curry Powder Medium Jar,,Natco Madras Curry Powder is an authentic blend of exotic spices which should be used in Indian cooking. Excellent for adding flavour to sauces; soups and rice.Our products are manufactured in a site that handles gluten; soya; milk; nuts; peanuts; sesame; mustard; celery and sulphites.,Natco,masalas_spice_blends,,vegetarian;vegan;gluten-free,,,Curry Powder Medium Jar 100g,,India,100,g,/uploads/natco_curry-powder-medium-jar.jpg,,B,,natco,0,,true,published,Default,T5407
fennel-seeds-jar,variant_01KSW8B6ZRNK0QQMD7KBD2J97W,natco-fennel-seeds-jar-100g,,,100g,Natco - Fennel Seeds Jar,,Natco Fennel Seeds have a warm aroma and a sweetish taste like aniseed. Tastes great with seafood; pork; stuffings; sauces; pickles and some curries. In India it is chewed as a natural breath freshener and as an aid to digestion.Our products are manufactured in a site that handles gluten; soya; milk; nuts; peanuts; sesame; mustard; celery and sulphites.,Natco,whole_spices_seeds,,vegetarian;vegan;gluten-free,,,Fennel Seeds Jar 100g,,India,100,g,/uploads/natco_fennel-seeds-jar.jpg,,B,,natco,0,,true,published,Default,T5807
garlic-powder-jar,variant_01KSW8B74AQ8GE8HXQQZ9KBTEP,natco-garlic-powder-jar-100g,,,100g,Natco - Garlic Powder Jar,,Natco Garlic Powder is a useful alternative to using fresh garlic in preparing Indian pastes. Mix in with butter and herbs to make your own garlic bread.Our products are manufactured in a site that handles gluten; soya; milk; nuts; peanuts; sesame; mustard; celery and sulphites.,Natco,powdered_spices,,vegetarian;vegan;gluten-free,,,Garlic Powder Jar 100g,,India,100,g,/uploads/natco_garlic-powder-jar.jpg,,B,,natco,0,,true,published,Default,T6352
nigella-seeds-jar,variant_01KSW8B77QA8J8MKEY7CK71B7D,natco-kalwanji-nigella-seeds-jar-100g,,,100g,Natco - Kalwanji (Nigella) Seeds Jar,,Natco Kalwanji Seeds have a mild peppery flavour and are used in tandoori breads; spice mixes and buttered vegetables. Also known as onion or nigella seeds. They are sometimes mistaken for black cumin seeds; but they are a different kind of seed.Our products are manufactured in a site that handles gluten; soya; milk; nuts; peanuts; sesame; mustard; celery and sulphites.,Natco,whole_spices_seeds,,vegetarian;vegan;gluten-free,,,Kalwanji (Nigella) Seeds Jar 100g,,India,100,g,/uploads/natco_nigella-seeds-jar.jpg,,B,,natco,0,,true,published,Default,T6752
methi-leaves-jar,variant_01KSW8B7ER8KF5J7G2QV0Z795Y,natco-methi-leaves-jar-10g,,,10g,Natco - Methi Leaves Jar,,Methi Leaves are grown from Fenugreek seeds and have a stronger; distinctive flavour. Natco Methi Leaves have been specially selected for their strong aroma and mildly bitter aftertaste which is characteristic of the finest Fenugreek. Commonly used in a variety of spice blends they are good in soups; stews and with most root vegetable dishes such as carrot and potato.Our products are manufactured in a site that handles gluten; soya; milk; nuts; peanuts; sesame; mustard; celery and sulphites.,Natco,herbs_leaves,,vegetarian;vegan;gluten-free,,,Methi Leaves Jar 10g,,India,10,g,/uploads/natco_kasuri-methi-leaves-100g.jpg,,B,,natco,0,,true,published,Default,T7552
mustard-seeds-black-jar,variant_01KSW8B7J0HC2JME07EDCA5WZ9,natco-mustard-seeds-black-jar-100g,,,100g,Natco - Mustard Seeds Black Jar,,Natco Mustard Seeds have a delicious; mild nutty flavour. Despite their name; these are not very hot at all. It is usually best to saute them in hot oil before adding other ingredients. Used in many Indian vegetable dishes and go well with potatoes.Our products are manufactured in a site that handles gluten; soya; milk; nuts; peanuts; sesame; mustard; celery and sulphites.,Natco,whole_spices_seeds,,vegetarian;vegan;gluten-free,,mustard,Mustard Seeds Black Jar 100g,,India,100,g,/uploads/natco_mustard-seeds-black-jar.jpg,,B,,natco,0,,true,published,Default,T7652
yellow-mustard-seeds,variant_01KSW8B7N1ZQ9FR197P4MSR9YH,natco-yellow-mustard-seeds-300g,,,300g,Natco - Yellow Mustard Seeds,,One of the most commonly used Indian spices.These are normally sauteed in hot oil; and impart a delicious mild nutty flavour to most Indian vegetable dishes.Our products are manufactured in a site that handles gluten; soya; milk; nuts; peanuts; sesame; mustard; celery and sulphites.,Natco,whole_spices_seeds,,vegetarian;vegan;gluten-free,,mustard,Yellow Mustard Seeds 300g,,India,300,g,/uploads/natco_yellow-mustard-seeds.jpg,,B,,natco,0,,true,published,Default,S8410
nutmeg-whole-jar,variant_01KSW8B7R1VWPYRDCMBC20HTQE,natco-nutmeg-whole-jar-100g,,,100g,Natco - Nutmeg Whole Jar,,Grate whole nutmeg into desserts; cake mixtures; custards; homemade granola and hot drinks.Our products are manufactured in a site that handles gluten; soya; milk; nuts; peanuts; sesame; mustard; celery and sulphites.,Natco,whole_spices_seeds,,vegetarian;vegan;gluten-free,,tree-nuts,Nutmeg Whole Jar 100g,,India,100,g,/uploads/natco_nutmeg-whole-jar.jpg,,B,,natco,0,,true,published,Default,T7707
nutmeg-ground-jar,variant_01KSW8B7W6VH2ASRB2572T9EP4,natco-nutmeg-ground-jar-100g,,,100g,Natco - Nutmeg Ground Jar,,Sprinkle Natco Ground Nutmeg into desserts; cake mixtures; custards and hot drinks.Our products are manufactured in a site that handles gluten; soya; milk; nuts; peanuts; sesame; mustard; celery and sulphites.,Natco,powdered_spices,,vegetarian;vegan;gluten-free,,tree-nuts,Nutmeg Ground Jar 100g,,India,100,g,/uploads/natco_nutmeg-ground-jar.jpg,,B,,natco,0,,true,published,Default,T7807
paprika-powder,variant_01KSW8B7ZD83EFAHGR7E0FPKFG,natco-paprika-powder-400g,,,400g,Natco - Paprika Powder,,Natco Paprika Powder is ground from the finest quality capsicums. It adds a wonderful flavour and a reddish colour to foods. A sweet piquant spice.Our products are manufactured in a site that handles gluten; soya; milk; nuts; peanuts; sesame; mustard; celery and sulphites.,Natco,powdered_spices,,vegetarian;vegan;gluten-free,,,Paprika Powder 400g,,India,400,g,/uploads/natco_paprika-powder-jar.jpg,,B,,natco,0,,true,published,Default,S8770
paprika-powder-jar,variant_01KSW8B86QCPTX1YX85FC1M3TF,natco-paprika-powder-jar-100g,,,100g,Natco - Paprika Powder Jar,,Natco Paprika Powder is ground from the finest quality capsicums. It adds a wonderful flavour and a reddish colour to foods. A sweet piquant spice.Our products are manufactured in a site that handles gluten; soya; milk; nuts; peanuts; sesame; mustard; celery and sulphites.,Natco,powdered_spices,,vegetarian;vegan;gluten-free,,,Paprika Powder Jar 100g,,India,100,g,/uploads/natco_paprika-powder-jar.jpg,,B,,natco,0,,true,published,Default,T8252
black-pepper-whole-jar,variant_01KSW8B89Z5J6M4H46NFSWG93B,natco-black-pepper-whole-jar-100g,,,100g,Natco - Black Pepper Whole Jar,,Natco Black Pepper is a necessity for your home - pepper is the world's most popular spice! This is the whole peppercorn version; but we also do coarsely ground and finely ground.Our products are manufactured in a site that handles gluten; soya; milk; nuts; peanuts; sesame; mustard; celery and sulphites.,Natco,whole_spices_seeds,,vegetarian;vegan;gluten-free,,,Black Pepper Whole Jar 100g,,India,100,g,/uploads/natco_pappadoms-black-pepper-200g.jpg,,B,,natco,0,,true,published,Default,T8307
white-pepper-ground-jar,variant_01KSW8B8CS3A2EB283887HW07Y,natco-white-pepper-ground-jar-100g,,,100g,Natco - White Pepper Ground Jar,,Natco White Pepper is made from black pepper with the outer skin of the fruit removed by soaking and part fermentation. It is slightly less hot than black pepper.Our products are manufactured in a site that handles gluten; soya; milk; nuts; peanuts; sesame; mustard; celery and sulphites.,Natco,powdered_spices,,vegetarian;vegan;gluten-free,,,White Pepper Ground Jar 100g,,India,100,g,/uploads/natco_white-pepper-ground-jar.jpg,,B,,natco,0,,true,published,Default,T8607
tamarind-paste-jar,variant_01KSW8B8GMDB7X0EX4T47YQC83,natco-tamarind-paste-jar-250g,,,250g,Natco - Tamarind Paste Jar,,Natco Tamarind Paste is one of the highest quality available. It is used widely in Indian and Thai cuisine for its sweet and tangy flavour. You can dilute in warm water for a few minutes and add to your chosen dish; or directly add to your cooking. This souring agent is used for chutneys; dips; sweet and sour dishes.Our products are manufactured in a site that handles gluten; soya; milk; nuts; peanuts; sesame; mustard; celery and sulphites.,Natco,cooking_pastes_sauces,,vegetarian;vegan;gluten-free,,,Tamarind Paste Jar 250g,,India,250,g,/uploads/natco_tamarind-paste-jar.jpg,,B,,natco,0,,true,published,Default,T9151
turmeric-powder-jar,variant_01KSW8B8KV6S0YHCYDXXGT1933,natco-turmeric-powder-jar-100g,,,100g,Natco - Turmeric Powder Jar,,Natco Turmeric Powder is part of the same family as ginger. A colourful; mildly aromatic and versatile spice used in most Indian dishes. Use sparingly.Our products are manufactured in a site that handles gluten; soya; milk; nuts; peanuts; sesame; mustard; celery and sulphites.,Natco,powdered_spices,,vegetarian;vegan;gluten-free,,,Turmeric Powder Jar 100g,,India,100,g,/uploads/natco_turmeric-powder-jar.jpg,,B,,natco,0,,true,published,Default,T9807
ground-ginger-jar,variant_01KSW8B8QACJ7T24GXHE4NYKQW,natco-ground-ginger-jar-70g,,,70g,Natco - Ground Ginger Jar,,Natco Ground Ginger is commonly used in Indian and Oriental cuisines. An essential ingredient for preparing pastes and marinades.Our products are manufactured in a site that handles gluten; soya; milk; nuts; peanuts; sesame; mustard; celery and sulphites.,Natco,powdered_spices,,vegetarian;vegan;gluten-free,,,Ground Ginger Jar 70g,,India,70,g,/uploads/natco_ground-ginger-jar.jpg,,B,,natco,0,,true,published,Default,T6509
methi-seeds-jar,variant_01KSW8B8TVXDS1NCMN9PH2J0VF,natco-methi-seeds-jar-100g,,,100g,Natco - Methi Seeds Jar,,Natco Methi Seeds; or Fenugreek Seeds; can be sauted in hot oil before adding vegetables to your dish. Used in pickles and chutneys and an important ingredient of the Vindaloo. Sprouts easily like cress. Excellent in salads.Our products are manufactured in a site that handles gluten; soya; milk; nuts; peanuts; sesame; mustard; celery and sulphites.,Natco,whole_spices_seeds,,vegetarian;vegan;gluten-free,,,Methi Seeds Jar 100g,,India,100,g,/uploads/natco_methi-seeds-jar.jpg,,B,,natco,0,,true,published,Default,T7352
black-pepper-ground-jar,variant_01KSW8B8Y7H4322M8XQC4PNMKY,natco-black-pepper-ground-jar-100g,,,100g,Natco - Black Pepper Ground Jar,,Natco Black Pepper is a necessity for your home - pepper is the world's most popular spice! This is the finely ground version; but we also do coarsely ground and whole peppercorns.Our products are manufactured in a site that handles gluten; soya; milk; nuts; peanuts; sesame; mustard; celery and sulphites.,Natco,powdered_spices,,vegetarian;vegan;gluten-free,,,Black Pepper Ground Jar 100g,,India,100,g,/uploads/natco_pappadoms-black-pepper-200g.jpg,,B,,natco,0,,true,published,Default,T8407
trs-coarse-black-pepper,variant_01KSYEGM4FD7CKTBP4C37CTZVJ,trs-trs-coarse-black-pepper-100g,,,100g,TRS Coarse Black Pepper,,Coarse Black pepper retains a larger grind and a more powerful aroma and flavour than the finer grinds.,Trs,powdered_spices,,vegetarian,,,TRS Coarse Black Pepper,,India,100,g,/uploads/trs_coarse-black-pepper.png,,B,,trs,0,,true,published,100g,trs-coarse-black-pepper-v0
trs-coarse-black-pepper,variant_01KSYEGM4GD65Z03XJP53VRDJM,trs-trs-coarse-black-pepper-1kg,,,1kg,TRS Coarse Black Pepper,,Coarse Black pepper retains a larger grind and a more powerful aroma and flavour than the finer grinds.,Trs,powdered_spices,,vegetarian,,,TRS Coarse Black Pepper,,India,1,kg,/uploads/trs_coarse-black-pepper.png,,B,,trs,0,,true,published,1kg,trs-coarse-black-pepper-v1
trs-coarse-black-pepper,variant_01KSYEGM4GRY6NVKGD1KJ4SA63,trs-trs-coarse-black-pepper-400g,,,400g,TRS Coarse Black Pepper,,Coarse Black pepper retains a larger grind and a more powerful aroma and flavour than the finer grinds.,Trs,powdered_spices,,vegetarian,,,TRS Coarse Black Pepper,,India,400,g,/uploads/trs_coarse-black-pepper.png,,B,,trs,0,,true,published,400g,trs-coarse-black-pepper-v2
trs-coarse-cornmeal,variant_01KSYEGMC2BECZ7471A8043S1J,trs-trs-coarse-cornmeal-15kg,,,1.5kg,TRS Coarse Cornmeal,,Naturally gluten-free; cornmeal products add texture and flavour to various dishes. Cornmeal is perfect in cornbread; porridge; or even cakes. Mix with rich flavours in main dishes; sides; and sweet treats.,Trs,speciality_flours_grains,,vegetarian,,,TRS Coarse Cornmeal,,India,1.5,kg,/uploads/trs_coarse-cornmeal.png,,B,,trs,0,,true,published,1.5kg,trs-coarse-cornmeal-v0
trs-coarse-cornmeal,variant_01KSYEGMC361SXZMAM8STVJQWW,trs-trs-coarse-cornmeal-500g,,,500g,TRS Coarse Cornmeal,,Naturally gluten-free; cornmeal products add texture and flavour to various dishes. Cornmeal is perfect in cornbread; porridge; or even cakes. Mix with rich flavours in main dishes; sides; and sweet treats.,Trs,speciality_flours_grains,,vegetarian,,,TRS Coarse Cornmeal,,India,500,g,/uploads/trs_coarse-cornmeal.png,,B,,trs,0,,true,published,500g,trs-coarse-cornmeal-v1
trs-coarse-cornmeal,variant_01KSYEGMC3X59WSQJXMK8CJVMZ,trs-trs-coarse-cornmeal-5kg,,,5kg,TRS Coarse Cornmeal,,Naturally gluten-free; cornmeal products add texture and flavour to various dishes. Cornmeal is perfect in cornbread; porridge; or even cakes. Mix with rich flavours in main dishes; sides; and sweet treats.,Trs,speciality_flours_grains,,vegetarian,,,TRS Coarse Cornmeal,,India,5,kg,/uploads/trs_coarse-cornmeal.png,,B,,trs,0,,true,published,5kg,trs-coarse-cornmeal-v2
trs-coarse-semolina,variant_01KSYEGMH6WGCXPRFGWENNP8QJ,trs-trs-coarse-semolina-15kg,,,1.5kg,TRS Coarse Semolina,,Coarse Semolina is a coarsely milled wheat used to make cereals; puddings; pasta; and sweet dishes. Semolina is quite popular in South Asian and African cuisine.,Trs,semolina_rava,,vegetarian,,gluten,TRS Coarse Semolina,,India,1.5,kg,/uploads/trs_coarse-semolina.png,,B,,trs,0,,true,published,1.5kg,trs-coarse-semolina-v0
trs-coarse-semolina,variant_01KSYEGMH6QYBE5MG84712E1TJ,trs-trs-coarse-semolina-500g,,,500g,TRS Coarse Semolina,,Coarse Semolina is a coarsely milled wheat used to make cereals; puddings; pasta; and sweet dishes. Semolina is quite popular in South Asian and African cuisine.,Trs,semolina_rava,,vegetarian,,gluten,TRS Coarse Semolina,,India,500,g,/uploads/trs_coarse-semolina.png,,B,,trs,0,,true,published,500g,trs-coarse-semolina-v1
trs-coarse-semolina,variant_01KSYEGMH60DC9VQPQQNP5HMXM,trs-trs-coarse-semolina-5kg,,,5kg,TRS Coarse Semolina,,Coarse Semolina is a coarsely milled wheat used to make cereals; puddings; pasta; and sweet dishes. Semolina is quite popular in South Asian and African cuisine.,Trs,semolina_rava,,vegetarian,,gluten,TRS Coarse Semolina,,India,5,kg,/uploads/trs_coarse-semolina.png,,B,,trs,0,,true,published,5kg,trs-coarse-semolina-v2
trs-coriander-powder-dhania,variant_01KSYEGMP71K4M4SN9RZ7YPNK8,trs-trs-coriander-powder-dhania-100g,,,100g,TRS Coriander Powder (Dhania),,Thicken and flavour curry; gravy; and other sauces with our warming coriander powder. Mellow and bittersweet; this versatile spice can enhance various dishes; from sambhars to salads. It is a cupboard essential to add flavour to your cooking at a momentâ€™s notice.,Trs,powdered_spices,,vegetarian,,,TRS Coriander Powder (Dhania),,India,100,g,/uploads/trs_coriander-powder-dhania.png,,B,,trs,0,,true,published,100g,trs-coriander-powder-dhania-v0
trs-coriander-powder-dhania,variant_01KSYEGMP7VK9HEG7JYWN205A3,trs-trs-coriander-powder-dhania-1kg,,,1kg,TRS Coriander Powder (Dhania),,Thicken and flavour curry; gravy; and other sauces with our warming coriander powder. Mellow and bittersweet; this versatile spice can enhance various dishes; from sambhars to salads. It is a cupboard essential to add flavour to your cooking at a momentâ€™s notice.,Trs,powdered_spices,,vegetarian,,,TRS Coriander Powder (Dhania),,India,1,kg,/uploads/trs_coriander-powder-dhania.png,,B,,trs,0,,true,published,1kg,trs-coriander-powder-dhania-v1
trs-coriander-powder-dhania,variant_01KSYEGMP7T8P7TK5CT015M2JJ,trs-trs-coriander-powder-dhania-200g,,,200g,TRS Coriander Powder (Dhania),,Thicken and flavour curry; gravy; and other sauces with our warming coriander powder. Mellow and bittersweet; this versatile spice can enhance various dishes; from sambhars to salads. It is a cupboard essential to add flavour to your cooking at a momentâ€™s notice.,Trs,powdered_spices,,vegetarian,,,TRS Coriander Powder (Dhania),,India,200,g,/uploads/trs_coriander-powder-dhania.png,,B,,trs,0,,true,published,200g,trs-coriander-powder-dhania-v2
trs-coriander-powder-dhania,variant_01KSYEGMP7NABQ62HG67HBJYY8,trs-trs-coriander-powder-dhania-400g,,,400g,TRS Coriander Powder (Dhania),,Thicken and flavour curry; gravy; and other sauces with our warming coriander powder. Mellow and bittersweet; this versatile spice can enhance various dishes; from sambhars to salads. It is a cupboard essential to add flavour to your cooking at a momentâ€™s notice.,Trs,powdered_spices,,vegetarian,,,TRS Coriander Powder (Dhania),,India,400,g,/uploads/trs_coriander-powder-dhania.png,,B,,trs,0,,true,published,400g,trs-coriander-powder-dhania-v3
trs-coriander-powder-dhania,variant_01KSYEGMP75TRPY5F7JE7K3SA1,trs-trs-coriander-powder-dhania-5kg,,,5kg,TRS Coriander Powder (Dhania),,Thicken and flavour curry; gravy; and other sauces with our warming coriander powder. Mellow and bittersweet; this versatile spice can enhance various dishes; from sambhars to salads. It is a cupboard essential to add flavour to your cooking at a momentâ€™s notice.,Trs,powdered_spices,,vegetarian,,,TRS Coriander Powder (Dhania),,India,5,kg,/uploads/trs_coriander-powder-dhania.png,,B,,trs,0,,true,published,5kg,trs-coriander-powder-dhania-v4
trs-coriander-seeds-whole-dhania,variant_01KSYEGMVNC612V1FTD0XF7Z7Q,trs-trs-coriander-seeds-whole-dhania-100g,,,100g,TRS Coriander Seeds (Whole Dhania),,Our aromatic and warming whole coriander is ideal for cooking authentic South Asian dishes. Mellow and bittersweet; this versatile spice can be used in various dishes; from soups to salads. Perfect for your pantry to add flavour to your cooking at a momentâ€™s notice.,Trs,whole_spices_seeds,,vegetarian,,,TRS Coriander Seeds (Whole Dhania),,India,100,g,/uploads/trs_coriander-seeds-whole-dhania.png,,B,,trs,0,,true,published,100g,trs-coriander-seeds-whole-dhania-v0
trs-coriander-seeds-whole-dhania,variant_01KSYEGMVNGFZXA7PYXHBPE0DT,trs-trs-coriander-seeds-whole-dhania-250g,,,250g,TRS Coriander Seeds (Whole Dhania),,Our aromatic and warming whole coriander is ideal for cooking authentic South Asian dishes. Mellow and bittersweet; this versatile spice can be used in various dishes; from soups to salads. Perfect for your pantry to add flavour to your cooking at a momentâ€™s notice.,Trs,whole_spices_seeds,,vegetarian,,,TRS Coriander Seeds (Whole Dhania),,India,250,g,/uploads/trs_coriander-seeds-whole-dhania.png,,B,,trs,0,,true,published,250g,trs-coriander-seeds-whole-dhania-v1
trs-coriander-seeds-whole-dhania,variant_01KSYEGMVNFF462W1HKE2W5EDG,trs-trs-coriander-seeds-whole-dhania-3kg,,,3kg,TRS Coriander Seeds (Whole Dhania),,Our aromatic and warming whole coriander is ideal for cooking authentic South Asian dishes. Mellow and bittersweet; this versatile spice can be used in various dishes; from soups to salads. Perfect for your pantry to add flavour to your cooking at a momentâ€™s notice.,Trs,whole_spices_seeds,,vegetarian,,,TRS Coriander Seeds (Whole Dhania),,India,3,kg,/uploads/trs_coriander-seeds-whole-dhania.png,,B,,trs,0,,true,published,3kg,trs-coriander-seeds-whole-dhania-v2
trs-coriander-seeds-whole-dhania,variant_01KSYEGMVNB40JQTWFXQQPK13D,trs-trs-coriander-seeds-whole-dhania-750g,,,750g,TRS Coriander Seeds (Whole Dhania),,Our aromatic and warming whole coriander is ideal for cooking authentic South Asian dishes. Mellow and bittersweet; this versatile spice can be used in various dishes; from soups to salads. Perfect for your pantry to add flavour to your cooking at a momentâ€™s notice.,Trs,whole_spices_seeds,,vegetarian,,,TRS Coriander Seeds (Whole Dhania),,India,750,g,/uploads/trs_coriander-seeds-whole-dhania.png,,B,,trs,0,,true,published,750g,trs-coriander-seeds-whole-dhania-v3
trs-crushed-chilli,variant_01KSYEGN04D6NY5DCENPKW80SD,trs-trs-crushed-chilli-100g,,,100g,TRS Crushed Chilli,,Dial up the heat with a sprinkling of our extra hot crushed chillies. Stir into your favourite dishes or add sparingly as a table condiment to pack a punch. Our crushed chillies can invigorate everyday meals like pasta and soup for fiery flavours.,Trs,powdered_spices,,vegetarian,,,TRS Crushed Chilli,,India,100,g,/uploads/trs_crushed-chilli.png,,B,,trs,0,,true,published,100g,trs-crushed-chilli-v0
trs-crushed-chilli,variant_01KSYEGN04DD052D1SD1HT2E46,trs-trs-crushed-chilli-250g,,,250g,TRS Crushed Chilli,,Dial up the heat with a sprinkling of our extra hot crushed chillies. Stir into your favourite dishes or add sparingly as a table condiment to pack a punch. Our crushed chillies can invigorate everyday meals like pasta and soup for fiery flavours.,Trs,powdered_spices,,vegetarian,,,TRS Crushed Chilli,,India,250,g,/uploads/trs_crushed-chilli.png,,B,,trs,0,,true,published,250g,trs-crushed-chilli-v1
trs-crushed-chilli,variant_01KSYEGN04ADZMSW1C4J70SQ2A,trs-trs-crushed-chilli-3kg,,,3kg,TRS Crushed Chilli,,Dial up the heat with a sprinkling of our extra hot crushed chillies. Stir into your favourite dishes or add sparingly as a table condiment to pack a punch. Our crushed chillies can invigorate everyday meals like pasta and soup for fiery flavours.,Trs,powdered_spices,,vegetarian,,,TRS Crushed Chilli,,India,3,kg,/uploads/trs_crushed-chilli.png,,B,,trs,0,,true,published,3kg,trs-crushed-chilli-v2
trs-crushed-chilli,variant_01KSYEGN047XT1JGPMKREA3C58,trs-trs-crushed-chilli-750g,,,750g,TRS Crushed Chilli,,Dial up the heat with a sprinkling of our extra hot crushed chillies. Stir into your favourite dishes or add sparingly as a table condiment to pack a punch. Our crushed chillies can invigorate everyday meals like pasta and soup for fiery flavours.,Trs,powdered_spices,,vegetarian,,,TRS Crushed Chilli,,India,750,g,/uploads/trs_crushed-chilli.png,,B,,trs,0,,true,published,750g,trs-crushed-chilli-v3
trs-cumin-powder,variant_01KSYEGN4N5THED4GB4YGMXZTB,trs-trs-cumin-powder-100g,,,100g,TRS Cumin Powder,,Our warm and aromatic cumin powder is at the heart of South Asian cooking and many more cuisines. Sprinkle on stir fries; salads; or in aloo gobi and stews for a distinctive musky taste. A perfect partner to meat and vegetables.,Trs,powdered_spices,,vegetarian,,,TRS Cumin Powder,,India,100,g,/uploads/trs_cumin-powder.png,,B,,trs,0,,true,published,100g,trs-cumin-powder-v0
trs-cumin-powder,variant_01KSYEGN4PR2890WDYP7GWYA6R,trs-trs-cumin-powder-400g,,,400g,TRS Cumin Powder,,Our warm and aromatic cumin powder is at the heart of South Asian cooking and many more cuisines. Sprinkle on stir fries; salads; or in aloo gobi and stews for a distinctive musky taste. A perfect partner to meat and vegetables.,Trs,powdered_spices,,vegetarian,,,TRS Cumin Powder,,India,400,g,/uploads/trs_cumin-powder.png,,B,,trs,0,,true,published,400g,trs-cumin-powder-v1
trs-cumin-powder,variant_01KSYEGN4PB3YR9C9YZHE318JM,trs-trs-cumin-powder-1kg,,,1Kg,TRS Cumin Powder,,Our warm and aromatic cumin powder is at the heart of South Asian cooking and many more cuisines. Sprinkle on stir fries; salads; or in aloo gobi and stews for a distinctive musky taste. A perfect partner to meat and vegetables.,Trs,powdered_spices,,vegetarian,,,TRS Cumin Powder,,India,1,kg,/uploads/trs_cumin-powder.png,,B,,trs,0,,true,published,1Kg,trs-cumin-powder-v2
trs-cumin-powder,variant_01KSYEGN4P9TBK1SZ8SNKM113X,trs-trs-cumin-powder-5kg,,,5Kg,TRS Cumin Powder,,Our warm and aromatic cumin powder is at the heart of South Asian cooking and many more cuisines. Sprinkle on stir fries; salads; or in aloo gobi and stews for a distinctive musky taste. A perfect partner to meat and vegetables.,Trs,powdered_spices,,vegetarian,,,TRS Cumin Powder,,India,5,kg,/uploads/trs_cumin-powder.png,,B,,trs,0,,true,published,5Kg,trs-cumin-powder-v3
trs-cumin-seeds,variant_01KSYEGN94VFCM136B9QN5CP3Q,trs-trs-cumin-seeds-100g,,,100g,TRS Cumin Seeds,,Our warm and aromatic cumin powder is at the heart of Indian cooking and other cuisines. Sprinkle on stir fries; salads; or in aloo gobi and stews for a distinctive musky taste. A perfect partner to meat; vegetables and more; cumin is sure to add delight to your dishes.,Trs,whole_spices_seeds,,vegetarian,,,TRS Cumin Seeds,,India,100,g,/uploads/trs_cumin-seeds.png,,B,,trs,0,,true,published,100g,trs-cumin-seeds-v0
trs-cumin-seeds,variant_01KSYEGN94R258RPNW9D469QYH,trs-trs-cumin-seeds-1kg,,,1kg,TRS Cumin Seeds,,Our warm and aromatic cumin powder is at the heart of Indian cooking and other cuisines. Sprinkle on stir fries; salads; or in aloo gobi and stews for a distinctive musky taste. A perfect partner to meat; vegetables and more; cumin is sure to add delight to your dishes.,Trs,whole_spices_seeds,,vegetarian,,,TRS Cumin Seeds,,India,1,kg,/uploads/trs_cumin-seeds.png,,B,,trs,0,,true,published,1kg,trs-cumin-seeds-v1
trs-cumin-seeds,variant_01KSYEGN94MSE3P15XD4GZAAM3,trs-trs-cumin-seeds-400g,,,400g,TRS Cumin Seeds,,Our warm and aromatic cumin powder is at the heart of Indian cooking and other cuisines. Sprinkle on stir fries; salads; or in aloo gobi and stews for a distinctive musky taste. A perfect partner to meat; vegetables and more; cumin is sure to add delight to your dishes.,Trs,whole_spices_seeds,,vegetarian,,,TRS Cumin Seeds,,India,400,g,/uploads/trs_cumin-seeds.png,,B,,trs,0,,true,published,400g,trs-cumin-seeds-v2
trs-cumin-seeds,variant_01KSYEGN94Y2B957TWFNJ9CK4P,trs-trs-cumin-seeds-4kg,,,4kg,TRS Cumin Seeds,,Our warm and aromatic cumin powder is at the heart of Indian cooking and other cuisines. Sprinkle on stir fries; salads; or in aloo gobi and stews for a distinctive musky taste. A perfect partner to meat; vegetables and more; cumin is sure to add delight to your dishes.,Trs,whole_spices_seeds,,vegetarian,,,TRS Cumin Seeds,,India,4,kg,/uploads/trs_cumin-seeds.png,,B,,trs,0,,true,published,4kg,trs-cumin-seeds-v3
trs-fennel-seeds,variant_01KSYEGNDP2BFCVHE0N4G76DYX,trs-trs-fennel-seeds-100g,,,100g,TRS Fennel Seeds,,Sweet and aromatic with liquorice tones; our fennel seeds are perfect for flavouring everything from curries to cakes. This mild and fragrant seed is an ideal partner for fish dishes and adds flavour to soups and salads. Dry roast to enhance the aroma.,Trs,whole_spices_seeds,,vegetarian,,,TRS Fennel Seeds,,India,100,g,/uploads/trs_fennel-seeds.png,,B,,trs,0,,true,published,100g,trs-fennel-seeds-v0
trs-fennel-seeds,variant_01KSYEGNDQ5RR9TX60DS6PP2ZT,trs-trs-fennel-seeds-1kg,,,1kg,TRS Fennel Seeds,,Sweet and aromatic with liquorice tones; our fennel seeds are perfect for flavouring everything from curries to cakes. This mild and fragrant seed is an ideal partner for fish dishes and adds flavour to soups and salads. Dry roast to enhance the aroma.,Trs,whole_spices_seeds,,vegetarian,,,TRS Fennel Seeds,,India,1,kg,/uploads/trs_fennel-seeds.png,,B,,trs,0,,true,published,1kg,trs-fennel-seeds-v1
trs-fennel-seeds,variant_01KSYEGNDQSTMS02KEHS4SW9JD,trs-trs-fennel-seeds-400g,,,400g,TRS Fennel Seeds,,Sweet and aromatic with liquorice tones; our fennel seeds are perfect for flavouring everything from curries to cakes. This mild and fragrant seed is an ideal partner for fish dishes and adds flavour to soups and salads. Dry roast to enhance the aroma.,Trs,whole_spices_seeds,,vegetarian,,,TRS Fennel Seeds,,India,400,g,/uploads/trs_fennel-seeds.png,,B,,trs,0,,true,published,400g,trs-fennel-seeds-v2
trs-fenugreek-leaves,variant_01KSYEGNM3FRH1K4CPR8ZMC3H5,trs-trs-fenugreek-leaves-100g,,,100g,TRS Fenugreek Leaves,,Our intense and bittersweet fenugreek leaves are an ideal spice in curries. Aromatic with a maple syrup flavour; our fenugreek leaves are a flavoursome addition to many savoury dishes. Keep it in your pantry to add flavour to everything from sauces to stews.,Trs,herbs_leaves,,vegetarian,,,TRS Fenugreek Leaves,,India,100,g,/uploads/trs_fenugreek-leaves.png,,B,,trs,0,,true,published,100g,trs-fenugreek-leaves-v0
trs-fenugreek-leaves,variant_01KSYEGNM3R516Z9HN0T9WGZRW,trs-trs-fenugreek-leaves-1kg,,,1kg,TRS Fenugreek Leaves,,Our intense and bittersweet fenugreek leaves are an ideal spice in curries. Aromatic with a maple syrup flavour; our fenugreek leaves are a flavoursome addition to many savoury dishes. Keep it in your pantry to add flavour to everything from sauces to stews.,Trs,herbs_leaves,,vegetarian,,,TRS Fenugreek Leaves,,India,1,kg,/uploads/trs_fenugreek-leaves.png,,B,,trs,0,,true,published,1kg,trs-fenugreek-leaves-v1
trs-fenugreek-leaves,variant_01KSYEGNM34G1KVPV5ZY2W2981,trs-trs-fenugreek-leaves-300g,,,300g,TRS Fenugreek Leaves,,Our intense and bittersweet fenugreek leaves are an ideal spice in curries. Aromatic with a maple syrup flavour; our fenugreek leaves are a flavoursome addition to many savoury dishes. Keep it in your pantry to add flavour to everything from sauces to stews.,Trs,herbs_leaves,,vegetarian,,,TRS Fenugreek Leaves,,India,300,g,/uploads/trs_fenugreek-leaves.png,,B,,trs,0,,true,published,300g,trs-fenugreek-leaves-v2
trs-fenugreek-leaves,variant_01KSYEGNM3JHG4D9271EJ69M5M,trs-trs-fenugreek-leaves-50g,,,50g,TRS Fenugreek Leaves,,Our intense and bittersweet fenugreek leaves are an ideal spice in curries. Aromatic with a maple syrup flavour; our fenugreek leaves are a flavoursome addition to many savoury dishes. Keep it in your pantry to add flavour to everything from sauces to stews.,Trs,herbs_leaves,,vegetarian,,,TRS Fenugreek Leaves,,India,50,g,/uploads/trs_fenugreek-leaves.png,,B,,trs,0,,true,published,50g,trs-fenugreek-leaves-v3
trs-fenugreek-seeds,variant_01KSYEGNS6VGR6HZ4TJ4PYPZQJ,trs-trs-fenugreek-seeds-50g,,,50g,TRS Fenugreek Seeds,,Our intense and bittersweet fenugreek seeds are ideal in curries. Aromatic with a maple syrup flavour; our fenugreek seeds are a flavoursome addition to many savoury dishes. Keep it in your pantry to add flavour to everything from sauces to stews.,Trs,whole_spices_seeds,,vegetarian,,,TRS Fenugreek Seeds,,India,50,g,/uploads/trs_fenugreek-seeds.png,,B,,trs,0,,true,published,50g,trs-fenugreek-seeds-v0
trs-fenugreek-seeds,variant_01KSYEGNS64K47KKV16BMNG4AJ,trs-trs-fenugreek-seeds-100g,,,100g,TRS Fenugreek Seeds,,Our intense and bittersweet fenugreek seeds are ideal in curries. Aromatic with a maple syrup flavour; our fenugreek seeds are a flavoursome addition to many savoury dishes. Keep it in your pantry to add flavour to everything from sauces to stews.,Trs,whole_spices_seeds,,vegetarian,,,TRS Fenugreek Seeds,,India,100,g,/uploads/trs_fenugreek-seeds.png,,B,,trs,0,,true,published,100g,trs-fenugreek-seeds-v1
trs-fenugreek-seeds,variant_01KSYEGNS7F7XP7GE1PS1FVC5T,trs-trs-fenugreek-seeds-300g,,,300g,TRS Fenugreek Seeds,,Our intense and bittersweet fenugreek seeds are ideal in curries. Aromatic with a maple syrup flavour; our fenugreek seeds are a flavoursome addition to many savoury dishes. Keep it in your pantry to add flavour to everything from sauces to stews.,Trs,whole_spices_seeds,,vegetarian,,,TRS Fenugreek Seeds,,India,300,g,/uploads/trs_fenugreek-seeds.png,,B,,trs,0,,true,published,300g,trs-fenugreek-seeds-v2
trs-fenugreek-seeds,variant_01KSYEGNS7BW7HP6BNR4R6QGE3,trs-trs-fenugreek-seeds-1kg,,,1Kg,TRS Fenugreek Seeds,,Our intense and bittersweet fenugreek seeds are ideal in curries. Aromatic with a maple syrup flavour; our fenugreek seeds are a flavoursome addition to many savoury dishes. Keep it in your pantry to add flavour to everything from sauces to stews.,Trs,whole_spices_seeds,,vegetarian,,,TRS Fenugreek Seeds,,India,1,kg,/uploads/trs_fenugreek-seeds.png,,B,,trs,0,,true,published,1Kg,trs-fenugreek-seeds-v3
trs-fine-desiccated-coconut,variant_01KSYEGNXYY8SVNSDTHQDJXADF,trs-trs-fine-desiccated-coconut-300g,,,300g,TRS Fine Desiccated Coconut,,Desiccated coconut is finely ground coconut; rather than bigger strips. It is high in fibre. This is also usually drier than shredded coconut.,Trs,coconut_staples,,vegetarian,,tree-nuts,TRS Fine Desiccated Coconut,,India,300,g,/uploads/trs_fine-desiccated-coconut.png,,B,,trs,0,,true,published,300g,trs-fine-desiccated-coconut-v0
trs-fine-desiccated-coconut,variant_01KSYEGNXYASDXYSA1C62858B4,trs-trs-fine-desiccated-coconut-1kg,,,1kg,TRS Fine Desiccated Coconut,,Desiccated coconut is finely ground coconut; rather than bigger strips. It is high in fibre. This is also usually drier than shredded coconut.,Trs,coconut_staples,,vegetarian,,tree-nuts,TRS Fine Desiccated Coconut,,India,1,kg,/uploads/trs_fine-desiccated-coconut.png,,B,,trs,0,,true,published,1kg,trs-fine-desiccated-coconut-v1
trs-fine-semolina,variant_01KSYEGP1D1K4WGJDPQPW2CS73,trs-trs-fine-semolina-15kg,,,1.5kg,TRS Fine Semolina,,Enjoy the lovely aroma of baking with our fine semolina. Make sweet dishes like a traditional semolina pudding or savoury favourites like pasta and pizza. This versatile ingredient is a perfect pantry staple.,Trs,semolina_rava,,vegetarian,,gluten,TRS Fine Semolina,,India,1.5,kg,/uploads/trs_fine-semolina.png,,B,,trs,0,,true,published,1.5kg,trs-fine-semolina-v0
trs-fine-semolina,variant_01KSYEGP1D66JPNHQ1X93VZC23,trs-trs-fine-semolina-500g,,,500g,TRS Fine Semolina,,Enjoy the lovely aroma of baking with our fine semolina. Make sweet dishes like a traditional semolina pudding or savoury favourites like pasta and pizza. This versatile ingredient is a perfect pantry staple.,Trs,semolina_rava,,vegetarian,,gluten,TRS Fine Semolina,,India,500,g,/uploads/trs_fine-semolina.png,,B,,trs,0,,true,published,500g,trs-fine-semolina-v1
trs-fine-semolina,variant_01KSYEGP1D10DF5AD8JQGPM00R,trs-trs-fine-semolina-5kg,,,5kg,TRS Fine Semolina,,Enjoy the lovely aroma of baking with our fine semolina. Make sweet dishes like a traditional semolina pudding or savoury favourites like pasta and pizza. This versatile ingredient is a perfect pantry staple.,Trs,semolina_rava,,vegetarian,,gluten,TRS Fine Semolina,,India,5,kg,/uploads/trs_fine-semolina.png,,B,,trs,0,,true,published,5kg,trs-fine-semolina-v2
trs-garam-masala,variant_01KSYEGP5R9889CT480ED23MY1,trs-trs-garam-masala-100g,,,100g,TRS Garam Masala,,Our garam masala powder is a delicious blend of fragrant spices that brings depth of flavour and authenticity to your dishes. Warming and complex; it’s an aromatic addition to any curry.,Trs,masalas_spice_blends,,vegetarian,,,TRS Garam Masala,,India,100,g,/uploads/trs_garam-masala.png,,B,,trs,0,,true,published,100g,trs-garam-masala-v0
trs-garam-masala,variant_01KSYEGP5R3M5X1JVSY37ZQGDA,trs-trs-garam-masala-200g,,,200g,TRS Garam Masala,,Our garam masala powder is a delicious blend of fragrant spices that brings depth of flavour and authenticity to your dishes. Warming and complex; it’s an aromatic addition to any curry.,Trs,masalas_spice_blends,,vegetarian,,,TRS Garam Masala,,India,200,g,/uploads/trs_garam-masala.png,,B,,trs,0,,true,published,200g,trs-garam-masala-v1
trs-garam-masala,variant_01KSYEGP5RQ6JB1XYYX73V003S,trs-trs-garam-masala-400g,,,400g,TRS Garam Masala,,Our garam masala powder is a delicious blend of fragrant spices that brings depth of flavour and authenticity to your dishes. Warming and complex; it’s an aromatic addition to any curry.,Trs,masalas_spice_blends,,vegetarian,,,TRS Garam Masala,,India,400,g,/uploads/trs_garam-masala.png,,B,,trs,0,,true,published,400g,trs-garam-masala-v2
trs-garam-masala,variant_01KSYEGP5RTJDA6B609AKWAFNS,trs-trs-garam-masala-500g,,,500g,TRS Garam Masala,,Our garam masala powder is a delicious blend of fragrant spices that brings depth of flavour and authenticity to your dishes. Warming and complex; it’s an aromatic addition to any curry.,Trs,masalas_spice_blends,,vegetarian,,,TRS Garam Masala,,India,500,g,/uploads/trs_garam-masala.png,,B,,trs,0,,true,published,500g,trs-garam-masala-v3
trs-garam-masala,variant_01KSYEGP5R8CHHM1R6Q2J4W13Z,trs-trs-garam-masala-1kg,,,1Kg,TRS Garam Masala,,Our garam masala powder is a delicious blend of fragrant spices that brings depth of flavour and authenticity to your dishes. Warming and complex; it’s an aromatic addition to any curry.,Trs,masalas_spice_blends,,vegetarian,,,TRS Garam Masala,,India,1,kg,/uploads/trs_garam-masala.png,,B,,trs,0,,true,published,1Kg,trs-garam-masala-v4
trs-garam-masala,variant_01KSYEGP5RTMDTZ5YHWPEKND27,trs-trs-garam-masala-5kg,,,5Kg,TRS Garam Masala,,Our garam masala powder is a delicious blend of fragrant spices that brings depth of flavour and authenticity to your dishes. Warming and complex; it’s an aromatic addition to any curry.,Trs,masalas_spice_blends,,vegetarian,,,TRS Garam Masala,,India,5,kg,/uploads/trs_garam-masala.png,,B,,trs,0,,true,published,5Kg,trs-garam-masala-v5
trs-garlic-powder,variant_01KSYEGPAM20VM3EJWK4BVVH92,trs-trs-garlic-powder-100g,,,100g,TRS Garlic Powder,,TRS Garlic powder is made from dehydrated garlic that has been dried and ground into fine particles.,Trs,powdered_spices,,vegetarian,,,TRS Garlic Powder,,India,100,g,/uploads/trs_garlic-powder.png,,B,,trs,0,,true,published,100g,trs-garlic-powder-v0
trs-garlic-powder,variant_01KSYEGPAMBKK124TNGE735SZB,trs-trs-garlic-powder-1kg,,,1kg,TRS Garlic Powder,,TRS Garlic powder is made from dehydrated garlic that has been dried and ground into fine particles.,Trs,powdered_spices,,vegetarian,,,TRS Garlic Powder,,India,1,kg,/uploads/trs_garlic-powder.png,,B,,trs,0,,true,published,1kg,trs-garlic-powder-v1
trs-garlic-powder,variant_01KSYEGPAME9DSQB5N6K3EMQ75,trs-trs-garlic-powder-400g,,,400g,TRS Garlic Powder,,TRS Garlic powder is made from dehydrated garlic that has been dried and ground into fine particles.,Trs,powdered_spices,,vegetarian,,,TRS Garlic Powder,,India,400,g,/uploads/trs_garlic-powder.png,,B,,trs,0,,true,published,400g,trs-garlic-powder-v2
trs-ginger-garlic-paste,variant_01KSYEGPEV6RT1TXWEJ141JSS5,trs-trs-ginger-garlic-paste-1kg,,,1kg,TRS Ginger  Garlic Paste,,Combine the lively flavours of ginger and garlic with your favourite dish. Easy to use; this staple duo will liven up everything from stir fries to curries. Spice up your culinary adventures with the exciting addition of garlic and ginger.,Trs,cooking_pastes_sauces,,vegetarian,,,TRS Ginger  Garlic Paste,,India,1,kg,/uploads/trs_ginger-garlic-paste.png,,B,,trs,0,,true,published,1kg,trs-ginger-garlic-paste-v0
trs-ginger-garlic-paste,variant_01KSYEGPEVXZ3CGFZ5YET4EWW6,trs-trs-ginger-garlic-paste-300g,,,300g,TRS Ginger  Garlic Paste,,Combine the lively flavours of ginger and garlic with your favourite dish. Easy to use; this staple duo will liven up everything from stir fries to curries. Spice up your culinary adventures with the exciting addition of garlic and ginger.,Trs,cooking_pastes_sauces,,vegetarian,,,TRS Ginger  Garlic Paste,,India,300,g,/uploads/trs_ginger-garlic-paste.png,,B,,trs,0,,true,published,300g,trs-ginger-garlic-paste-v1
trs-ginger-paste,variant_01KSYEGPK53Y0XTQ0X1RT1EFZF,trs-trs-ginger-paste-1kg,,,1kg,TRS Ginger Paste,,,Trs,cooking_pastes_sauces,,vegetarian,,,TRS Ginger Paste,,India,1,kg,/uploads/trs_ginger-paste.png,,B,,trs,0,,true,published,1kg,trs-ginger-paste-v0
trs-ginger-paste,variant_01KSYEGPK56NB9KKBW9ZAN51TB,trs-trs-ginger-paste-300g,,,300g,TRS Ginger Paste,,,Trs,cooking_pastes_sauces,,vegetarian,,,TRS Ginger Paste,,India,300,g,/uploads/trs_ginger-paste.png,,B,,trs,0,,true,published,300g,trs-ginger-paste-v1
trs-ginger-powder,variant_01KSYEGPQBE5VB7DQ5Q9SNJ8WF,trs-trs-ginger-powder-100g,,,100g,TRS Ginger Powder,,Gorgeously zesty; our ground ginger will bring warm and spicy tones to everything from dals and curries to your favourite baked treats. Spice up your culinary stories with the zingy addition of ginger. Keep in your cupboard for a pinch of aromatic flavour whenever you need it.,Trs,powdered_spices,,vegetarian,,,TRS Ginger Powder,,India,100,g,/uploads/trs_ginger-powder.png,,B,,trs,0,,true,published,100g,trs-ginger-powder-v0
trs-ginger-powder,variant_01KSYEGPQCKRMBAV8S9VKADAS2,trs-trs-ginger-powder-400g,,,400g,TRS Ginger Powder,,Gorgeously zesty; our ground ginger will bring warm and spicy tones to everything from dals and curries to your favourite baked treats. Spice up your culinary stories with the zingy addition of ginger. Keep in your cupboard for a pinch of aromatic flavour whenever you need it.,Trs,powdered_spices,,vegetarian,,,TRS Ginger Powder,,India,400,g,/uploads/trs_ginger-powder.png,,B,,trs,0,,true,published,400g,trs-ginger-powder-v1
trs-ginger-powder,variant_01KSYEGPQCYVJYMK6CTBZC4SST,trs-trs-ginger-powder-1kg,,,1Kg,TRS Ginger Powder,,Gorgeously zesty; our ground ginger will bring warm and spicy tones to everything from dals and curries to your favourite baked treats. Spice up your culinary stories with the zingy addition of ginger. Keep in your cupboard for a pinch of aromatic flavour whenever you need it.,Trs,powdered_spices,,vegetarian,,,TRS Ginger Powder,,India,1,kg,/uploads/trs_ginger-powder.png,,B,,trs,0,,true,published,1Kg,trs-ginger-powder-v2
trs-green-cardamom,variant_01KSYEGPVPFK8HX01GNXXBFRK7,trs-trs-green-cardamom-200g,,,200g,TRS Green Cardamom,,Cardamom pods are the seed pods of a tropical fruit of the ginger family; known as Elettaria cardamomum. Green cardamom is recognised as having a superior flavour.,Trs,whole_spices_seeds,,vegetarian,,,TRS Green Cardamom,,India,200,g,/uploads/trs_green-cardamom.png,,B,,trs,0,,true,published,200g,trs-green-cardamom-v0
trs-green-cardamom,variant_01KSYEGPVPFEGXKE78J1C27Z8Y,trs-trs-green-cardamom-50g,,,50g,TRS Green Cardamom,,Cardamom pods are the seed pods of a tropical fruit of the ginger family; known as Elettaria cardamomum. Green cardamom is recognised as having a superior flavour.,Trs,whole_spices_seeds,,vegetarian,,,TRS Green Cardamom,,India,50,g,/uploads/trs_green-cardamom.png,,B,,trs,0,,true,published,50g,trs-green-cardamom-v1
trs-green-cardamom,variant_01KSYEGPVQHESDCP9EY4Q0DSFP,trs-trs-green-cardamom-750g,,,750g,TRS Green Cardamom,,Cardamom pods are the seed pods of a tropical fruit of the ginger family; known as Elettaria cardamomum. Green cardamom is recognised as having a superior flavour.,Trs,whole_spices_seeds,,vegetarian,,,TRS Green Cardamom,,India,750,g,/uploads/trs_green-cardamom.png,,B,,trs,0,,true,published,750g,trs-green-cardamom-v2
trs-green-lentils,variant_01KSYEGPZ5HGGHSSHZT4CZ7VYS,trs-trs-green-lentils-500g,,,500g,TRS Green Lentils,,Tasty  Nutritious,Trs,lentils_dals,,vegetarian,,sesame,TRS Green Lentils,,India,500,g,/uploads/trs_green-lentils.png,,B,,trs,0,,true,published,500g,trs-green-lentils-v0
trs-green-lentils,variant_01KSYEGPZ6WMHC4CEKFK5EWNFA,trs-trs-green-lentils-1kg,,,1kg,TRS Green Lentils,,Tasty  Nutritious,Trs,lentils_dals,,vegetarian,,sesame,TRS Green Lentils,,India,1,kg,/uploads/trs_green-lentils.png,,B,,trs,0,,true,published,1kg,trs-green-lentils-v1
trs-green-lentils,variant_01KSYEGPZ6CKDBPAS17AWK998R,trs-trs-green-lentils-2kg,,,2kg,TRS Green Lentils,,Tasty  Nutritious,Trs,lentils_dals,,vegetarian,,sesame,TRS Green Lentils,,India,2,kg,/uploads/trs_green-lentils.png,,B,,trs,0,,true,published,2kg,trs-green-lentils-v2
trs-ground-rice,variant_01KSYEGQ81W20XK60RS2M66HEX,trs-trs-ground-rice-15kg,,,1.5kg,TRS Ground Rice,,TRS ground rice is milled and specially treated to ensure it is free from any impurities. This versatile product can be used in savouries and sweets.,Trs,speciality_flours_grains,,vegetarian,,,TRS Ground Rice,,India,1.5,kg,/uploads/trs_ground-rice.png,,B,,trs,0,,true,published,1.5kg,trs-ground-rice-v0
trs-ground-rice,variant_01KSYEGQ82TH1NJ8MPATJQ3DDH,trs-trs-ground-rice-500g,,,500g,TRS Ground Rice,,TRS ground rice is milled and specially treated to ensure it is free from any impurities. This versatile product can be used in savouries and sweets.,Trs,speciality_flours_grains,,vegetarian,,,TRS Ground Rice,,India,500,g,/uploads/trs_ground-rice.png,,B,,trs,0,,true,published,500g,trs-ground-rice-v1
trs-ground-rice,variant_01KSYEGQ82S49CEBGXCTVWFN8W,trs-trs-ground-rice-5kg,,,5kg,TRS Ground Rice,,TRS ground rice is milled and specially treated to ensure it is free from any impurities. This versatile product can be used in savouries and sweets.,Trs,speciality_flours_grains,,vegetarian,,,TRS Ground Rice,,India,5,kg,/uploads/trs_ground-rice.png,,B,,trs,0,,true,published,5kg,trs-ground-rice-v2
trs-hot-madras-curry,variant_01KSYEGQBZKJYSFRFGMKTNWSRC,trs-trs-hot-madras-curry-100g,,,100g,TRS Hot Madras Curry,,An aromatic blend of spices that provides flavour and heat for the perfect taste to complete your dish.,Trs,masalas_spice_blends,,vegetarian,,,TRS Hot Madras Curry,,India,100,g,/uploads/trs_hot-madras-curry.png,,B,,trs,0,,true,published,100g,trs-hot-madras-curry-v0
trs-hot-madras-curry,variant_01KSYEGQC036VHWPT97CWMT1D6,trs-trs-hot-madras-curry-400g,,,400g,TRS Hot Madras Curry,,An aromatic blend of spices that provides flavour and heat for the perfect taste to complete your dish.,Trs,masalas_spice_blends,,vegetarian,,,TRS Hot Madras Curry,,India,400,g,/uploads/trs_hot-madras-curry.png,,B,,trs,0,,true,published,400g,trs-hot-madras-curry-v1
trs-mild-madras-curry-powder,variant_01KSYEGQK48BKVVHT0ZZ3D7TBY,trs-trs-mild-madras-curry-powder-1kg,,,1kg,TRS Mild Madras Curry Powder,,,Trs,masalas_spice_blends,,vegetarian,,,TRS Mild Madras Curry Powder,,India,1,kg,/uploads/trs_mild-madras-curry-powder.png,,B,,trs,0,,true,published,1kg,trs-mild-madras-curry-powder-v0
trs-mild-madras-curry-powder,variant_01KSYEGQK50RMD9H8R4TDX1P3B,trs-trs-mild-madras-curry-powder-2kg,,,2kg,TRS Mild Madras Curry Powder,,,Trs,masalas_spice_blends,,vegetarian,,,TRS Mild Madras Curry Powder,,India,2,kg,/uploads/trs_mild-madras-curry-powder.png,,B,,trs,0,,true,published,2kg,trs-mild-madras-curry-powder-v1
trs-mild-madras-curry-powder,variant_01KSYEGQK5W0DXGZTK696DVT0D,trs-trs-mild-madras-curry-powder-400g,,,400g,TRS Mild Madras Curry Powder,,,Trs,masalas_spice_blends,,vegetarian,,,TRS Mild Madras Curry Powder,,India,400,g,/uploads/trs_mild-madras-curry-powder.png,,B,,trs,0,,true,published,400g,trs-mild-madras-curry-powder-v2
trs-mild-madras-curry-powder,variant_01KSYEGQK5CDJ3RZH7AKX0SYTN,trs-trs-mild-madras-curry-powder-500g,,,500g,TRS Mild Madras Curry Powder,,,Trs,masalas_spice_blends,,vegetarian,,,TRS Mild Madras Curry Powder,,India,500,g,/uploads/trs_mild-madras-curry-powder.png,,B,,trs,0,,true,published,500g,trs-mild-madras-curry-powder-v3
trs-mild-madras-curry-powder,variant_01KSYEGQK5VH17R69YPW7FT7CV,trs-trs-mild-madras-curry-powder-5kg,,,5kg,TRS Mild Madras Curry Powder,,,Trs,masalas_spice_blends,,vegetarian,,,TRS Mild Madras Curry Powder,,India,5,kg,/uploads/trs_mild-madras-curry-powder.png,,B,,trs,0,,true,published,5kg,trs-mild-madras-curry-powder-v4
trs-moth-beans,variant_01KSYEGQQZHG2TVS3NC4YMN7M6,trs-trs-moth-beans-500g,,,500g,TRS Moth Beans,,Tasty  Nutritious,Trs,beans_peas_pulses,,vegetarian,,,TRS Moth Beans,,India,500,g,/uploads/trs_moth-beans.png,,B,,trs,0,,true,published,500g,trs-moth-beans-v0
trs-moth-beans,variant_01KSYEGQQZR2DNVPVQJJG4VCN9,trs-trs-moth-beans-1kg,,,1kg,TRS Moth Beans,,Tasty  Nutritious,Trs,beans_peas_pulses,,vegetarian,,,TRS Moth Beans,,India,1,kg,/uploads/trs_moth-beans.png,,B,,trs,0,,true,published,1kg,trs-moth-beans-v1
trs-moth-beans,variant_01KSYEGQQZMG3WBANP3BC868C2,trs-trs-moth-beans-2kg,,,2kg,TRS Moth Beans,,Tasty  Nutritious,Trs,beans_peas_pulses,,vegetarian,,,TRS Moth Beans,,India,2,kg,/uploads/trs_moth-beans.png,,B,,trs,0,,true,published,2kg,trs-moth-beans-v2
trs-mung-beans,variant_01KSYEGQWGJFV12NS58G2TD86W,trs-trs-mung-beans-500g,,,500g,TRS Mung Beans,,Tasty  Nutritious,Trs,beans_peas_pulses,,vegetarian,,,TRS Mung Beans,,India,500,g,/uploads/trs_mung-beans.png,,B,,trs,0,,true,published,500g,trs-mung-beans-v0
trs-mung-beans,variant_01KSYEGQWGXC8REQCRSN8W03A6,trs-trs-mung-beans-1kg,,,1Kg,TRS Mung Beans,,Tasty  Nutritious,Trs,beans_peas_pulses,,vegetarian,,,TRS Mung Beans,,India,1,kg,/uploads/trs_mung-beans.png,,B,,trs,0,,true,published,1Kg,trs-mung-beans-v1
trs-mung-beans,variant_01KSYEGQWG8GSVXB6YWBFVDR14,trs-trs-mung-beans-2kg,,,2Kg,TRS Mung Beans,,Tasty  Nutritious,Trs,beans_peas_pulses,,vegetarian,,,TRS Mung Beans,,India,2,kg,/uploads/trs_mung-beans.png,,B,,trs,0,,true,published,2Kg,trs-mung-beans-v2
trs-mung-beans,variant_01KSYEGQWGBXF84PZGADDTFCBR,trs-trs-mung-beans-5kg,,,5Kg,TRS Mung Beans,,Tasty  Nutritious,Trs,beans_peas_pulses,,vegetarian,,,TRS Mung Beans,,India,5,kg,/uploads/trs_mung-beans.png,,B,,trs,0,,true,published,5Kg,trs-mung-beans-v3
trs-mung-beans,variant_01KSYEGQWG9QRE6GRW0PPAG31R,trs-trs-mung-beans,,,,TRS Mung Beans,,Tasty  Nutritious,Trs,beans_peas_pulses,,vegetarian,,,TRS Mung Beans,,India,,,/uploads/trs_mung-beans.png,,B,,trs,0,,true,published,,trs-mung-beans-v4
trs-mung-dal,variant_01KSYEGR1KB42ADVH8NF4R4PF2,trs-trs-mung-dal-500g,,,500g,TRS Mung Dal,,Tasty  Nutritious,Trs,lentils_dals,,vegetarian,,,TRS Mung Dal,,India,500,g,/uploads/trs_mung-dal.png,,B,,trs,0,,true,published,500g,trs-mung-dal-v0
trs-mung-dal,variant_01KSYEGR1KC91X59KQFA6PG1F1,trs-trs-mung-dal-1kg,,,1Kg,TRS Mung Dal,,Tasty  Nutritious,Trs,lentils_dals,,vegetarian,,,TRS Mung Dal,,India,1,kg,/uploads/trs_mung-dal.png,,B,,trs,0,,true,published,1Kg,trs-mung-dal-v1
trs-mung-dal,variant_01KSYEGR1KEJRP94AS8B8QQ0YV,trs-trs-mung-dal-2kg,,,2Kg,TRS Mung Dal,,Tasty  Nutritious,Trs,lentils_dals,,vegetarian,,,TRS Mung Dal,,India,2,kg,/uploads/trs_mung-dal.png,,B,,trs,0,,true,published,2Kg,trs-mung-dal-v2
trs-mung-dal,variant_01KSYEGR1KPDY5NWWGD59RP7ZY,trs-trs-mung-dal-5kg,,,5Kg,TRS Mung Dal,,Tasty  Nutritious,Trs,lentils_dals,,vegetarian,,,TRS Mung Dal,,India,5,kg,/uploads/trs_mung-dal.png,,B,,trs,0,,true,published,5Kg,trs-mung-dal-v3
trs-mung-dal,variant_01KSYEGR1K615EQ786XNZA796J,trs-trs-mung-dal-25kg,,,25Kg,TRS Mung Dal,,Tasty  Nutritious,Trs,lentils_dals,,vegetarian,,,TRS Mung Dal,,India,25,kg,/uploads/trs_mung-dal.png,,B,,trs,0,,true,published,25Kg,trs-mung-dal-v4
trs-mung-dal-chilka-split-green-peas,variant_01KSYEGR6BD1BCGFN5P0S24QSH,trs-trs-mung-dal-chilka-split-green-peas-500g,,,500g,TRS Mung Dal Chilka (Split Green Peas),,Tasty  Nutritious,Trs,lentils_dals,,vegetarian,,,TRS Mung Dal Chilka (Split Green Peas),,India,500,g,/uploads/trs_mung-dal-chilka-split-green-peas.png,,B,,trs,0,,true,published,500g,trs-mung-dal-chilka-split-green-peas-v0
trs-mung-dal-chilka-split-green-peas,variant_01KSYEGR6BFNEPY334YWBJHEGC,trs-trs-mung-dal-chilka-split-green-peas-1kg,,,1kg,TRS Mung Dal Chilka (Split Green Peas),,Tasty  Nutritious,Trs,lentils_dals,,vegetarian,,,TRS Mung Dal Chilka (Split Green Peas),,India,1,kg,/uploads/trs_mung-dal-chilka-split-green-peas.png,,B,,trs,0,,true,published,1kg,trs-mung-dal-chilka-split-green-peas-v1
trs-mung-dal-chilka-split-green-peas,variant_01KSYEGR6CPYE5WWJKTGQGNTK7,trs-trs-mung-dal-chilka-split-green-peas-2kg,,,2kg,TRS Mung Dal Chilka (Split Green Peas),,Tasty  Nutritious,Trs,lentils_dals,,vegetarian,,,TRS Mung Dal Chilka (Split Green Peas),,India,2,kg,/uploads/trs_mung-dal-chilka-split-green-peas.png,,B,,trs,0,,true,published,2kg,trs-mung-dal-chilka-split-green-peas-v2
trs-paprika-powder,variant_01KSYEGRAYGRTFJ0MG3C93NJNQ,trs-trs-paprika-powder-100g,,,100g,TRS Paprika Powder,,Our paprika powder is a feast for the eyes and tastebuds. This tantalising red spice brightens your cooking with colour and fabulous flavour. Jazz up your meals and add a splash of colour to soups and sauces.,Trs,powdered_spices,,vegetarian,,,TRS Paprika Powder,,India,100,g,/uploads/trs_paprika-powder.png,,B,,trs,0,,true,published,100g,trs-paprika-powder-v0
trs-paprika-powder,variant_01KSYEGRAZKR6R44YFBKGWATMT,trs-trs-paprika-powder-1kg,,,1kg,TRS Paprika Powder,,Our paprika powder is a feast for the eyes and tastebuds. This tantalising red spice brightens your cooking with colour and fabulous flavour. Jazz up your meals and add a splash of colour to soups and sauces.,Trs,powdered_spices,,vegetarian,,,TRS Paprika Powder,,India,1,kg,/uploads/trs_paprika-powder.png,,B,,trs,0,,true,published,1kg,trs-paprika-powder-v1
trs-paprika-powder,variant_01KSYEGRAZ16JG7BWXCJHWQVSP,trs-trs-paprika-powder-400g,,,400g,TRS Paprika Powder,,Our paprika powder is a feast for the eyes and tastebuds. This tantalising red spice brightens your cooking with colour and fabulous flavour. Jazz up your meals and add a splash of colour to soups and sauces.,Trs,powdered_spices,,vegetarian,,,TRS Paprika Powder,,India,400,g,/uploads/trs_paprika-powder.png,,B,,trs,0,,true,published,400g,trs-paprika-powder-v2
trs-paprika-powder,variant_01KSYEGRAZWRC2QP1NSEYZKHPK,trs-trs-paprika-powder-5kg,,,5kg,TRS Paprika Powder,,Our paprika powder is a feast for the eyes and tastebuds. This tantalising red spice brightens your cooking with colour and fabulous flavour. Jazz up your meals and add a splash of colour to soups and sauces.,Trs,powdered_spices,,vegetarian,,,TRS Paprika Powder,,India,5,kg,/uploads/trs_paprika-powder.png,,B,,trs,0,,true,published,5kg,trs-paprika-powder-v3
trs-popcorn,variant_01KSYEGRMFRBD4KMEWSBS04NME,trs-trs-popcorn-2kg,,,2kg,TRS Popcorn,,Make fresh; crunchy popcorn in just three minutes at home. This tasty snack is irresistible when you add your favourite sweet or savoury toppings. Our popcorn is the perfect partner for a cosy movie night.,Trs,savouries_papadoms,,vegetarian,,,TRS Popcorn,,India,2,kg,/uploads/trs_popcorn.png,,B,,trs,0,,true,published,2kg,trs-popcorn-v0
trs-popcorn,variant_01KSYEGRMFWNBBDZS8BPNV4D43,trs-trs-popcorn-500g,,,500g,TRS Popcorn,,Make fresh; crunchy popcorn in just three minutes at home. This tasty snack is irresistible when you add your favourite sweet or savoury toppings. Our popcorn is the perfect partner for a cosy movie night.,Trs,savouries_papadoms,,vegetarian,,,TRS Popcorn,,India,500,g,/uploads/trs_popcorn.png,,B,,trs,0,,true,published,500g,trs-popcorn-v1
trs-pure-gram-flour,variant_01KSYEGRRV9M54DC3AZVV9093P,trs-trs-pure-gram-flour-1kg,,,1kg,TRS Pure Gram Flour,,Our stone-milled gram flour is mild; nutty; and a staple in South Asian cuisine. Make everything from pancakes to pakoras with this versatile ingredient. This earthy flour is perfect for savoury recipes.,Trs,gram_flour_besan,,vegetarian,,gluten,TRS Pure Gram Flour,,India,1,kg,/uploads/trs_pure-gram-flour.jpg,,B,,trs,0,,true,published,1kg,trs-pure-gram-flour-v0
trs-pure-gram-flour,variant_01KSYEGRRWFW489N02JXYXDA8Z,trs-trs-pure-gram-flour-20kg,,,20kg,TRS Pure Gram Flour,,Our stone-milled gram flour is mild; nutty; and a staple in South Asian cuisine. Make everything from pancakes to pakoras with this versatile ingredient. This earthy flour is perfect for savoury recipes.,Trs,gram_flour_besan,,vegetarian,,gluten,TRS Pure Gram Flour,,India,20,kg,/uploads/trs_pure-gram-flour.jpg,,B,,trs,0,,true,published,20kg,trs-pure-gram-flour-v1
trs-pure-gram-flour,variant_01KSYEGRRWPJQGXFXJH8J9DTVM,trs-trs-pure-gram-flour-2kg,,,2kg,TRS Pure Gram Flour,,Our stone-milled gram flour is mild; nutty; and a staple in South Asian cuisine. Make everything from pancakes to pakoras with this versatile ingredient. This earthy flour is perfect for savoury recipes.,Trs,gram_flour_besan,,vegetarian,,gluten,TRS Pure Gram Flour,,India,2,kg,/uploads/trs_pure-gram-flour.jpg,,B,,trs,0,,true,published,2kg,trs-pure-gram-flour-v2
trs-red-adzuki-beans-red-cow-peas,variant_01KSYEGRXP29YKCW49SWN082TF,trs-trs-red-adzuki-beans-red-cow-peas-500g,,,500g,TRS Red Adzuki Beans (Red Cow Peas),,Tasty  Nutritious,Trs,beans_peas_pulses,,vegetarian,,,TRS Red Adzuki Beans (Red Cow Peas),,India,500,g,/uploads/trs_red-adzuki-beans-red-cow-peas.png,,B,,trs,0,,true,published,500g,trs-red-adzuki-beans-red-cow-peas-v0
trs-red-adzuki-beans-red-cow-peas,variant_01KSYEGRXPJXPX9A78PG1KCPD4,trs-trs-red-adzuki-beans-red-cow-peas-2kg,,,2Kg,TRS Red Adzuki Beans (Red Cow Peas),,Tasty  Nutritious,Trs,beans_peas_pulses,,vegetarian,,,TRS Red Adzuki Beans (Red Cow Peas),,India,2,kg,/uploads/trs_red-adzuki-beans-red-cow-peas.png,,B,,trs,0,,true,published,2Kg,trs-red-adzuki-beans-red-cow-peas-v1
trs-red-kidney-beans,variant_01KSYEGS2BYHRSV4DSJ986FBGM,trs-trs-red-kidney-beans-1kg,,,1kg,TRS Red Kidney Beans,,Tasty  Nutritious,Trs,beans_peas_pulses,,vegetarian,,,TRS Red Kidney Beans,,India,1,kg,/uploads/trs_red-kidney-beans.png,,B,,trs,0,,true,published,1kg,trs-red-kidney-beans-v0
trs-red-kidney-beans,variant_01KSYEGS2BHKAYF278QFY99AAE,trs-trs-red-kidney-beans-2kg,,,2kg,TRS Red Kidney Beans,,Tasty  Nutritious,Trs,beans_peas_pulses,,vegetarian,,,TRS Red Kidney Beans,,India,2,kg,/uploads/trs_red-kidney-beans.png,,B,,trs,0,,true,published,2kg,trs-red-kidney-beans-v1
trs-red-kidney-beans,variant_01KSYEGS2BKCCTP4H2RAK7YQAP,trs-trs-red-kidney-beans-400g,,,400g,TRS Red Kidney Beans,,Tasty  Nutritious,Trs,beans_peas_pulses,,vegetarian,,,TRS Red Kidney Beans,,India,400,g,/uploads/trs_red-kidney-beans.png,,B,,trs,0,,true,published,400g,trs-red-kidney-beans-v2
trs-red-kidney-beans,variant_01KSYEGS2B4R8D3VRE30DP3MP8,trs-trs-red-kidney-beans-500g,,,500g,TRS Red Kidney Beans,,Tasty  Nutritious,Trs,beans_peas_pulses,,vegetarian,,,TRS Red Kidney Beans,,India,500,g,/uploads/trs_red-kidney-beans.png,,B,,trs,0,,true,published,500g,trs-red-kidney-beans-v3
trs-red-kidney-beans,variant_01KSYEGS2BCT6WJAPFKRA9B952,trs-trs-red-kidney-beans-5kg,,,5kg,TRS Red Kidney Beans,,Tasty  Nutritious,Trs,beans_peas_pulses,,vegetarian,,,TRS Red Kidney Beans,,India,5,kg,/uploads/trs_red-kidney-beans.png,,B,,trs,0,,true,published,5kg,trs-red-kidney-beans-v4
trs-red-split-lentils,variant_01KSYEGS7JYETSHPMJ70Q2NA39,trs-trs-red-split-lentils-1kg,,,1kg,TRS Red Split Lentils,,Tasty  Nutritious,Trs,lentils_dals,,vegetarian,,sesame,TRS Red Split Lentils,,India,1,kg,/uploads/trs_red-split-lentils.png,,B,,trs,0,,true,published,1kg,trs-red-split-lentils-v0
trs-red-split-lentils,variant_01KSYEGS7J894W553TAGDGY4E7,trs-trs-red-split-lentils-2kg,,,2kg,TRS Red Split Lentils,,Tasty  Nutritious,Trs,lentils_dals,,vegetarian,,sesame,TRS Red Split Lentils,,India,2,kg,/uploads/trs_red-split-lentils.png,,B,,trs,0,,true,published,2kg,trs-red-split-lentils-v1
trs-red-split-lentils,variant_01KSYEGS7J0QKFJ1G22EMPMT02,trs-trs-red-split-lentils-500g,,,500g,TRS Red Split Lentils,,Tasty  Nutritious,Trs,lentils_dals,,vegetarian,,sesame,TRS Red Split Lentils,,India,500,g,/uploads/trs_red-split-lentils.png,,B,,trs,0,,true,published,500g,trs-red-split-lentils-v2
trs-red-split-lentils,variant_01KSYEGS7JREPGJ9PGBQKQ126M,trs-trs-red-split-lentils-5kg,,,5kg,TRS Red Split Lentils,,Tasty  Nutritious,Trs,lentils_dals,,vegetarian,,sesame,TRS Red Split Lentils,,India,5,kg,/uploads/trs_red-split-lentils.png,,B,,trs,0,,true,published,5kg,trs-red-split-lentils-v3
trs-rosecoco-beans,variant_01KSYEGSCDGPE6VWZESJFCMTA8,trs-trs-rosecoco-beans-25kg,,,25kg,TRS Rosecoco Beans,,Tasty  Nutritious,Trs,beans_peas_pulses,,vegetarian,,,TRS Rosecoco Beans,,India,25,kg,/uploads/trs_rosecoco-beans.png,,B,,trs,0,,true,published,25kg,trs-rosecoco-beans-v0
trs-rosecoco-beans,variant_01KSYEGSCD1SFTMKTKXDPK9MQD,trs-trs-rosecoco-beans-2kg,,,2kg,TRS Rosecoco Beans,,Tasty  Nutritious,Trs,beans_peas_pulses,,vegetarian,,,TRS Rosecoco Beans,,India,2,kg,/uploads/trs_rosecoco-beans.png,,B,,trs,0,,true,published,2kg,trs-rosecoco-beans-v1
trs-rosecoco-beans,variant_01KSYEGSCDPFQAF0847X1JPNW7,trs-trs-rosecoco-beans-500g,,,500g,TRS Rosecoco Beans,,Tasty  Nutritious,Trs,beans_peas_pulses,,vegetarian,,,TRS Rosecoco Beans,,India,500,g,/uploads/trs_rosecoco-beans.png,,B,,trs,0,,true,published,500g,trs-rosecoco-beans-v2
trs-sarson-ka-saag-spiced-mustard-greens-curry,variant_01KSYEGSGDR6AP9RM9BDHMCHKV,trs-trs-sarson-ka-saag-spiced-mustard-greens-curry-450g,,,450g,TRS Sarson Ka Saag (Spiced Mustard Greens Curry),,Tasty  Nutritious,Trs,canned_preserved_vegetables,,vegetarian,,mustard,TRS Sarson Ka Saag (Spiced Mustard Greens Curry),,India,450,g,/uploads/trs_sarson-ka-saag-spiced-mustard-greens-curry.png,,B,,trs,0,,true,published,450g,trs-sarson-ka-saag-spiced-mustard-greens-curry-v0
trs-sarson-ka-saag-spiced-mustard-greens-curry,variant_01KSYEGSGDJPWA9CRM4MTDR88Q,trs-trs-sarson-ka-saag-spiced-mustard-greens-curry-850g,,,850g,TRS Sarson Ka Saag (Spiced Mustard Greens Curry),,Tasty  Nutritious,Trs,canned_preserved_vegetables,,vegetarian,,mustard,TRS Sarson Ka Saag (Spiced Mustard Greens Curry),,India,850,g,/uploads/trs_sarson-ka-saag-spiced-mustard-greens-curry.png,,B,,trs,0,,true,published,850g,trs-sarson-ka-saag-spiced-mustard-greens-curry-v1
trs-tapioca-pearls,variant_01KSYEGSMHA8KAQ477ATWTWZM2,trs-trs-tapioca-pearls-15kg,,,1.5kg,TRS Tapioca Pearls,,The delicate taste of our tapioca pearls is perfect for sweet treats. Naturally gluten-free; tapioca pearls are delicious in warm or cold creations. Keep them in the cupboard for a neutral base for all your sweet drinks and puddings.,Trs,speciality_flours_grains,,vegetarian,,,TRS Tapioca Pearls,,India,1.5,kg,/uploads/trs_tapioca-pearls.png,,B,,trs,0,,true,published,1.5kg,trs-tapioca-pearls-v0
trs-tapioca-pearls,variant_01KSYEGSMJ3W0GWPM930NMEJNH,trs-trs-tapioca-pearls-500g,,,500g,TRS Tapioca Pearls,,The delicate taste of our tapioca pearls is perfect for sweet treats. Naturally gluten-free; tapioca pearls are delicious in warm or cold creations. Keep them in the cupboard for a neutral base for all your sweet drinks and puddings.,Trs,speciality_flours_grains,,vegetarian,,,TRS Tapioca Pearls,,India,500,g,/uploads/trs_tapioca-pearls.png,,B,,trs,0,,true,published,500g,trs-tapioca-pearls-v1
trs-toor-dal,variant_01KSYEGSSBGQD985TN5GEZWZ5T,trs-trs-toor-dal-500g,,,500g,TRS Toor Dal,,Tasty  Nutritious,Trs,lentils_dals,,vegetarian,,,TRS Toor Dal,,India,500,g,/uploads/trs_toor-dal.png,,B,,trs,0,,true,published,500g,trs-toor-dal-v0
trs-toor-dal,variant_01KSYEGSSBH5ST98AMD6E51EET,trs-trs-toor-dal-1kg,,,1Kg,TRS Toor Dal,,Tasty  Nutritious,Trs,lentils_dals,,vegetarian,,,TRS Toor Dal,,India,1,kg,/uploads/trs_toor-dal.png,,B,,trs,0,,true,published,1Kg,trs-toor-dal-v1
trs-toor-dal,variant_01KSYEGSSBWNZV4BS0N8FG9C4A,trs-trs-toor-dal-2kg,,,2Kg,TRS Toor Dal,,Tasty  Nutritious,Trs,lentils_dals,,vegetarian,,,TRS Toor Dal,,India,2,kg,/uploads/trs_toor-dal.png,,B,,trs,0,,true,published,2Kg,trs-toor-dal-v2
trs-toor-dal,variant_01KSYEGSSBGDA67BZ38Y4RSDT2,trs-trs-toor-dal-25kg,,,25Kg,TRS Toor Dal,,Tasty  Nutritious,Trs,lentils_dals,,vegetarian,,,TRS Toor Dal,,India,25,kg,/uploads/trs_toor-dal.png,,B,,trs,0,,true,published,25Kg,trs-toor-dal-v3
trs-tumeric-powder,variant_01KSYEGSY4ATMZ0P0SRZA5NCNW,trs-trs-tumeric-powder-100g,,,100g,TRS Tumeric Powder,,TRS Turmeric lands a wonderful; woody aroma and flavour to dals; vegetables; meat; poultry and seafood dishes. Haldi (Turmeric) is used in pilau rice which creates a golden colour.,Trs,powdered_spices,,vegetarian,,,TRS Tumeric Powder,,India,100,g,/uploads/trs_tumeric-powder.png,,B,,trs,0,,true,published,100g,trs-tumeric-powder-v0
trs-tumeric-powder,variant_01KSYEGSY45TQ7PY040VSZ1JQT,trs-trs-tumeric-powder-400g,,,400g,TRS Tumeric Powder,,TRS Turmeric lands a wonderful; woody aroma and flavour to dals; vegetables; meat; poultry and seafood dishes. Haldi (Turmeric) is used in pilau rice which creates a golden colour.,Trs,powdered_spices,,vegetarian,,,TRS Tumeric Powder,,India,400,g,/uploads/trs_tumeric-powder.png,,B,,trs,0,,true,published,400g,trs-tumeric-powder-v1
trs-tumeric-powder,variant_01KSYEGSY4Q2S5HB799JAMN5FQ,trs-trs-tumeric-powder-1kg,,,1Kg,TRS Tumeric Powder,,TRS Turmeric lands a wonderful; woody aroma and flavour to dals; vegetables; meat; poultry and seafood dishes. Haldi (Turmeric) is used in pilau rice which creates a golden colour.,Trs,powdered_spices,,vegetarian,,,TRS Tumeric Powder,,India,1,kg,/uploads/trs_tumeric-powder.png,,B,,trs,0,,true,published,1Kg,trs-tumeric-powder-v2
trs-tumeric-powder,variant_01KSYEGSY4JAJ6ET1J212W9PD5,trs-trs-tumeric-powder-5kg,,,5Kg,TRS Tumeric Powder,,TRS Turmeric lands a wonderful; woody aroma and flavour to dals; vegetables; meat; poultry and seafood dishes. Haldi (Turmeric) is used in pilau rice which creates a golden colour.,Trs,powdered_spices,,vegetarian,,,TRS Tumeric Powder,,India,5,kg,/uploads/trs_tumeric-powder.png,,B,,trs,0,,true,published,5Kg,trs-tumeric-powder-v3
trs-urid-beans,variant_01KSYEGT2YR5H6WFVERM53XWRS,trs-trs-urid-beans-500g,,,500g,TRS Urid Beans,,Tasty  Nutritious,Trs,beans_peas_pulses,,vegetarian,,,TRS Urid Beans,,India,500,g,/uploads/trs_urid-beans.png,,B,,trs,0,,true,published,500g,trs-urid-beans-v0
trs-urid-beans,variant_01KSYEGT2YMFN602FPGPN3Y2TK,trs-trs-urid-beans-1kg,,,1Kg,TRS Urid Beans,,Tasty  Nutritious,Trs,beans_peas_pulses,,vegetarian,,,TRS Urid Beans,,India,1,kg,/uploads/trs_urid-beans.png,,B,,trs,0,,true,published,1Kg,trs-urid-beans-v1
trs-urid-beans,variant_01KSYEGT2ZZ8EYTJGS2AXHQ3VN,trs-trs-urid-beans-2kg,,,2Kg,TRS Urid Beans,,Tasty  Nutritious,Trs,beans_peas_pulses,,vegetarian,,,TRS Urid Beans,,India,2,kg,/uploads/trs_urid-beans.png,,B,,trs,0,,true,published,2Kg,trs-urid-beans-v2
trs-urid-beans,variant_01KSYEGT2ZB1K63HK2YE53HVCB,trs-trs-urid-beans-5kg,,,5Kg,TRS Urid Beans,,Tasty  Nutritious,Trs,beans_peas_pulses,,vegetarian,,,TRS Urid Beans,,India,5,kg,/uploads/trs_urid-beans.png,,B,,trs,0,,true,published,5Kg,trs-urid-beans-v3
trs-urid-beans,variant_01KSYEGT2ZKR539M9BW7X6NQSG,trs-trs-urid-beans-25kg,,,25Kg,TRS Urid Beans,,Tasty  Nutritious,Trs,beans_peas_pulses,,vegetarian,,,TRS Urid Beans,,India,25,kg,/uploads/trs_urid-beans.png,,B,,trs,0,,true,published,25Kg,trs-urid-beans-v4
trs-urid-dal,variant_01KSYEGT7DKD56TR2FVJER3QYT,trs-trs-urid-dal-500g,,,500g,TRS Urid Dal,,Tasty  Nutritious,Trs,lentils_dals,,vegetarian,,,TRS Urid Dal,,India,500,g,/uploads/trs_urid-dal.png,,B,,trs,0,,true,published,500g,trs-urid-dal-v0
trs-urid-dal,variant_01KSYEGT7DFCN18BMGPRPDA3RW,trs-trs-urid-dal-1kg,,,1kg,TRS Urid Dal,,Tasty  Nutritious,Trs,lentils_dals,,vegetarian,,,TRS Urid Dal,,India,1,kg,/uploads/trs_urid-dal.png,,B,,trs,0,,true,published,1kg,trs-urid-dal-v1
trs-urid-dal,variant_01KSYEGT7DWNEVQ8Z5P6FAEQFF,trs-trs-urid-dal-2kg,,,2Kg,TRS Urid Dal,,Tasty  Nutritious,Trs,lentils_dals,,vegetarian,,,TRS Urid Dal,,India,2,kg,/uploads/trs_urid-dal.png,,B,,trs,0,,true,published,2Kg,trs-urid-dal-v2
trs-urid-dal,variant_01KSYEGT7EKAETYJSAN5PGQ49N,trs-trs-urid-dal-5kg,,,5Kg,TRS Urid Dal,,Tasty  Nutritious,Trs,lentils_dals,,vegetarian,,,TRS Urid Dal,,India,5,kg,/uploads/trs_urid-dal.png,,B,,trs,0,,true,published,5Kg,trs-urid-dal-v3
trs-urid-dal-chilka,variant_01KSYEGTBXPAFG97A6VP4XA0J4,trs-trs-urid-dal-chilka-500g,,,500g,TRS Urid Dal Chilka,,Tasty  Nutritious,Trs,lentils_dals,,vegetarian,,,TRS Urid Dal Chilka,,India,500,g,/uploads/trs_urid-dal-chilka.png,,B,,trs,0,,true,published,500g,trs-urid-dal-chilka-v0
trs-urid-dal-chilka,variant_01KSYEGTBXBVEJ3ABWC97AEN82,trs-trs-urid-dal-chilka-1kg,,,1kg,TRS Urid Dal Chilka,,Tasty  Nutritious,Trs,lentils_dals,,vegetarian,,,TRS Urid Dal Chilka,,India,1,kg,/uploads/trs_urid-dal-chilka.png,,B,,trs,0,,true,published,1kg,trs-urid-dal-chilka-v1
trs-urid-dal-chilka,variant_01KSYEGTBXMXWRR9WXHVCWR55Z,trs-trs-urid-dal-chilka-2kg,,,2kg,TRS Urid Dal Chilka,,Tasty  Nutritious,Trs,lentils_dals,,vegetarian,,,TRS Urid Dal Chilka,,India,2,kg,/uploads/trs_urid-dal-chilka.png,,B,,trs,0,,true,published,2kg,trs-urid-dal-chilka-v2
trs-urid-whole-gota,variant_01KSYEGTG8WC6VHEY4SG9QW73M,trs-trs-urid-whole-gota-500g,,,500g,TRS Urid Whole Gota,,Tasty  Nutritious,Trs,lentils_dals,,vegetarian,,,TRS Urid Whole Gota,,India,500,g,/uploads/trs_urid-whole-gota.png,,B,,trs,0,,true,published,500g,trs-urid-whole-gota-v0
trs-urid-whole-gota,variant_01KSYEGTG8MKFESFRCS7XWS8J1,trs-trs-urid-whole-gota-1kg,,,1kg,TRS Urid Whole Gota,,Tasty  Nutritious,Trs,lentils_dals,,vegetarian,,,TRS Urid Whole Gota,,India,1,kg,/uploads/trs_urid-whole-gota.png,,B,,trs,0,,true,published,1kg,trs-urid-whole-gota-v1
trs-urid-whole-gota,variant_01KSYEGTG8WS1PE9TVV2J7J7PB,trs-trs-urid-whole-gota-2kg,,,2Kg,TRS Urid Whole Gota,,Tasty  Nutritious,Trs,lentils_dals,,vegetarian,,,TRS Urid Whole Gota,,India,2,kg,/uploads/trs_urid-whole-gota.png,,B,,trs,0,,true,published,2Kg,trs-urid-whole-gota-v2
trs-urid-whole-gota,variant_01KSYEGTG919CB96P53367TVJT,trs-trs-urid-whole-gota-5kg,,,5Kg,TRS Urid Whole Gota,,Tasty  Nutritious,Trs,lentils_dals,,vegetarian,,,TRS Urid Whole Gota,,India,5,kg,/uploads/trs_urid-whole-gota.png,,B,,trs,0,,true,published,5Kg,trs-urid-whole-gota-v3
trs-white-maize-meal,variant_01KSYEGTKP0X1W2HHJ27C3ZZXW,trs-trs-white-maize-meal-15kg,,,1.5kg,TRS White Maize Meal,,Our versatile white maize meal is perfect for a variety of dishes. Use flour to make bread and Rotis or in porridge and puddings. White maize meal is a staple food in several cuisines.,Trs,speciality_flours_grains,,vegetarian,,,TRS White Maize Meal,,India,1.5,kg,/uploads/trs_white-maize-meal.png,,B,,trs,0,,true,published,1.5kg,trs-white-maize-meal-v0
trs-white-maize-meal,variant_01KSYEGTKPQNV35K95YKH7ZCB1,trs-trs-white-maize-meal-500g,,,500g,TRS White Maize Meal,,Our versatile white maize meal is perfect for a variety of dishes. Use flour to make bread and Rotis or in porridge and puddings. White maize meal is a staple food in several cuisines.,Trs,speciality_flours_grains,,vegetarian,,,TRS White Maize Meal,,India,500,g,/uploads/trs_white-maize-meal.png,,B,,trs,0,,true,published,500g,trs-white-maize-meal-v1
trs-white-maize-meal,variant_01KSYEGTKQPDKBES1C2ZEEQDT8,trs-trs-white-maize-meal-5kg,,,5kg,TRS White Maize Meal,,Our versatile white maize meal is perfect for a variety of dishes. Use flour to make bread and Rotis or in porridge and puddings. White maize meal is a staple food in several cuisines.,Trs,speciality_flours_grains,,vegetarian,,,TRS White Maize Meal,,India,5,kg,/uploads/trs_white-maize-meal.png,,B,,trs,0,,true,published,5kg,trs-white-maize-meal-v2
trs-whole-cinnamon-dalchini,variant_01KSYEGTPVA57EG8QAB65KCY1W,trs-trs-whole-cinnamon-dalchini-15kg,,,1.5kg,TRS Whole Cinnamon (Dalchini),,Add some comforting whole cinnamon to rich curries and hot drinks. Perfect for adding depth and warmth to meats and stirring festive flavours into seasonal beverages. Whole cinnamon is a pantry staple for sweet and savoury dishes.,Trs,whole_spices_seeds,,vegetarian,,,TRS Whole Cinnamon (Dalchini),,India,1.5,kg,/uploads/trs_whole-cinnamon-dalchini.png,,B,,trs,0,,true,published,1.5kg,trs-whole-cinnamon-dalchini-v0
trs-whole-cinnamon-dalchini,variant_01KSYEGTPV7B332DYMASFMNNE8,trs-trs-whole-cinnamon-dalchini-200g,,,200g,TRS Whole Cinnamon (Dalchini),,Add some comforting whole cinnamon to rich curries and hot drinks. Perfect for adding depth and warmth to meats and stirring festive flavours into seasonal beverages. Whole cinnamon is a pantry staple for sweet and savoury dishes.,Trs,whole_spices_seeds,,vegetarian,,,TRS Whole Cinnamon (Dalchini),,India,200,g,/uploads/trs_whole-cinnamon-dalchini.png,,B,,trs,0,,true,published,200g,trs-whole-cinnamon-dalchini-v1
trs-whole-cinnamon-dalchini,variant_01KSYEGTPVSGSAEXQDQQFMH7EQ,trs-trs-whole-cinnamon-dalchini-400g,,,400g,TRS Whole Cinnamon (Dalchini),,Add some comforting whole cinnamon to rich curries and hot drinks. Perfect for adding depth and warmth to meats and stirring festive flavours into seasonal beverages. Whole cinnamon is a pantry staple for sweet and savoury dishes.,Trs,whole_spices_seeds,,vegetarian,,,TRS Whole Cinnamon (Dalchini),,India,400,g,/uploads/trs_whole-cinnamon-dalchini.png,,B,,trs,0,,true,published,400g,trs-whole-cinnamon-dalchini-v2
trs-whole-cinnamon-dalchini,variant_01KSYEGTPVJ1GR97PFAP8TN62C,trs-trs-whole-cinnamon-dalchini-50g,,,50g,TRS Whole Cinnamon (Dalchini),,Add some comforting whole cinnamon to rich curries and hot drinks. Perfect for adding depth and warmth to meats and stirring festive flavours into seasonal beverages. Whole cinnamon is a pantry staple for sweet and savoury dishes.,Trs,whole_spices_seeds,,vegetarian,,,TRS Whole Cinnamon (Dalchini),,India,50,g,/uploads/trs_whole-cinnamon-dalchini.png,,B,,trs,0,,true,published,50g,trs-whole-cinnamon-dalchini-v3
trs-yellow-peas,variant_01KSYEGTTYW13D7DBVCW02X21Q,trs-trs-yellow-peas-500g,,,500g,TRS Yellow Peas,,Tasty  Nutritious,Trs,beans_peas_pulses,,vegetarian,,,TRS Yellow Peas,,India,500,g,/uploads/trs_yellow-peas.png,,B,,trs,0,,true,published,500g,trs-yellow-peas-v0
trs-yellow-peas,variant_01KSYEGTTZTKFXMGZY52ADVZXT,trs-trs-yellow-peas-2kg,,,2Kg,TRS Yellow Peas,,Tasty  Nutritious,Trs,beans_peas_pulses,,vegetarian,,,TRS Yellow Peas,,India,2,kg,/uploads/trs_yellow-peas.png,,B,,trs,0,,true,published,2Kg,trs-yellow-peas-v1
trs-yellow-split-peas,variant_01KSYEGTYR5KHQMZ75GGXK5C4T,trs-trs-yellow-split-peas-2kg,,,2kg,TRS Yellow Split Peas,,Tasty  Nutritious,Trs,beans_peas_pulses,,vegetarian,,,TRS Yellow Split Peas,,India,2,kg,/uploads/trs_yellow-split-peas.png,,B,,trs,0,,true,published,2kg,trs-yellow-split-peas-v0
trs-yellow-split-peas,variant_01KSYEGTYR2M6QX70BNKNF3GTC,trs-trs-yellow-split-peas-500g,,,500g,TRS Yellow Split Peas,,Tasty  Nutritious,Trs,beans_peas_pulses,,vegetarian,,,TRS Yellow Split Peas,,India,500,g,/uploads/trs_yellow-split-peas.png,,B,,trs,0,,true,published,500g,trs-yellow-split-peas-v1
shan-special-chicken-biryani-mix,variant_01KSZKF3S8PVB36PJ2Z83MRRX2,shan-shan-special-chicken-biryani-mix-60g,,,60g,Shan Special Chicken Biryani Mix,,Shan Special Chicken Biryani Mix - aromatic spice blend for authentic chicken biryani with basmati rice.,Shan,masalas_spice_blends,,vegetarian,,,See product packaging for full ingredients list,,India,60,g,/uploads/shan-special-chicken-biryani-mix.jpg,,B,,shan,0,,true,published,60g,Shan-shan-special-chicken-biryani-mix-v0
shan-special-beef-biryani-mix,variant_01KSZKF44CW0SFTEGR1J2SNP4V,shan-shan-special-beef-biryani-mix-60g,,,60g,Shan Special Beef Biryani Mix,,Shan Special Beef Biryani Mix - richly spiced seasoning for a hearty beef biryani.,Shan,masalas_spice_blends,,vegetarian,,,See product packaging for full ingredients list,,India,60,g,/uploads/shan-special-beef-biryani-mix.jpg,,B,,shan,0,,true,published,60g,Shan-shan-special-beef-biryani-mix-v0
shan-special-mutton-biryani-mix,variant_01KSZKF4CCRBKQ2B9C403P758Z,shan-shan-special-mutton-biryani-mix-60g,,,60g,Shan Special Mutton Biryani Mix,,Shan Special Mutton Biryani Mix - traditional spice mix for slow-cooked mutton biryani.,Shan,masalas_spice_blends,,vegetarian,,,See product packaging for full ingredients list,,India,60,g,/uploads/shan-special-mutton-biryani-mix.jpg,,B,,shan,0,,true,published,60g,Shan-shan-special-mutton-biryani-mix-v0
shan-sindhi-biryani-mix,variant_01KSZKF4KGAZG6ZDMRY08N9NVX,shan-shan-sindhi-biryani-mix-65g,,,65g,Shan Sindhi Biryani Mix,,Shan Sindhi Biryani Mix - tangy and spicy seasoning for authentic Sindhi-style biryani with potatoes and tomatoes.,Shan,masalas_spice_blends,,vegetarian,,,See product packaging for full ingredients list,,India,65,g,/uploads/shan-sindhi-biryani-mix.jpg,,B,,shan,0,,true,published,65g,Shan-shan-sindhi-biryani-mix-v0
shan-bombay-biryani-mix,variant_01KSZKF4SHBX5CQTDDD3RKWJ3P,shan-shan-bombay-biryani-mix-60g,,,60g,Shan Bombay Biryani Mix,,Shan Bombay Biryani Mix - mildly spiced blend for the classic Bombay-style biryani with dried plums.,Shan,masalas_spice_blends,,vegetarian,,,See product packaging for full ingredients list,,India,60,g,/uploads/shan-bombay-biryani-mix.jpg,,B,,shan,0,,true,published,60g,Shan-shan-bombay-biryani-mix-v0
shan-karahi-gosht-masala,variant_01KSZKF4YZAEYX42075D7TMPX0,shan-shan-karahi-gosht-masala-50g,,,50g,Shan Karahi Gosht Masala,,Shan Karahi Gosht Masala - robust spice mix for traditional Pakistani karahi-style mutton or chicken.,Shan,masalas_spice_blends,,vegetarian,,,See product packaging for full ingredients list,,India,50,g,/uploads/shan-karahi-gosht-masala.jpg,,B,,shan,0,,true,published,50g,Shan-shan-karahi-gosht-masala-v0
shan-nihari-masala,variant_01KSZKF542F297HZ1VA0717V00,shan-shan-nihari-masala-50g,,,50g,Shan Nihari Masala,,Shan Nihari Masala - aromatic blend for the slow-cooked; rich nihari stew from Old Delhi and Lahore.,Shan,masalas_spice_blends,,vegetarian,,,See product packaging for full ingredients list,,India,50,g,/uploads/shan-nihari-masala.jpg,,B,,shan,0,,true,published,50g,Shan-shan-nihari-masala-v0
shan-korma-masala,variant_01KSZKF58AHPT46C0G8N0DAEHR,shan-shan-korma-masala-50g,,,50g,Shan Korma Masala,,Shan Korma Masala - creamy and fragrant spice mix for a luxurious Mughlai-style korma.,Shan,masalas_spice_blends,,vegetarian,,,See product packaging for full ingredients list,,India,50,g,/uploads/shan-korma-masala.jpg,,B,,shan,0,,true,published,50g,Shan-shan-korma-masala-v0
shan-butter-chicken-masala,variant_01KSZKF5DD96S8JV0Q9V25EHKG,shan-shan-butter-chicken-masala-50g,,,50g,Shan Butter Chicken Masala,,Shan Butter Chicken Masala - rich tomato and cream-based spice blend for the world-famous butter chicken.,Shan,masalas_spice_blends,,vegetarian,,,See product packaging for full ingredients list,,India,50,g,/uploads/shan-butter-chicken-masala.jpg,,B,,shan,0,,true,published,50g,Shan-shan-butter-chicken-masala-v0
shan-chicken-tikka-masala,variant_01KSZKF5KKY6CMGSQAX46KPAE4,shan-shan-chicken-tikka-masala-50g,,,50g,Shan Chicken Tikka Masala,,Shan Chicken Tikka Masala - tangy and smoky spice mix for classic tandoori-style chicken tikka.,Shan,masalas_spice_blends,,vegetarian,,,See product packaging for full ingredients list,,India,50,g,/uploads/shan-chicken-tikka-masala.jpg,,B,,shan,0,,true,published,50g,Shan-shan-chicken-tikka-masala-v0
shan-tandoori-chicken-mix,variant_01KSZKF5SQVE964K2WK74EQR1Q,shan-shan-tandoori-chicken-mix-50g,,,50g,Shan Tandoori Chicken Mix,,Shan Tandoori Chicken Mix - vibrant spice and yoghurt marinade blend for restaurant-style tandoori chicken.,Shan,masalas_spice_blends,,vegetarian,,,See product packaging for full ingredients list,,India,50,g,/uploads/shan-tandoori-chicken-mix.jpg,,B,,shan,0,,true,published,50g,Shan-shan-tandoori-chicken-mix-v0
shan-seekh-kabab-mix,variant_01KSZKF5Z96J1Z2CQ5N7V79TP9,shan-shan-seekh-kabab-mix-50g,,,50g,Shan Seekh Kabab Mix,,Shan Seekh Kabab Mix - perfectly balanced seasoning for grilled minced meat skewers.,Shan,masalas_spice_blends,,vegetarian,,,See product packaging for full ingredients list,,India,50,g,/uploads/shan-seekh-kabab-mix.jpg,,B,,shan,0,,true,published,50g,Shan-shan-seekh-kabab-mix-v0
shan-haleem-mix,variant_01KSZKF64NTD9DH2NGZC1M9R0X,shan-shan-haleem-mix-300g,,,300g,Shan Haleem Mix,,Shan Haleem Mix - complete spice and grain blend for the legendary slow-cooked wheat; barley; lentil and mutton stew.,Shan,masalas_spice_blends,,vegetarian,,,See product packaging for full ingredients list,,India,300,g,/uploads/shan-haleem-mix.jpg,,B,,shan,0,,true,published,300g,Shan-shan-haleem-mix-v0
shan-chana-masala,variant_01KSZKF6A1EYVH5PJ2MCYGFH1R,shan-shan-chana-masala-50g,,,50g,Shan Chana Masala,,Shan Chana Masala - tangy and spicy seasoning for Punjabi-style chickpea curry.,Shan,masalas_spice_blends,,vegetarian,,,See product packaging for full ingredients list,,India,50,g,/uploads/shan-chana-masala.jpg,,B,,shan,0,,true,published,50g,Shan-shan-chana-masala-v0
shan-daal-masala,variant_01KSZKF6GGT9SMRYJ1KQG7TZRG,shan-shan-daal-masala-50g,,,50g,Shan Daal Masala,,Shan Daal Masala - aromatic spice blend for richly tempered lentil dishes.,Shan,masalas_spice_blends,,vegetarian,,,See product packaging for full ingredients list,,India,50,g,/uploads/shan-daal-masala.jpg,,B,,shan,0,,true,published,50g,Shan-shan-daal-masala-v0
shan-achar-gosht-masala,variant_01KSZKF6PP9D4B85MRB1H0HPK1,shan-shan-achar-gosht-masala-50g,,,50g,Shan Achar Gosht Masala,,Shan Achar Gosht Masala - tangy pickle-flavoured spice mix for a unique meat curry with pickling spices.,Shan,masalas_spice_blends,,vegetarian,,,See product packaging for full ingredients list,,India,50,g,/uploads/shan-achar-gosht-masala.jpg,,B,,shan,0,,true,published,50g,Shan-shan-achar-gosht-masala-v0
shan-keema-masala,variant_01KSZKF6W9XHSJFV58YQEHMHR5,shan-shan-keema-masala-50g,,,50g,Shan Keema Masala,,Shan Keema Masala - deeply spiced blend for minced meat curry; a Pakistani household staple.,Shan,masalas_spice_blends,,vegetarian,,,See product packaging for full ingredients list,,India,50,g,/uploads/shan-keema-masala.jpg,,B,,shan,0,,true,published,50g,Shan-shan-keema-masala-v0
shan-pilau-rice-mix,variant_01KSZKF71JC5YBVBDZ7PHMWMQ7,shan-shan-pilau-rice-mix-50g,,,50g,Shan Pilau Rice Mix,,Shan Pilau Rice Mix - fragrant whole-spice seasoning for aromatic pilau rice; the perfect biryani side.,Shan,masalas_spice_blends,,vegetarian,,,See product packaging for full ingredients list,,India,50,g,/uploads/shan-pilau-rice-mix.jpg,,B,,shan,0,,true,published,50g,Shan-shan-pilau-rice-mix-v0
mdh-kitchen-king-masala,variant_01KSZKF77MC05N68B6T5B7QMMB,mdh-mdh-kitchen-king-masala-100g,,,100g,MDH Kitchen King Masala,,MDH Kitchen King Masala - the #1 selling all-purpose masala blend in UK South Asian grocery; perfect for any vegetable or meat dish.,Mdh,masalas_spice_blends,,vegetarian,,,See product packaging for full ingredients list,,India,100,g,/uploads/mdh-kitchen-king-masala.jpg,,B,,mdh,0,,true,published,100g,MDH-mdh-kitchen-king-masala-v0
mdh-chana-masala,variant_01KSZKF7D35NK9R4P9QPJY74V5,mdh-mdh-chana-masala-100g,,,100g,MDH Chana Masala,,MDH Chana Masala - traditional Punjabi spice blend for spicy and tangy chickpea curry.,Mdh,masalas_spice_blends,,vegetarian,,,See product packaging for full ingredients list,,India,100,g,/uploads/mdh-chana-masala.jpg,,B,,mdh,0,,true,published,100g,MDH-mdh-chana-masala-v0
mdh-rajma-masala,variant_01KSZKF7HNZCPMF25XZB7NVWDY,mdh-mdh-rajma-masala-100g,,,100g,MDH Rajma Masala,,MDH Rajma Masala - aromatic seasoning for North Indian-style red kidney bean curry.,Mdh,masalas_spice_blends,,vegetarian,,,See product packaging for full ingredients list,,India,100,g,/uploads/mdh-rajma-masala.jpg,,B,,mdh,0,,true,published,100g,MDH-mdh-rajma-masala-v0
mdh-pav-bhaji-masala,variant_01KSZKF7QCRDNN0JEK70HWN042,mdh-mdh-pav-bhaji-masala-100g,,,100g,MDH Pav Bhaji Masala,,MDH Pav Bhaji Masala - signature Mumbai street-food spice blend for spicy vegetable mash served with buttered bread rolls.,Mdh,masalas_spice_blends,,vegetarian,,,See product packaging for full ingredients list,,India,100,g,/uploads/mdh-pav-bhaji-masala.jpg,,B,,mdh,0,,true,published,100g,MDH-mdh-pav-bhaji-masala-v0
mdh-paneer-butter-masala,variant_01KSZKF7WVQS9QKSKNSKS6GNBJ,mdh-mdh-paneer-butter-masala-100g,,,100g,MDH Paneer Butter Masala,,MDH Paneer Butter Masala - rich and creamy spice mix for the classic Indian cottage cheese curry.,Mdh,masalas_spice_blends,,vegetarian,,,See product packaging for full ingredients list,,India,100,g,/uploads/mdh-paneer-butter-masala.jpg,,B,,mdh,0,,true,published,100g,MDH-mdh-paneer-butter-masala-v0
mdh-dal-makhani-masala,variant_01KSZKF82TE8GG9P34ZFEG21TP,mdh-mdh-dal-makhani-masala-100g,,,100g,MDH Dal Makhani Masala,,MDH Dal Makhani Masala - slow-cooking spice blend for the iconic Punjabi black lentil and kidney bean dal.,Mdh,masalas_spice_blends,,vegetarian,,,See product packaging for full ingredients list,,India,100,g,/uploads/mdh-dal-makhani-masala.jpg,,B,,mdh,0,,true,published,100g,MDH-mdh-dal-makhani-masala-v0
mdh-sambar-masala,variant_01KSZKF88FX358FK9X6MR8WGPT,mdh-mdh-sambar-masala-100g,,,100g,MDH Sambar Masala,,MDH Sambar Masala - authentic South Indian spice blend for tangy lentil and vegetable sambar.,Mdh,masalas_spice_blends,,vegetarian,,,See product packaging for full ingredients list,,India,100,g,/uploads/mdh-sambar-masala.jpg,,B,,mdh,0,,true,published,100g,MDH-mdh-sambar-masala-v0
mdh-chicken-masala,variant_01KSZKF8EKB48SVA69F84VW9EC,mdh-mdh-chicken-masala-100g,,,100g,MDH Chicken Masala,,MDH Chicken Masala - balanced everyday spice blend for classic North Indian chicken curry.,Mdh,masalas_spice_blends,,vegetarian,,,See product packaging for full ingredients list,,India,100,g,/uploads/mdh-chicken-masala.jpg,,B,,mdh,0,,true,published,100g,MDH-mdh-chicken-masala-v0
mdh-tandoori-masala,variant_01KSZKF8MAYQFH32Z74KTFY0VG,mdh-mdh-tandoori-masala-100g,,,100g,MDH Tandoori Masala,,MDH Tandoori Masala - bright red spice and yoghurt marinade blend for tandoori chicken and paneer tikka.,Mdh,masalas_spice_blends,,vegetarian,,,See product packaging for full ingredients list,,India,100,g,/uploads/mdh-tandoori-masala.jpg,,B,,mdh,0,,true,published,100g,MDH-mdh-tandoori-masala-v0
mdh-meat-masala,variant_01KSZKF8T0ZQ0RJKQ2MM9JGQ0R,mdh-mdh-meat-masala-100g,,,100g,MDH Meat Masala,,MDH Meat Masala - bold and aromatic spice blend for richly spiced mutton and lamb curries.,Mdh,masalas_spice_blends,,vegetarian,,,See product packaging for full ingredients list,,India,100,g,/uploads/mdh-meat-masala.jpg,,B,,mdh,0,,true,published,100g,MDH-mdh-meat-masala-v0
lijjat-urad-papad-extra-thin,variant_01KSZKF933F4V266833B26GBAS,lijjat-lijjat-urad-papad-extra-thin-200g,,,200g,Lijjat Urad Papad Extra Thin,,Lijjat Urad Papad Extra Thin - hand-rolled sun-dried black gram papadums; paper-thin and perfect for roasting or frying.,Lijjat,savouries_papadoms,,vegetarian,,,See product packaging for full ingredients list,,India,200,g,/uploads/lijjat-urad-papad-extra-thin.jpg,,B,,lijjat,0,,true,published,200g,Lijjat-lijjat-urad-papad-extra-thin-v0
lijjat-urad-special-papad,variant_01KSZKF988WVW5KMX1675QXRNR,lijjat-lijjat-urad-special-papad-200g,,,200g,Lijjat Urad Special Papad,,Lijjat Urad Special Papad - premium hand-rolled black gram papadums with added spices for extra flavour.,Lijjat,savouries_papadoms,,vegetarian,,,See product packaging for full ingredients list,,India,200,g,/uploads/lijjat-urad-special-papad.jpg,,B,,lijjat,0,,true,published,200g,Lijjat-lijjat-urad-special-papad-v0
lijjat-moong-dal-papad,variant_01KSZKF9E4SVP69MVTVJHCN82R,lijjat-lijjat-moong-dal-papad-200g,,,200g,Lijjat Moong Dal Papad,,Lijjat Moong Dal Papad - lightly spiced green gram papadums; hand-rolled and sun-dried by the Lijjat women's cooperative.,Lijjat,savouries_papadoms,,vegetarian,,,See product packaging for full ingredients list,,India,200,g,/uploads/lijjat-moong-dal-papad.jpg,,B,,lijjat,0,,true,published,200g,Lijjat-lijjat-moong-dal-papad-v0
tilda-pure-basmati,variant_01KSZKF9NJ44XFY50VMM5C422F,tilda-tilda-pure-basmati-2kg,,,2kg,Tilda Pure Basmati,,Tilda Pure Basmati - premium aged Himalayan basmati rice; known for its long slender grains and delicate aroma.,Tilda,basmati_rice,,vegetarian,,,See product packaging for full ingredients list,,India,2,kg,/uploads/tilda-pure-basmati.jpg,,B,,tilda,0,,true,published,2kg,Tilda-tilda-pure-basmati-v0
kohinoor-extra-long-basmati,variant_01KSZKFA145RMPNJAEVB8QVV5H,kohinoor-kohinoor-extra-long-basmati-2kg,,,2kg,Kohinoor Extra Long Basmati,,Kohinoor Extra Long Basmati - aged Indian basmati with extra-long grains that stay separate and fluffy when cooked.,Kohinoor,basmati_rice,,vegetarian,,,See product packaging for full ingredients list,,India,2,kg,/uploads/kohinoor-extra-long-basmati.jpg,,B,,kohinoor,0,,true,published,2kg,Kohinoor-kohinoor-extra-long-basmati-v0
daawat-rozana-basmati,variant_01KSZKFA7X4CTP6VJASM27ZQQH,daawat-daawat-rozana-basmati-5kg,,,5kg,Daawat Rozana Basmati,,Daawat Rozana Basmati - everyday basmati rice that delivers consistent quality and aroma for daily Indian meals.,Daawat,basmati_rice,,vegetarian,,,See product packaging for full ingredients list,,India,5,kg,/uploads/daawat-rozana-basmati.jpg,,B,,daawat,0,,true,published,5kg,Daawat-daawat-rozana-basmati-v0
elephant-atta-chakki-fresh,variant_01KSZKFAE6BF8DB4BXNDW2AXMQ,elephant-elephant-atta-chakki-fresh-5kg,,,5kg,Elephant Atta Chakki Fresh,,Elephant Atta Chakki Fresh - stone-ground whole wheat chapati flour milled fresh for soft and fluffy rotis.,Elephant,atta_flour,,vegetarian,,,See product packaging for full ingredients list,,India,5,kg,/uploads/elephant-atta-chakki-fresh.jpg,,B,,elephant,0,,true,published,5kg,Elephant-elephant-atta-chakki-fresh-v0
pillsbury-chakki-fresh-atta,variant_01KSZKFAMK11B4YWTBZGKNAV1F,pillsbury-pillsbury-chakki-fresh-atta-5kg,,,5kg,Pillsbury Chakki Fresh Atta,,Pillsbury Chakki Fresh Atta - finely ground 100% whole wheat flour for consistently soft chapatis every time.,Pillsbury,atta_flour,,vegetarian,,,See product packaging for full ingredients list,,India,5,kg,/uploads/pillsbury-chakki-fresh-atta.jpg,,B,,pillsbury,0,,true,published,5kg,Pillsbury-pillsbury-chakki-fresh-atta-v0
aashirvaad-atta-select,variant_01KSZKFATTA5ETZKV5QJDZ5CF5,aashirvaad-aashirvaad-atta-select-5kg,,,5kg,Aashirvaad Atta Select,,Aashirvaad Atta Select - premium 100% MP Sharbati whole wheat flour from India's #1 atta brand; renowned for soft rotis.,Aashirvaad,atta_flour,,vegetarian,,,See product packaging for full ingredients list,,India,5,kg,/uploads/aashirvaad-atta-select.jpg,,B,,aashirvaad,0,,true,published,5kg,Aashirvaad-aashirvaad-atta-select-v0
trs-puffed-lotus-seeds-makhana,variant_01KSZKFB84VDW8BFQY049WAG7N,trs-trs-puffed-lotus-seeds-makhana-100g,,,100g,TRS Puffed Lotus Seeds Makhana,,TRS Puffed Lotus Seeds Makhana - roasted fox nuts; a light and healthy snack popular during fasting and as a low-calorie alternative.,Trs,canned_preserved_vegetables,,vegetarian,,,See product packaging for full ingredients list,,India,100,g,/uploads/trs-puffed-lotus-seeds-makhana.jpg,,B,,trs,0,,true,published,100g,TRS-trs-puffed-lotus-seeds-makhana-v0
haldirams-aloo-bhujia-200g,variant_01KSZKPVKPNGQD73MPYF2AJ9EV,haldirams-haldirams-aloo-bhujia-200g,,,200g,Haldiram's Aloo Bhujia,,Haldiram's Aloo Bhujia - crispy fried potato and chickpea flour noodles seasoned with traditional spices.,Haldiram,savouries_papadoms,,vegetarian,,,See product packaging for full ingredients list,,India,200,g,/uploads/haldirams-aloo-bhujia.jpg,,B,,haldirams,0,,true,published,200g,Haldiram's-haldirams-aloo-bhujia-v0
haldirams-moong-dal-200g,variant_01KSZKPW97VF267JD5ATRAWN6E,haldirams-haldirams-moong-dal-200g,,,200g,Haldiram's Moong Dal,,Haldiram's Moong Dal - crunchy fried split moong lentils; lightly salted and spiced. A classic teatime snack.,Haldiram,savouries_papadoms,,vegetarian,,,See product packaging for full ingredients list,,India,200,g,/uploads/haldirams-moong-dal.jpg,,B,,haldirams,0,,true,published,200g,Haldiram's-haldirams-moong-dal-v0
haldirams-all-in-one-mix-200g,variant_01KSZKPWHQGJ2QPM9Y746SJ0J8,haldirams-haldirams-all-in-one-mix-200g,,,200g,Haldiram's All In One Mix,,Haldiram's All In One Mix - an irresistible medley of sev; dal; peanuts; rice flakes and spices.,Haldiram,savouries_papadoms,,vegetarian,,,See product packaging for full ingredients list,,India,200,g,/uploads/haldirams-all-in-one-mix.jpg,,B,,haldirams,0,,true,published,200g,Haldiram's-haldirams-all-in-one-mix-v0
haldirams-khatta-meetha-mix-200g,variant_01KSZKPWPKNG4811GQVPGDHB41,haldirams-haldirams-khatta-meetha-mix-200g,,,200g,Haldiram's Khatta Meetha Mix,,Haldiram's Khatta Meetha Mix - sweet and sour chickpea flour noodles with peanuts; a uniquely addictive snack.,Haldiram,savouries_papadoms,,vegetarian,,,See product packaging for full ingredients list,,India,200,g,/uploads/haldirams-khatta-meetha-mix.jpg,,B,,haldirams,0,,true,published,200g,Haldiram's-haldirams-khatta-meetha-mix-v0
haldirams-dalmoth-200g,variant_01KSZKPWV9FNT9QD8X763GV8NY,haldirams-haldirams-dalmoth-200g,,,200g,Haldiram's Dalmoth,,Haldiram's Dalmoth - spicy and crunchy mix of fried lentils; nuts and chickpea flour bits; a traditional North Indian snack.,Haldiram,savouries_papadoms,,vegetarian,,,See product packaging for full ingredients list,,India,200,g,/uploads/haldirams-dalmoth.jpg,,B,,haldirams,0,,true,published,200g,Haldiram's-haldirams-dalmoth-v0
haldirams-bhujia-sev-200g,variant_01KSZKPWZY351DYA21EZY1KZ5E,haldirams-haldirams-bhujia-sev-200g,,,200g,Haldiram's Bhujia Sev,,Haldiram's Bhujia Sev - thin; crispy chickpea flour noodles seasoned with black pepper and cloves.,Haldiram,savouries_papadoms,,vegetarian,,,See product packaging for full ingredients list,,India,200,g,/uploads/haldirams-bhujia-sev.jpg,,B,,haldirams,0,,true,published,200g,Haldiram's-haldirams-bhujia-sev-v0
haldirams-mathri-200g,variant_01KSZKPX4RBDAWR6S3YXNVDJG2,haldirams-haldirams-mathri-200g,,,200g,Haldiram's Mathri,,Haldiram's Mathri - flaky; savoury whole wheat flour crackers; perfect with chai or pickle.,Haldiram,savouries_papadoms,,vegetarian,,,See product packaging for full ingredients list,,India,200,g,/uploads/haldirams-mathri.jpg,,B,,haldirams,0,,true,published,200g,Haldiram's-haldirams-mathri-v0
haldirams-gulab-jamun-tin-500g,variant_01KSZKPX8BT88BKWM91YB91MKQ,haldirams-haldirams-gulab-jamun-tin-500g,,,500g,Haldiram's Gulab Jamun Tin,,Haldiram's Gulab Jamun Tin - soft milk-solid dumplings in fragrant sugar syrup. Ready to serve; ambient storage.,Haldiram,sweets_confectionery,,vegetarian,,,See product packaging for full ingredients list,,India,500,g,/uploads/haldirams-gulab-jamun-tin.jpg,,B,,haldirams,0,,true,published,500g,Haldiram's-haldirams-gulab-jamun-tin-v0
haldirams-rasgulla-tin-1kg,variant_01KSZKPXEBWJB0CJ2DH2CZE11H,haldirams-haldirams-rasgulla-tin-1kg,,,1kg,Haldiram's Rasgulla Tin,,Haldiram's Rasgulla Tin - spongy cottage cheese balls in light sugar syrup; a beloved Bengali sweet.,Haldiram,sweets_confectionery,,vegetarian,,,See product packaging for full ingredients list,,India,1,kg,/uploads/haldirams-rasgulla-tin.jpg,,B,,haldirams,0,,true,published,1kg,Haldiram's-haldirams-rasgulla-tin-v0
haldirams-soan-papdi-500g,variant_01KSZKPXK7RFME3EY9BTVZ4RSC,haldirams-haldirams-soan-papdi-500g,,,500g,Haldiram's Soan Papdi,,Haldiram's Soan Papdi - flaky; melt-in-the-mouth gram flour sweet with pistachios and cardamom. The #1 Diwali gifting product in UK Indian market.,Haldiram,sweets_confectionery,,vegetarian,,,See product packaging for full ingredients list,,India,500,g,/uploads/haldirams-soan-papdi.jpg,,B,,haldirams,0,,true,published,500g,Haldiram's-haldirams-soan-papdi-v0
parle-g-glucose-biscuits-400g,variant_01KSZKPXSCTZG96SCBS3RR5CPD,parle-parle-g-glucose-biscuits-400g,,,400g,Parle-G Glucose Biscuits,,Parle-G Glucose Biscuits - India's most iconic sweetened whole wheat biscuit. The best-selling biscuit in Indian diaspora.,Parle,biscuits_crackers,,vegetarian,,,See product packaging for full ingredients list,,India,400,g,/uploads/parle-g-glucose-biscuits.jpg,,B,,parle,0,,true,published,400g,Parle-parle-g-glucose-biscuits-v0
parle-monaco-salted-crackers-200g,variant_01KSZKPXZSQCD9WA2B0YWXF68V,parle-parle-monaco-salted-crackers-200g,,,200g,Parle Monaco Salted Crackers,,Parle Monaco Salted Crackers - crispy salted savoury biscuit crackers; a popular chai-time snack.,Parle,biscuits_crackers,,vegetarian,,,See product packaging for full ingredients list,,India,200,g,/uploads/parle-monaco-salted-crackers.jpg,,B,,parle,0,,true,published,200g,Parle-parle-monaco-salted-crackers-v0
parle-bourbon-200g,variant_01KSZKPY4R9430G0CPFA59WE1C,parle-parle-bourbon-200g,,,200g,Parle Bourbon,,Parle Bourbon - chocolate cream-filled sandwich biscuits; a nostalgic Indian childhood favourite.,Parle,biscuits_crackers,,vegetarian,,,See product packaging for full ingredients list,,India,200,g,/uploads/parle-bourbon.jpg,,B,,parle,0,,true,published,200g,Parle-parle-bourbon-v0
britannia-good-day-butter-cookies-150g,variant_01KSZKPY9M8185DSFYYMTQQVZ9,britannia-britannia-good-day-butter-cookies-150g,,,150g,Britannia Good Day Butter Cookies,,Britannia Good Day Butter Cookies - rich and crumbly butter cookies with a hint of cardamom. A daily tea-time essential.,Britannia,biscuits_crackers,,vegetarian,,,See product packaging for full ingredients list,,India,150,g,/uploads/britannia-good-day-butter-cookies.jpg,,B,,britannia,0,,true,published,150g,Britannia-britannia-good-day-butter-cookies-v0
britannia-good-day-cashew-cookies-150g,variant_01KSZKPYDM9RP8CXBPQRGRRX5X,britannia-britannia-good-day-cashew-cookies-150g,,,150g,Britannia Good Day Cashew Cookies,,Britannia Good Day Cashew Cookies - buttery cookies studded with real cashew pieces for a premium tea-time treat.,Britannia,biscuits_crackers,,vegetarian,,,See product packaging for full ingredients list,,India,150,g,/uploads/britannia-good-day-cashew-cookies.jpg,,B,,britannia,0,,true,published,150g,Britannia-britannia-good-day-cashew-cookies-v0
britannia-marie-gold-200g,variant_01KSZKPYJBTTYC566R3DZGKNSF,britannia-britannia-marie-gold-200g,,,200g,Britannia Marie Gold,,Britannia Marie Gold - light and crisp tea biscuits made with whole wheat; perfect for dunking in chai.,Britannia,biscuits_crackers,,vegetarian,,,See product packaging for full ingredients list,,India,200,g,/uploads/britannia-marie-gold.jpg,,B,,britannia,0,,true,published,200g,Britannia-britannia-marie-gold-v0
britannia-bourbon-cream-200g,variant_01KSZKPYPSMYFCS46CWPZ4SHMB,britannia-britannia-bourbon-cream-200g,,,200g,Britannia Bourbon Cream,,Britannia Bourbon Cream - rich chocolate cream-filled sandwich biscuits with a satisfying snap.,Britannia,biscuits_crackers,,vegetarian,,,See product packaging for full ingredients list,,India,200,g,/uploads/britannia-bourbon-cream.jpg,,B,,britannia,0,,true,published,200g,Britannia-britannia-bourbon-cream-v0
maggi-2-minute-noodles-masala-4-pack,variant_01KSZKPYV8HP790PSY2JE7RJY7,maggi-maggi-2-minute-noodles-masala-4-pack,,,4-Pack,Maggi 2-Minute Noodles Masala,,Maggi 2-Minute Noodles Masala - the iconic instant noodles with signature masala flavour. 4-pack multipack.,Maggi,savouries_papadoms,,vegetarian,,,See product packaging for full ingredients list,,India,,,/uploads/maggi-2-minute-noodles-masala.jpg,,B,,maggi,0,,true,published,4-Pack,Maggi-maggi-2-minute-noodles-masala-v0
maggi-hot-sweet-sauce-400g,variant_01KSZKPZ2WAC5VGN27F3NW1FC5,maggi-maggi-hot-sweet-sauce-400g,,,400g,Maggi Hot & Sweet Sauce,,Maggi Hot & Sweet Sauce - the legendary sweet and spicy tomato chilli sauce; an essential Indian table condiment.,Maggi,cooking_pastes_sauces,,vegetarian,,,See product packaging for full ingredients list,,India,400,g,/uploads/maggi-hot-and-sweet-sauce.jpg,,B,,maggi,0,,true,published,400g,Maggi-maggi-hot-sweet-sauce-v0
pataks-mango-chutney-340g,variant_01KSZKPZ85JHC1ZKZ51GH4DR9R,pataks-pataks-mango-chutney-340g,,,340g,Patak's Mango Chutney,,Patak's Mango Chutney - the UK's favourite sweet and tangy mango chutney; a cross-cultural classic.,Patak's,chutneys_spreads,,vegetarian,,,See product packaging for full ingredients list,,India,340,g,/uploads/pataks-mango-chutney.jpg,,B,,pataks,0,,true,published,340g,Patak's-pataks-mango-chutney-v0
pataks-lime-pickle-283g,variant_01KSZKPZDCJ82454F5D6Y5TQFA,pataks-pataks-lime-pickle-283g,,,283g,Patak's Lime Pickle,,Patak's Lime Pickle - tangy and hot lime pickle with traditional Indian spices; the perfect curry accompaniment.,Patak's,pickles,,vegetarian,,,See product packaging for full ingredients list,,India,283,g,/uploads/pataks-lime-pickle.jpg,,B,,pataks,0,,true,published,283g,Patak's-pataks-lime-pickle-v0
pataks-mixed-pickle-283g,variant_01KSZKPZKBR8HA8QSHGX805K0R,pataks-pataks-mixed-pickle-283g,,,283g,Patak's Mixed Pickle,,Patak's Mixed Pickle - a medley of mango; lime and chilli in spiced oil; a tangy Indian pickle selection.,Patak's,pickles,,vegetarian,,,See product packaging for full ingredients list,,India,283,g,/uploads/pataks-mixed-pickle.jpg,,B,,pataks,0,,true,published,283g,Patak's-pataks-mixed-pickle-v0
pataks-tikka-masala-paste-290g,variant_01KSZKPZRME3DJDAMBMKSDG6CC,pataks-pataks-tikka-masala-paste-290g,,,290g,Patak's Tikka Masala Paste,,Patak's Tikka Masala Paste - concentrated spice paste for the UK's favourite curry. Ready to cook in minutes.,Patak's,cooking_pastes_sauces,,vegetarian,,,See product packaging for full ingredients list,,India,290,g,/uploads/pataks-tikka-masala-paste.jpg,,B,,pataks,0,,true,published,290g,Patak's-pataks-tikka-masala-paste-v0
lal-qilla-premium-basmati-5kg,variant_01KSZKPZXQ4CFR4DT09CTJEPBS,lal-qilla-lal-qilla-premium-basmati-5kg,,,5kg,Lal Qilla Premium Basmati,,Lal Qilla Premium Basmati - premium Pakistani basmati rice; prized for its extra-long grains and distinctive fragrance.,Lal qilla,basmati_rice,,vegetarian,,,See product packaging for full ingredients list,,India,5,kg,/uploads/lal-qilla-premium-basmati.jpg,,B,,lal-qilla,0,,true,published,5kg,Lal Qilla-lal-qilla-premium-basmati-v0
falak-super-basmati-5kg,variant_01KSZKQ04F25T4QDG7911ZYNXY,falak-falak-super-basmati-5kg,,,5kg,Falak Super Basmati,,Falak Super Basmati - premium extra-long grain Pakistani basmati; highly sought after by the Pakistani community.,Falak,basmati_rice,,vegetarian,,,See product packaging for full ingredients list,,India,5,kg,/uploads/falak-super-basmati.jpg,,B,,falak,0,,true,published,5kg,Falak-falak-super-basmati-v0
brooke-bond-red-label-tea-500g,variant_01KSZKQ09Z5SZCHKT45DHQD8P1,generic-brooke-bond-red-label-tea-500g,,,500g,Brooke Bond Red Label Tea,,Brooke Bond Red Label Tea - India's favourite loose leaf black tea blend; rich; strong and full-bodied for the perfect chai.,,beverages_drinks,,vegetarian,,,See product packaging for full ingredients list,,India,500,g,/uploads/brooke-bond-red-label-tea.jpg,,B,,generic,0,,true,published,500g,Brooke Bond-brooke-bond-red-label-tea-v0
tata-gold-tea-500g,variant_01KSZKQ0FYHDWMWRZWA8FZ9HAZ,generic-tata-gold-tea-500g,,,500g,Tata Gold Tea,,Tata Gold Tea - premium Assam tea leaves with golden tips for a rich; aromatic cup of chai.,,beverages_drinks,,vegetarian,,,See product packaging for full ingredients list,,India,500,g,/uploads/tata-gold-tea.jpg,,B,,generic,0,,true,published,500g,Tata-tata-gold-tea-v0
wagh-bakri-premium-tea-500g,variant_01KSZKQ0NVX9Y7HSQMX2QQQGVD,generic-wagh-bakri-premium-tea-500g,,,500g,Wagh Bakri Premium Tea,,Wagh Bakri Premium Tea - Gujarat's most beloved tea blend; a perfectly balanced strong and smooth chai tea.,,beverages_drinks,,vegetarian,,,See product packaging for full ingredients list,,India,500,g,/uploads/wagh-bakri-premium-tea.jpg,,B,,generic,0,,true,published,500g,Wagh Bakri-wagh-bakri-premium-tea-v0
wagh-bakri-masala-chai-250g,variant_01KSZKQ0VFXFX5MPPP7E72RGTB,generic-wagh-bakri-masala-chai-250g,,,250g,Wagh Bakri Masala Chai,,Wagh Bakri Masala Chai - aromatic spiced tea blend with cardamom; ginger; cloves and cinnamon for an authentic masala chai.,,beverages_drinks,,vegetarian,,,See product packaging for full ingredients list,,India,250,g,/uploads/wagh-bakri-masala-chai.jpg,,B,,generic,0,,true,published,250g,Wagh Bakri-wagh-bakri-masala-chai-v0
girnar-masala-chai-tea-bags-100-bags,variant_01KSZKQ0Z1F7CXY1MCEJJA9GDT,generic-girnar-masala-chai-tea-bags-100-bags,,,100 Bags,Girnar Masala Chai Tea Bags,,Girnar Masala Chai Tea Bags - convenient tea bags infused with traditional Indian spices for an instant masala chai experience. Box of 100.,,beverages_drinks,,vegetarian,,,See product packaging for full ingredients list,,India,,,/uploads/girnar-masala-chai-tea-bags.jpg,,B,,generic,0,,true,published,100 Bags,Girnar-girnar-masala-chai-tea-bags-v0
hamdard-rooh-afza-750ml,variant_01KSZKQ13S6Y9J1QTWH9M33DJ2,generic-hamdard-rooh-afza-750ml,,,750ml,Hamdard Rooh Afza,,Hamdard Rooh Afza - the legendary rose; herb and fruit cooling syrup. Mix with water or milk. Ramadan essential with 4x normal demand.,,beverages_drinks,,vegetarian,,,See product packaging for full ingredients list,,India,750,ml,/uploads/hamdard-rooh-afza.jpg,,B,,generic,0,,true,published,750ml,Hamdard-hamdard-rooh-afza-v0
maaza-mango-drink-1l,variant_01KSZKQ1A5QAR80AQ9XMQCRAC2,generic-maaza-mango-drink-1l,,,1L,Maaza Mango Drink,,Maaza Mango Drink - India's iconic mango nectar drink made with Alphonso mango pulp. A weekly trigger for most households.,,beverages_drinks,,vegetarian,,,See product packaging for full ingredients list,,India,1,l,/uploads/maaza-mango-drink.jpg,,B,,generic,0,,true,published,1L,Maaza-maaza-mango-drink-v0
frooti-mango-1l,variant_01KSZKQ1EMPQ0NT6NFN0JCAV8F,generic-frooti-mango-1l,,,1L,Frooti Mango,,Frooti Mango - fresh and refreshing mango drink in the iconic green tetra pack. A nostalgic taste of India.,,beverages_drinks,,vegetarian,,,See product packaging for full ingredients list,,India,1,l,/uploads/frooti-mango.jpg,,B,,generic,0,,true,published,1L,Frooti-frooti-mango-v0
bikaji-bhujia-200g,variant_01KSZKQ1KCMFJBCAQ1PCAP6P1H,bikaji-bikaji-bhujia-200g,,,200g,Bikaji Bhujia,,Bikaji Bhujia - crispy spiced chickpea flour noodles from Rajasthan's famous Bikaji brand. A namkeen essential.,Bikaji,savouries_papadoms,,vegetarian,,,See product packaging for full ingredients list,,India,200,g,/uploads/bikaji-bhujia.jpg,,B,,bikaji,0,,true,published,200g,Bikaji-bikaji-bhujia-v0
bikaji-all-in-one-mix-200g,variant_01KSZKQ1RJ78VAY12D0Q7FWGBG,bikaji-bikaji-all-in-one-mix-200g,,,200g,Bikaji All In One Mix,,Bikaji All In One Mix - a tasty medley of sev; dal; peanuts and puffed rice in Bikaji's signature spice blend.,Bikaji,savouries_papadoms,,vegetarian,,,See product packaging for full ingredients list,,India,200,g,/uploads/bikaji-all-in-one-mix.jpg,,B,,bikaji,0,,true,published,200g,Bikaji-bikaji-all-in-one-mix-v0
bikaji-khatta-meetha-200g,variant_01KSZKQ1XS9TYCVA42CQ3AD7N8,bikaji-bikaji-khatta-meetha-200g,,,200g,Bikaji Khatta Meetha,,Bikaji Khatta Meetha - sweet and sour chickpea flour noodles with dried fruits and nuts for a delightful snack.,Bikaji,savouries_papadoms,,vegetarian,,,See product packaging for full ingredients list,,India,200,g,/uploads/bikaji-khatta-meetha.jpg,,B,,bikaji,0,,true,published,200g,Bikaji-bikaji-khatta-meetha-v0
bournvita-500g,variant_01KSZKQ21KWVB1DXNMSEQZG8QC,bournvita-bournvita-500g,,,500g,Bournvita,,Bournvita - classic malted chocolate health drink fortified with vitamins and minerals. A childhood staple across India.,Bournvita,beverages_drinks,,vegetarian,,,See product packaging for full ingredients list,,India,500,g,/uploads/bournvita.jpg,,B,,bournvita,0,,true,published,500g,Bournvita-bournvita-v0
horlicks-original-500g,variant_01KSZKQ2670FH3SN8BAT0K8Y70,horlicks-horlicks-original-500g,,,500g,Horlicks Original,,Horlicks Original - malted barley and wheat health drink with essential nutrients. The trusted family nourishment brand.,Horlicks,beverages_drinks,,vegetarian,,,See product packaging for full ingredients list,,India,500,g,/uploads/horlicks-original.jpg,,B,,horlicks,0,,true,published,500g,Horlicks-horlicks-original-v0
dabur-chyawanprash-500g,variant_01KSZKQ2B5SGCXE9A0GBS2EQC3,generic-dabur-chyawanprash-500g,,,500g,Dabur Chyawanprash,,Dabur Chyawanprash - traditional Ayurvedic herbal jam made with amla and 40+ herbs for immunity and vitality.,,wellness_health,,vegetarian,,,See product packaging for full ingredients list,,India,500,g,/uploads/dabur-chyawanprash.jpg,,B,,generic,0,,true,published,500g,Dabur-dabur-chyawanprash-v0
glucon-d-mango-500g,variant_01KSZKQ2GB63TKFKR5JPAJ4K89,generic-glucon-d-mango-500g,,,500g,Glucon-D Mango,,Glucon-D Mango - instant glucose energy drink powder with refreshing mango flavour. Popular for summer hydration.,,beverages_drinks,,vegetarian,,,See product packaging for full ingredients list,,India,500,g,,,B,,generic,0,,true,published,500g,Glucon-D-glucon-d-mango-v0
parle-mango-bite-40-piece-bag,variant_01KSZKQ2NKB9X7V6342E8520XT,parle-parle-mango-bite-40-piece-bag,,,40-Piece Bag,Parle Mango Bite,,Parle Mango Bite - tangy and sweet mango-flavoured toffees. A nostalgic Indian candy; 40-piece share bag.,Parle,sweets_confectionery,,vegetarian,,,See product packaging for full ingredients list,,India,,,/uploads/parle-mango-bite.jpg,,B,,parle,0,,true,published,40-Piece Bag,Parle-parle-mango-bite-v0
parle-melody-40-piece-bag,variant_01KSZKQ2S7KHQD2YHXGXTQE35A,parle-parle-melody-40-piece-bag,,,40-Piece Bag,Parle Melody,,Parle Melody - chocolate-coated caramel toffees with a melt-in-the-mouth centre. 40-piece bag of India's beloved candy.,Parle,sweets_confectionery,,vegetarian,,,See product packaging for full ingredients list,,India,,,,,B,,parle,0,,true,published,40-Piece Bag,Parle-parle-melody-v0
bikaji-soan-papdi-500g,variant_01KSZKQ2XMQJMNKH8QG49GMF6B,bikaji-bikaji-soan-papdi-500g,,,500g,Bikaji Soan Papdi,,Bikaji Soan Papdi - flaky; melt-in-the-mouth gram flour sweet with pistachios and cardamom. A premium festive and gifting sweet.,Bikaji,sweets_confectionery,,vegetarian,,,See product packaging for full ingredients list,,India,500,g,/uploads/bikaji-soan-papdi.jpg,,B,,bikaji,0,,true,published,500g,Bikaji-bikaji-soan-papdi-v0
bikaji-gulab-jamun-tin-1kg,variant_01KSZKQ33DV51H2Q5TQYQD5E6V,bikaji-bikaji-gulab-jamun-tin-1kg,,,1kg,Bikaji Gulab Jamun Tin,,Bikaji Gulab Jamun Tin - soft milk-solid dumplings in aromatic sugar syrup. Ready-to-serve ambient tin; perfect for entertaining.,Bikaji,sweets_confectionery,,vegetarian,,,See product packaging for full ingredients list,,India,1,kg,/uploads/bikaji-gulab-jamun-tin.jpg,,B,,bikaji,0,,true,published,1kg,Bikaji-bikaji-gulab-jamun-tin-v0
tilda-pure-basmati-5kg,variant_01KSZQTX9YTJTH00H0ZPH6A3NN,tilda-tilda-pure-basmati-5kg,,,5kg,Tilda Pure Basmati,,Tilda Pure Basmati 5kg - Premium quality product.,Tilda,basmati_rice,,vegetarian,,,See product packaging,,India,5,kg,/uploads/tilda-pure-basmati.jpg,,B,,tilda,0,,true,published,5kg,MVC-tilda-pure-basmati-5kg-v0
tilda-pure-basmati-10kg,variant_01KSZQTXR9DH4S528PACHV3FRW,tilda-tilda-pure-basmati-10kg,,,10kg,Tilda Pure Basmati,,Tilda Pure Basmati 10kg - Premium quality product.,Tilda,basmati_rice,,vegetarian,,,See product packaging,,India,10,kg,/uploads/tilda-pure-basmati.jpg,,B,,tilda,0,,true,published,10kg,MVC-tilda-pure-basmati-10kg-v0
kohinoor-extra-long-basmati-5kg,variant_01KSZQTY0PCJ73J42GSG8PPWKQ,kohinoor-kohinoor-extra-long-basmati-5kg,,,5kg,Kohinoor Extra Long Basmati,,Kohinoor Extra Long Basmati 5kg - Premium quality product.,Kohinoor,basmati_rice,,vegetarian,,,See product packaging,,India,5,kg,/uploads/kohinoor-extra-long-basmati.jpg,,B,,kohinoor,0,,true,published,5kg,MVC-kohinoor-extra-long-basmati-5kg-v0
lal-qilla-premium-basmati-10kg,variant_01KSZQTY6Z8N2T698EMF0CARG5,lal-qilla-lal-qilla-premium-basmati-10kg,,,10kg,Lal Qilla Premium Basmati,,Lal Qilla Premium Basmati 10kg - Premium quality product.,Lal qilla,basmati_rice,,vegetarian,,,See product packaging,,India,10,kg,/uploads/lal-qilla-premium-basmati.jpg,,B,,lal-qilla,0,,true,published,10kg,MVC-lal-qilla-premium-basmati-10kg-v0
elephant-atta-chakki-fresh-10kg,variant_01KSZQTYCPK7DEJ010QZTXK0EA,elephant-elephant-atta-chakki-fresh-10kg,,,10kg,Elephant Atta Chakki Fresh,,Elephant Atta Chakki Fresh 10kg - Premium quality product.,Elephant,atta_flour,,vegetarian,,,See product packaging,,India,10,kg,/uploads/elephant-atta-chakki-fresh.jpg,,B,,elephant,0,,true,published,10kg,MVC-elephant-atta-chakki-fresh-10kg-v0
pillsbury-chakki-fresh-atta-10kg,variant_01KSZQTYJSCPQ76R06KFQH644G,pillsbury-pillsbury-chakki-fresh-atta-10kg,,,10kg,Pillsbury Chakki Fresh Atta,,Pillsbury Chakki Fresh Atta 10kg - Premium quality product.,Pillsbury,atta_flour,,vegetarian,,,See product packaging,,India,10,kg,/uploads/pillsbury-chakki-fresh-atta.jpg,,B,,pillsbury,0,,true,published,10kg,MVC-pillsbury-chakki-fresh-atta-10kg-v0
aashirvaad-atta-select-10kg,variant_01KSZQTYR700HYREG2KMYTYY4W,aashirvaad-aashirvaad-atta-select-10kg,,,10kg,Aashirvaad Atta Select,,Aashirvaad Atta Select 10kg - Premium quality product.,Aashirvaad,atta_flour,,vegetarian,,,See product packaging,,India,10,kg,/uploads/aashirvaad-atta-select.jpg,,B,,aashirvaad,0,,true,published,10kg,MVC-aashirvaad-atta-select-10kg-v0
brooke-bond-red-label-tea-1kg,variant_01KSZQTYX8W8MAHAYW6AA41226,generic-brooke-bond-red-label-tea-1kg,,,1kg,Brooke Bond Red Label Tea,,Brooke Bond Red Label Tea 1kg - Premium quality product.,,beverages_drinks,,vegetarian,,,See product packaging,,India,1,kg,/uploads/brooke-bond-red-label-tea.jpg,,B,,generic,0,,true,published,1kg,MVC-brooke-bond-red-label-tea-1kg-v0
tata-gold-tea-1kg,variant_01KSZQTZ2K8GV9QQM422JT5R4T,generic-tata-gold-tea-1kg,,,1kg,Tata Gold Tea,,Tata Gold Tea 1kg - Premium quality product.,,beverages_drinks,,vegetarian,,,See product packaging,,India,1,kg,/uploads/tata-gold-tea.jpg,,B,,generic,0,,true,published,1kg,MVC-tata-gold-tea-1kg-v0
wagh-bakri-premium-tea-1kg,variant_01KSZQTZ7XKEA1ZM5FDY5XQPTV,generic-wagh-bakri-premium-tea-1kg,,,1kg,Wagh Bakri Premium Tea,,Wagh Bakri Premium Tea 1kg - Premium quality product.,,beverages_drinks,,vegetarian,,,See product packaging,,India,1,kg,/uploads/wagh-bakri-premium-tea.jpg,,B,,generic,0,,true,published,1kg,MVC-wagh-bakri-premium-tea-1kg-v0
hamdard-rooh-afza-15l,variant_01KSZQTZDCN92JK2RWVV7YGNS4,generic-hamdard-rooh-afza-15l,,,1.5L,Hamdard Rooh Afza,,Hamdard Rooh Afza 1.5L - Premium quality product.,,beverages_drinks,,vegetarian,,,See product packaging,,India,1.5,l,/uploads/hamdard-rooh-afza.jpg,,B,,generic,0,,true,published,1.5L,MVC-hamdard-rooh-afza-15l-v0
haldirams-aloo-bhujia-400g,variant_01KSZQTZJHP7YMJJ95HMSR9XGR,haldirams-haldirams-aloo-bhujia-400g,,,400g,Haldiram's Aloo Bhujia,,Haldiram's Aloo Bhujia 400g - Premium quality product.,Haldiram,savouries_papadoms,,vegetarian,,,See product packaging,,India,400,g,/uploads/haldirams-aloo-bhujia.jpg,,B,,haldirams,0,,true,published,400g,MVC-haldirams-aloo-bhujia-400g-v0
haldirams-aloo-bhujia-1kg,variant_01KSZQTZQP701SQK5FE7NNVKV2,haldirams-haldirams-aloo-bhujia-1kg,,,1kg,Haldiram's Aloo Bhujia,,Haldiram's Aloo Bhujia 1kg - Premium quality product.,Haldiram,savouries_papadoms,,vegetarian,,,See product packaging,,India,1,kg,/uploads/haldirams-aloo-bhujia.jpg,,B,,haldirams,0,,true,published,1kg,MVC-haldirams-aloo-bhujia-1kg-v0
haldirams-moong-dal-400g,variant_01KSZQTZX52QT9Z82WND0VXQZN,haldirams-haldirams-moong-dal-400g,,,400g,Haldiram's Moong Dal,,Haldiram's Moong Dal 400g - Premium quality product.,Haldiram,savouries_papadoms,,vegetarian,,,See product packaging,,India,400,g,/uploads/haldirams-moong-dal.jpg,,B,,haldirams,0,,true,published,400g,MVC-haldirams-moong-dal-400g-v0
haldirams-gulab-jamun-tin-1kg,variant_01KSZQV02693BJJC2BPZW4WNWY,haldirams-haldirams-gulab-jamun-tin-1kg,,,1kg,Haldiram's Gulab Jamun Tin,,Haldiram's Gulab Jamun Tin 1kg - Premium quality product.,Haldiram,sweets_confectionery,,vegetarian,,,See product packaging,,India,1,kg,/uploads/haldirams-gulab-jamun-tin.jpg,,B,,haldirams,0,,true,published,1kg,MVC-haldirams-gulab-jamun-tin-1kg-v0
parle-g-glucose-biscuits-1kg,variant_01KSZQV07AMJJYS8MB3XP7Z9QM,parle-parle-g-glucose-biscuits-1kg,,,1kg,Parle-G Glucose Biscuits,,Parle-G Glucose Biscuits 1kg - Premium quality product.,Parle,biscuits_crackers,,vegetarian,,,See product packaging,,India,1,kg,/uploads/parle-g-glucose-biscuits.jpg,,B,,parle,0,,true,published,1kg,MVC-parle-g-glucose-biscuits-1kg-v0
maggi-2-minute-noodles-masala-8-pack,variant_01KSZQV0CM4XWPKXY4PD619V57,maggi-maggi-2-minute-noodles-masala-8-pack-8-pack,,,8-Pack,Maggi 2-Minute Noodles Masala 8-Pack,,Maggi 2-Minute Noodles Masala 8-Pack - Premium quality product.,Maggi,savouries_papadoms,,vegetarian,,,See product packaging,,India,,,/uploads/maggi-2-minute-noodles-masala.jpg,,B,,maggi,0,,true,published,8-Pack,MVC-maggi-2-minute-noodles-masala-8-pack-v0