product_handle,brand_handle,variant_handle,barcode,backup_barcodes,images,thumbnail,is_active
hamdard-rooh-afza,generic,1-5l,GEN_hamdard-rooh-afza_1.5l,GEN_hamdard-rooh-afza_1.5l;ALT_hamdard-rooh-afza_1.5l,hamdard-rooh-afza.jpg,hamdard-rooh-afza.jpg,true
maaza-mango-drink,generic,1l,GEN_maaza-mango-drink_1l,GEN_maaza-mango-drink_1l;ALT_maaza-mango-drink_1l,maaza-mango-drink.jpg,maaza-mango-drink.jpg,true
kadugu-manga,aachi,300g,GEN_aachi-kadugu-manga_300g,GEN_aachi-kadugu-manga_300g;ALT_aachi-kadugu-manga_300g,aachi_kadugu-manga.jpg,aachi_kadugu-manga.jpg,true
lemon-pickle,aachi,300g,GEN_aachi-lemon-pickle_300g,GEN_aachi-lemon-pickle_300g;ALT_aachi-lemon-pickle_300g,aachi_lemon-pickle.jpg,aachi_lemon-pickle.jpg,true
mango-pickle,aachi,500g,GEN_aachi-mango-pickle_500g,GEN_aachi-mango-pickle_500g;ALT_aachi-mango-pickle_500g,aachi_mango-pickle.jpg,aachi_mango-pickle.jpg,true
atta-select,aashirvaad,10kg,GEN_aashirvaad-atta-select_10kg,GEN_aashirvaad-atta-select_10kg;ALT_aashirvaad-atta-select_10kg,aashirvaad-atta-select.jpg,aashirvaad-atta-select.jpg,true
atta-select,aashirvaad,5kg,GEN_aashirvaad-atta-select_5kg,GEN_aashirvaad-atta-select_5kg;ALT_aashirvaad-atta-select_5kg,aashirvaad-atta-select.jpg,aashirvaad-atta-select.jpg,true
dark-chocolate,amul,150g,GEN_amul-dark-chocolate_150g,GEN_amul-dark-chocolate_150g;ALT_amul-dark-chocolate_150g,amul_dark-chocolate.jpg,amul_dark-chocolate.jpg,true
pure-ghee,amul,1kg,GEN_amul-pure-ghee_1kg,GEN_amul-pure-ghee_1kg;ALT_amul-pure-ghee_1kg,amul_pure-ghee.jpg,amul_pure-ghee.jpg,true
bombay-potato,ashoka,280g,GEN_ashoka-bombay-potato_280g,GEN_ashoka-bombay-potato_280g;ALT_ashoka-bombay-potato_280g,ashoka_bombay-potato.jpg,ashoka_bombay-potato.jpg,true
butter-chicken,ashoka,280g,GEN_ashoka-butter-chicken_280g,GEN_ashoka-butter-chicken_280g;ALT_ashoka-butter-chicken_280g,ashoka_butter-chicken.jpg,ashoka_butter-chicken.jpg,true
chana-masala,ashoka,280g,GEN_ashoka-chana-masala_280g,GEN_ashoka-chana-masala_280g;ALT_ashoka-chana-masala_280g,ashoka-chana-masala.png,ashoka-chana-masala.png,true
dal-makhani,ashoka,280g,GEN_ashoka-dal-makhani_280g,GEN_ashoka-dal-makhani_280g;ALT_ashoka-dal-makhani_280g,ashoka-dal-makhani.jpg,ashoka-dal-makhani.jpg,true
mutter-paneer,ashoka,280g,GEN_ashoka-mutter-paneer_280g,GEN_ashoka-mutter-paneer_280g;ALT_ashoka-mutter-paneer_280g,ashoka-mutter-paneer.png,ashoka-mutter-paneer.png,true
palak-paneer,ashoka,280g,GEN_ashoka-palak-paneer_280g,GEN_ashoka-palak-paneer_280g;ALT_ashoka-palak-paneer_280g,ashoka-palak-paneer.jpg,ashoka-palak-paneer.jpg,true
rajma-masala,ashoka,280g,GEN_ashoka-rajma-masala_280g,GEN_ashoka-rajma-masala_280g;ALT_ashoka-rajma-masala_280g,ashoka-rajma-masala.jpg,ashoka-rajma-masala.jpg,true
tarka-dhal,ashoka,280g,GEN_ashoka-tarka-dhal_280g,GEN_ashoka-tarka-dhal_280g;ALT_ashoka-tarka-dhal_280g,ashoka_tarka-dhal.jpg,ashoka_tarka-dhal.jpg,true
gulab-jamun-tin,bikaji,1kg,GEN_bikaji-gulab-jamun-tin_1kg,GEN_bikaji-gulab-jamun-tin_1kg;ALT_bikaji-gulab-jamun-tin_1kg,bikaji-gulab-jamun-tin.png,bikaji-gulab-jamun-tin.png,true
khatta-meetha,bikaji,200g,GEN_bikaji-khatta-meetha_200g,GEN_bikaji-khatta-meetha_200g;ALT_bikaji-khatta-meetha_200g,bikaji-khatta-meetha.png,bikaji-khatta-meetha.png,true
soan-papdi,bikaji,500g,GEN_bikaji-soan-papdi_500g,GEN_bikaji-soan-papdi_500g;ALT_bikaji-soan-papdi_500g,bikaji-soan-papdi.png,bikaji-soan-papdi.png,true
health-drink,bournvita,500g,GEN_bournvita_500g,GEN_bournvita_500g;ALT_bournvita_500g,bournvita_health-drink.jpg,bournvita_health-drink.jpg,true
grape-soda-6-pack,bovonto,300ml,GEN_bovonto-grape-300ml-6pack_300ml,GEN_bovonto-grape-300ml-6pack_300ml;ALT_bovonto-grape-300ml-6pack_300ml,bovonto_grape-soda.jpg,bovonto_grape-soda.jpg,true
bourbon-cream,britannia,200g,GEN_britannia-bourbon-cream_200g,GEN_britannia-bourbon-cream_200g;ALT_britannia-bourbon-cream_200g,britannia-bourbon-cream.jpg,britannia-bourbon-cream.jpg,true
good-day-butter-cookies,britannia,150g,GEN_britannia-good-day-butter-cookies_150g,GEN_britannia-good-day-butter-cookies_150g;ALT_britannia-good-day-butter-cookies_150g,britannia-good-day-butter-cookies.jpg,britannia-good-day-butter-cookies.jpg,true
good-day-cashew-cookies,britannia,150g,GEN_britannia-good-day-cashew-cookies_150g,GEN_britannia-good-day-cashew-cookies_150g;ALT_britannia-good-day-cashew-cookies_150g,britannia-good-day-cashew-cookies.jpg,britannia-good-day-cashew-cookies.jpg,true
marie-gold,britannia,200g,GEN_britannia-marie-gold_200g,GEN_britannia-marie-gold_200g;ALT_britannia-marie-gold_200g,britannia-marie-gold.jpg,britannia-marie-gold.jpg,true
red-label-tea,brooke-bond,500g,GEN_brooke-bond-red-label_500g,GEN_brooke-bond-red-label_500g;ALT_brooke-bond-red-label_500g,brooke-bond-red-label.jpg,brooke-bond-red-label.jpg,true
red-label-tea,brooke-bond,1kg,GEN_brooke-bond-red-label_1kg,GEN_brooke-bond-red-label_1kg;ALT_brooke-bond-red-label_1kg,brooke-bond-red-label.jpg,brooke-bond-red-label.jpg,true
instant-coffee-original,bru,100g,GEN_bru-instant-coffee_100g,GEN_bru-instant-coffee_100g;ALT_bru-instant-coffee_100g,bru_instant-coffee.jpg,bru_instant-coffee.jpg,true
hakka-noodles,chings-secret,240g,GEN_chings-hakka-noodles_240g,GEN_chings-hakka-noodles_240g;ALT_chings-hakka-noodles_240g,chings_hakka-noodles.jpg,chings_hakka-noodles.jpg,true
schezwan-noodles,chings-secret,240g,GEN_chings-schezwan-noodles_240g,GEN_chings-schezwan-noodles_240g;ALT_chings-schezwan-noodles_240g,chings-schezwan-noodles.jpg,chings-schezwan-noodles.jpg,true
schezwan-sauce,chings-secret,250g,GEN_chings-schezwan-sauce_250g,GEN_chings-schezwan-sauce_250g;ALT_chings-schezwan-sauce_250g,chings-schezwan-sauce.jpg,chings-schezwan-sauce.jpg,true
rozana-basmati,daawat,5kg,GEN_daawat-rozana-basmati_5kg,GEN_daawat-rozana-basmati_5kg;ALT_daawat-rozana-basmati_5kg,daawat-rozana-basmati.jpg,daawat-rozana-basmati.jpg,true
chyawanprash,dabur,500g,GEN_dabur-chyawanprash_500g,GEN_dabur-chyawanprash_500g;ALT_dabur-chyawanprash_500g,dabur_chyawanprash.jpg,dabur_chyawanprash.jpg,true
chana-dal,east-end,2kg,GEN_east-end-chana-dal_2kg,GEN_east-end-chana-dal_2kg;ALT_east-end-chana-dal_2kg,east-end_chana-dal.jpg,east-end_chana-dal.jpg,true
coriander-powder,east-end,400g,GEN_east-end-coriander-powder_400g,GEN_east-end-coriander-powder_400g;ALT_east-end-coriander-powder_400g,east-end_coriander-powder.jpg,east-end_coriander-powder.jpg,true
ginger-garlic-paste,east-end,1kg,GEN_east-end-ginger-garlic-paste_1kg,GEN_east-end-ginger-garlic-paste_1kg;ALT_east-end-ginger-garlic-paste_1kg,east-end_ginger-garlic-paste.jpg,east-end_ginger-garlic-paste.jpg,true
kabuli-chana,east-end,2kg,GEN_east-end-kabuli-chana_2kg,GEN_east-end-kabuli-chana_2kg;ALT_east-end-kabuli-chana_2kg,east-end_kabuli-chana.jpg,east-end_kabuli-chana.jpg,true
kashmiri-chilli-powder,east-end,200g,GEN_east-end-kashmiri-chilli_200g,GEN_east-end-kashmiri-chilli_200g;ALT_east-end-kashmiri-chilli_200g,east-end_kashmiri-chilli.jpg,east-end_kashmiri-chilli.jpg,true
moong-dal-washed,east-end,2kg,GEN_east-end-moong-dal_2kg,GEN_east-end-moong-dal_2kg;ALT_east-end-moong-dal_2kg,east-end_moong-dal.jpg,east-end_moong-dal.jpg,true
red-split-lentils,east-end,2kg,GEN_east-end-red-split-lentils_2kg,GEN_east-end-red-split-lentils_2kg;ALT_east-end-red-split-lentils_2kg,east-end_red-lentils.jpg,east-end_red-lentils.jpg,true
sooji-fine,east-end,500g,GEN_east-end-sooji-fine_500g,GEN_east-end-sooji-fine_500g;ALT_east-end-sooji-fine_500g,east-end_sooji-fine.jpg,east-end_sooji-fine.jpg,true
toor-dal-oily,east-end,2kg,GEN_east-end-toor-dal-oily_2kg,GEN_east-end-toor-dal-oily_2kg;ALT_east-end-toor-dal-oily_2kg,east-end_toor-dal.jpg,east-end_toor-dal.jpg,true
urad-dal-black-whole,east-end,2kg,GEN_east-end-urad-dal-black-whole_2kg,GEN_east-end-urad-dal-black-whole_2kg;ALT_east-end-urad-dal-black-whole_2kg,east-end_urad-black.jpg,east-end_urad-black.jpg,true
atta-chakki-fresh,elephant,5kg,GEN_elephant-atta-chakki-fresh_5kg,GEN_elephant-atta-chakki-fresh_5kg;ALT_elephant-atta-chakki-fresh_5kg,elephant-atta-chakki-fresh.jpg,elephant-atta-chakki-fresh.jpg,true
atta-chakki-fresh,elephant,10kg,GEN_elephant-atta-chakki-fresh_10kg,GEN_elephant-atta-chakki-fresh_10kg;ALT_elephant-atta-chakki-fresh_10kg,elephant-atta-chakki-fresh.jpg,elephant-atta-chakki-fresh.jpg,true
garam-masala,everest,100g,GEN_everest-garam-masala_100g,GEN_everest-garam-masala_100g;ALT_everest-garam-masala_100g,everest-garam-masala.jpg,everest-garam-masala.jpg,true
pav-bhaji-masala,everest,100g,GEN_everest-pav-bhaji-masala_100g,GEN_everest-pav-bhaji-masala_100g;ALT_everest-pav-bhaji-masala_100g,everest-pav-bhaji-masala.jpg,everest-pav-bhaji-masala.jpg,true
sambhar-masala,everest,100g,GEN_everest-sambhar-masala_100g,GEN_everest-sambhar-masala_100g;ALT_everest-sambhar-masala_100g,everest-sambhar-masala.jpg,everest-sambhar-masala.jpg,true
tea-masala,everest,100g,GEN_everest-tea-masala_100g,GEN_everest-tea-masala_100g;ALT_everest-tea-masala_100g,everest-tea-masala.jpg,everest-tea-masala.jpg,true
super-basmati,falak,5kg,GEN_falak-super-basmati_5kg,GEN_falak-super-basmati_5kg;ALT_falak-super-basmati_5kg,falak-super-basmati.jpg,falak-super-basmati.jpg,true
mango-drink,frooti,1l,GEN_frooti-mango_1l,GEN_frooti-mango_1l;ALT_frooti-mango_1l,frooti_mango.jpg,frooti_mango.jpg,true
mango,glucon-d,500g,GEN_glucon-d-mango_500g,GEN_glucon-d-mango_500g;ALT_glucon-d-mango_500g,glucon-d_mango.jpg,glucon-d_mango.jpg,true
aloo-bhujia,haldirams,1kg,GEN_haldirams-aloo-bhujia_1kg,GEN_haldirams-aloo-bhujia_1kg;ALT_haldirams-aloo-bhujia_1kg,haldirams-aloo-bhujia.jpg,haldirams-aloo-bhujia.jpg,true
aloo-bhujia,haldirams,400g,GEN_haldirams-aloo-bhujia_400g,GEN_haldirams-aloo-bhujia_400g;ALT_haldirams-aloo-bhujia_400g,haldirams-aloo-bhujia.jpg,haldirams-aloo-bhujia.jpg,true
gulab-jamun-tin,haldirams,1kg,GEN_haldirams-gulab-jamun-tin_1kg,GEN_haldirams-gulab-jamun-tin_1kg;ALT_haldirams-gulab-jamun-tin_1kg,haldirams-gulab-jamun-tin.png,haldirams-gulab-jamun-tin.png,true
gulab-jamun-tin,haldirams,500g,GEN_haldirams-gulab-jamun-tin_500g,GEN_haldirams-gulab-jamun-tin_500g;ALT_haldirams-gulab-jamun-tin_500g,haldirams-gulab-jamun-tin.png,haldirams-gulab-jamun-tin.png,true
moong-dal,haldirams,400g,GEN_haldirams-moong-dal_400g,GEN_haldirams-moong-dal_400g;ALT_haldirams-moong-dal_400g,haldirams-moong-dal.jpg,haldirams-moong-dal.jpg,true
rasgulla-tin,haldirams,1kg,GEN_haldirams-rasgulla-tin_1kg,GEN_haldirams-rasgulla-tin_1kg;ALT_haldirams-rasgulla-tin_1kg,haldirams-rasgulla-tin.png,haldirams-rasgulla-tin.png,true
soan-papdi,haldirams,500g,GEN_haldirams-soan-papdi_500g,GEN_haldirams-soan-papdi_500g;ALT_haldirams-soan-papdi_500g,haldirams-soan-papdi.png,haldirams-soan-papdi.png,true
mathri,haldirams,200g,GEN_haldirams-mathri_200g,GEN_haldirams-mathri_200g;ALT_haldirams-mathri_200g,haldirams-mathri.png,haldirams-mathri.png,true
rooh-afza,hamdard,750ml,GEN_hamdard-rooh-afza_750ml,GEN_hamdard-rooh-afza_750ml;ALT_hamdard-rooh-afza_750ml,hamdard_rooh-afza.jpg,hamdard_rooh-afza.jpg,true
rooh-afza,hamdard,1-5l,GEN_hamdard-rooh-afza_1500ml,GEN_hamdard-rooh-afza_1500ml;ALT_hamdard-rooh-afza_1500ml,hamdard_rooh-afza.jpg,hamdard_rooh-afza.jpg,true
original,horlicks,500g,GEN_horlicks-original_500g,GEN_horlicks-original_500g;ALT_horlicks-original_500g,horlicks_original.jpg,horlicks_original.jpg,true
sesame-gingelly-oil,idhayam,1l,GEN_idhayam-sesame-oil_1l,GEN_idhayam-sesame-oil_1l;ALT_idhayam-sesame-oil_1l,idhayam_sesame-oil.jpg,idhayam_sesame-oil.jpg,true
fruit-biscuits,karachi-bakery,400g,GEN_karachi-bakery-fruit-biscuits_400g,GEN_karachi-bakery-fruit-biscuits_400g;ALT_karachi-bakery-fruit-biscuits_400g,karachi_fruit-biscuits.jpg,karachi_fruit-biscuits.jpg,true
osmania-biscuits,karachi-bakery,400g,GEN_karachi-bakery-osmania-biscuits_400g,GEN_karachi-bakery-osmania-biscuits_400g;ALT_karachi-bakery-osmania-biscuits_400g,karachi_osmania-biscuits.jpg,karachi_osmania-biscuits.jpg,true
extra-long-basmati,kohinoor,5kg,GEN_kohinoor-extra-long-basmati_5kg,GEN_kohinoor-extra-long-basmati_5kg;ALT_kohinoor-extra-long-basmati_5kg,kohinoor-extra-long-basmati.jpg,kohinoor-extra-long-basmati.jpg,true
extra-long-basmati,kohinoor,2kg,GEN_kohinoor-extra-long-basmati_2kg,GEN_kohinoor-extra-long-basmati_2kg;ALT_kohinoor-extra-long-basmati_2kg,kohinoor-extra-long-basmati.jpg,kohinoor-extra-long-basmati.jpg,true
premium-basmati,lal-qilla,10kg,GEN_lal-qilla-premium-basmati_10kg,GEN_lal-qilla-premium-basmati_10kg;ALT_lal-qilla-premium-basmati_10kg,lal-qilla-premium-basmati.jpg,lal-qilla-premium-basmati.jpg,true
premium-basmati,lal-qilla,5kg,GEN_lal-qilla-premium-basmati_5kg,GEN_lal-qilla-premium-basmati_5kg;ALT_lal-qilla-premium-basmati_5kg,lal-qilla-premium-basmati.jpg,lal-qilla-premium-basmati.jpg,true
gajar-ka-halwa-mix,laziza,150g,GEN_laziza-gajar-halwa-mix_150g,GEN_laziza-gajar-halwa-mix_150g;ALT_laziza-gajar-halwa-mix_150g,laziza_gajar-halwa.jpg,laziza_gajar-halwa.jpg,true
gulab-jamun-mix,laziza,200g,GEN_laziza-gulab-jamun-mix_200g,GEN_laziza-gulab-jamun-mix_200g;ALT_laziza-gulab-jamun-mix_200g,laziza_gulab-jamun.jpg,laziza_gulab-jamun.jpg,true
kheer-mix,laziza,150g,GEN_laziza-kheer-mix_150g,GEN_laziza-kheer-mix_150g;ALT_laziza-kheer-mix_150g,laziza-kheer-mix.jpg,laziza-kheer-mix.jpg,true
kulfi-mix,laziza,150g,GEN_laziza-kulfi-mix_150g,GEN_laziza-kulfi-mix_150g;ALT_laziza-kulfi-mix_150g,laziza_kulfi.jpg,laziza_kulfi.jpg,true
rasmalai-mix,laziza,200g,GEN_laziza-rasmalai-mix_200g,GEN_laziza-rasmalai-mix_200g;ALT_laziza-rasmalai-mix_200g,laziza-rasmalai-mix.jpg,laziza-rasmalai-mix.jpg,true
zarda-sweet-rice-mix,laziza,150g,GEN_laziza-zarda-mix_150g,GEN_laziza-zarda-mix_150g;ALT_laziza-zarda-mix_150g,laziza_zarda.jpg,laziza_zarda.jpg,true
pure,leo-coffee,200g,GEN_leo-coffee-pure_200g,GEN_leo-coffee-pure_200g;ALT_leo-coffee-pure_200g,leo-coffee_pure.jpg,leo-coffee_pure.jpg,true
asafoetida-hing,lg,100g,GEN_lg-asafoetida-hing_100g,GEN_lg-asafoetida-hing_100g;ALT_lg-asafoetida-hing_100g,lg-asafoetida-hing.jpg,lg-asafoetida-hing.jpg,true
moong-dal-papad,lijjat,200g,GEN_lijjat-moong-dal-papad_200g,GEN_lijjat-moong-dal-papad_200g;ALT_lijjat-moong-dal-papad_200g,lijjat-moong-dal-papad.jpg,lijjat-moong-dal-papad.jpg,true
urad-papad-extra-thin,lijjat,200g,GEN_lijjat-urad-papad-extra-thin_200g,GEN_lijjat-urad-papad-extra-thin_200g;ALT_lijjat-urad-papad-extra-thin_200g,lijjat-urad-papad-extra-thin.jpg,lijjat-urad-papad-extra-thin.jpg,true
urad-special-papad,lijjat,200g,GEN_lijjat-urad-special-papad_200g,GEN_lijjat-urad-special-papad_200g;ALT_lijjat-urad-special-papad_200g,lijjat-urad-special-papad.jpg,lijjat-urad-special-papad.jpg,true
2-minute-noodles-masala,maggi,4pack,GEN_maggi-2-minute-noodles-masala-4-pack_0,GEN_maggi-2-minute-noodles-masala-4-pack_0;ALT_maggi-2-minute-noodles-masala-4-pack_0,maggi-2-minute-noodles-masala-4-pack.jpg,maggi-2-minute-noodles-masala-4-pack.jpg,true
2-minute-noodles-masala-8-pack,maggi,8pack,GEN_maggi-2-minute-noodles-masala-8-pack_0,GEN_maggi-2-minute-noodles-masala-8-pack_0;ALT_maggi-2-minute-noodles-masala-8-pack_0,maggi-2-minute-noodles-masala.jpg,maggi-2-minute-noodles-masala.jpg,true
hot-sweet-sauce,maggi,400g,GEN_maggi-hot-sweet-sauce_400g,GEN_maggi-hot-sweet-sauce_400g;ALT_maggi-hot-sweet-sauce_400g,maggi-hot-and-sweet-sauce.jpg,maggi-hot-and-sweet-sauce.jpg,true
sambar-masala,mdh,100g,GEN_mdh-sambar-masala_100g,GEN_mdh-sambar-masala_100g;ALT_mdh-sambar-masala_100g,mdh-sambar-masala.jpg,mdh-sambar-masala.jpg,true
plain-dosa-mix,mtr,500g,GEN_mtr-dosa-mix_500g,GEN_mtr-dosa-mix_500g;ALT_mtr-dosa-mix_500g,mtr_dosa-mix.jpg,mtr_dosa-mix.jpg,true
gulab-jamun-tin,mtr,500g,GEN_mtr-gulab-jamun-tin_500g,GEN_mtr-gulab-jamun-tin_500g;ALT_mtr-gulab-jamun-tin_500g,mtr-gulab-jamun-tin.png,mtr-gulab-jamun-tin.png,true
idli-mix,mtr,500g,GEN_mtr-idli-mix_500g,GEN_mtr-idli-mix_500g;ALT_mtr-idli-mix_500g,mtr-idli-mix.jpg,mtr-idli-mix.jpg,true
khaman-dhokla-mix,mtr,500g,GEN_mtr-khaman-dhokla-mix_500g,GEN_mtr-khaman-dhokla-mix_500g;ALT_mtr-khaman-dhokla-mix_500g,mtr-khaman-dhokla-mix.jpg,mtr-khaman-dhokla-mix.jpg,true
rasmalai-tin,mtr,500g,GEN_mtr-rasmalai-tin_500g,GEN_mtr-rasmalai-tin_500g;ALT_mtr-rasmalai-tin_500g,mtr_rasmalai.jpg,mtr_rasmalai.jpg,true
rava-dosa-mix,mtr,500g,GEN_mtr-rava-dosa-mix_500g,GEN_mtr-rava-dosa-mix_500g;ALT_mtr-rava-dosa-mix_500g,mtr-rava-dosa-mix.jpg,mtr-rava-dosa-mix.jpg,true
rava-idli-mix,mtr,500g,GEN_mtr-rava-idli-mix_500g,GEN_mtr-rava-idli-mix_500g;ALT_mtr-rava-idli-mix_500g,mtr-rava-idli-mix.jpg,mtr-rava-idli-mix.jpg,true
roasted-vermicelli,mtr,400g,GEN_mtr-roasted-vermicelli_400g,GEN_mtr-roasted-vermicelli_400g;ALT_mtr-roasted-vermicelli_400g,mtr-roasted-vermicelli.jpg,mtr-roasted-vermicelli.jpg,true
upma-mix,mtr,500g,GEN_mtr-upma-mix_500g,GEN_mtr-upma-mix_500g;ALT_mtr-upma-mix_500g,mtr-upma-mix.jpg,mtr-upma-mix.jpg,true
vada-mix,mtr,200g,GEN_mtr-vada-mix_200g,GEN_mtr-vada-mix_200g;ALT_mtr-vada-mix_200g,mtr-vada-mix.jpg,mtr-vada-mix.jpg,true
lemon-juice,natco,500ml,GEN_15097122881921_500ml,GEN_15097122881921_500ml;ALT_15097122881921_500ml,natco_lemon-juice-500ml.jpg,natco_lemon-juice-500ml.jpg,true
lemon-juice-with-essential-oil,natco,200ml,GEN_15097233015169_200ml,GEN_15097233015169_200ml;ALT_15097233015169_200ml,natco_lemon-juice-with-essential-oil-200ml.jpg,natco_lemon-juice-with-essential-oil-200ml.jpg,true
pure-mustard-oil,natco,250ml,GEN_15383683334529_250ml,GEN_15383683334529_250ml;ALT_15383683334529_250ml,natco_pure-mustard-oil-250ml.jpg,natco_pure-mustard-oil-250ml.jpg,true
rose-water,natco,310ml,4567655219272,4567655219272,natco_rose-water-310ml.jpg,natco_rose-water-310ml.jpg,true
kevda-water,natco,310ml,4567655284808,4567655284808,natco_kevda-water-310ml.jpg,natco_kevda-water-310ml.jpg,true
coconut-flavouring-essence,natco,28ml,4567655350344,4567655350344,natco_coconut-flavouring-essence-28ml.jpg,natco_coconut-flavouring-essence-28ml.jpg,true
pineapple-flavouring-essence,natco,28ml,4567655383112,4567655383112,natco_pineapple-flavouring-essence-28ml.jpg,natco_pineapple-flavouring-essence-28ml.jpg,true
strawberry-flavouring-essence,natco,28ml,4567655448648,4567655448648,natco_strawberry-flavouring-essence-28ml.jpg,natco_strawberry-flavouring-essence-28ml.jpg,true
rose-flavouring-essence,natco,28ml,4567655514184,4567655514184,natco_rose-flavouring-essence-28ml.jpg,natco_rose-flavouring-essence-28ml.jpg,true
almond-flavouring-essence,natco,28ml,4567655612488,4567655612488,natco_almond-flavouring-essence-28ml.jpg,natco_almond-flavouring-essence-28ml.jpg,true
vanilla-flavouring-essence,natco,28ml,4567655678024,4567655678024,natco_vanilla-flavouring-essence-28ml.jpg,natco_vanilla-flavouring-essence-28ml.jpg,true
green-food-colouring-liquid,natco,28ml,4567655743560,4567655743560,natco_green-food-colouring-liquid-28ml.jpg,natco_green-food-colouring-liquid-28ml.jpg,true
red-food-colouring-liquid,natco,28ml,4567655841864,4567655841864,natco_red-food-colouring-liquid-28ml.jpg,natco_red-food-colouring-liquid-28ml.jpg,true
orange-food-colouring-liquid,natco,28ml,4567655874632,4567655874632,natco_orange-food-colouring-liquid-28ml.jpg,natco_orange-food-colouring-liquid-28ml.jpg,true
green-food-colouring-powder,natco,25g,4567655972936,4567655972936,natco_green-food-colouring-powder-25g.jpg,natco_green-food-colouring-powder-25g.jpg,true
red-food-colouring-powder,natco,25g,4567656005704,4567656005704,natco_red-food-colouring-powder-25g.jpg,natco_red-food-colouring-powder-25g.jpg,true
orange-food-colouring-powder,natco,25g,4567656071240,4567656071240,natco_orange-food-colouring-powder-25g.jpg,natco_orange-food-colouring-powder-25g.jpg,true
yellow-food-colouring-powder,natco,25g,4567656104008,4567656104008,natco_yellow-food-colouring-powder-25g.jpg,natco_yellow-food-colouring-powder-25g.jpg,true
tandoori-masala-jar,natco,100g,4567656169544,4567656169544,natco_tandoori-masala-jar-100g.jpg,natco_tandoori-masala-jar-100g.jpg,true
garam-masala-jar,natco,80g,4567656759368,4567656759368,natco_garam-masala-jar-80g.jpg,natco_garam-masala-jar-80g.jpg,true
coriander-ground-jar,natco,70g,4567656988744,4567656988744,natco_coriander-ground-jar-70g.jpg,natco_coriander-ground-jar-70g.jpg,true
cloves-jar,natco,50g,4567657054280,4567657054280,natco_cloves-jar-50g.jpg,natco_cloves-jar-50g.jpg,true
cinnamon-ground-jar,natco,100g,4567657087048,4567657087048,natco_cinnamon-ground-jar-100g.jpg,natco_cinnamon-ground-jar-100g.jpg,true
cassia-dalchini-jar,natco,50g,4567657119816,4567657119816,natco_cassia-dalchini-jar-50g.jpg,natco_cassia-dalchini-jar-50g.jpg,true
chilli-powder-hot-jar,natco,100g,4567657185352,4567657185352,natco_chilli-powder-hot-jar-100g.jpg,natco_chilli-powder-hot-jar-100g.jpg,true
chilli-crushed-jar,natco,80g,4567657250888,4567657250888,natco_chilli-crushed-jar-80g.jpg,natco_chilli-crushed-jar-80g.jpg,true
cardamom-green-jar,natco,50g,4567657316424,4567657316424,natco_cardamom-green-jar-50g.jpg,natco_cardamom-green-jar-50g.jpg,true
bay-leaves-jar,natco,10g,4567657381960,4567657381960,natco_bay-leaves-jar-10g.jpg,natco_bay-leaves-jar-10g.jpg,true
asafoetida-hing-jar,natco,100g,4567657447496,4567657447496,natco_asafoetida-hing-jar-100g.jpg,natco_asafoetida-hing-jar-100g.jpg,true
aniseed-star-jar,natco,40g,4567657513032,4567657513032,natco_aniseed-star-jar-40g.jpg,natco_aniseed-star-jar-40g.jpg,true
amchoor-powder-jar,natco,100g,4567657545800,4567657545800,natco_amchoor-powder-jar-100g.jpg,natco_amchoor-powder-jar-100g.jpg,true
ajwan-seeds-jar,natco,100g,4567657578568,4567657578568,natco_ajwan-seeds-jar-100g.jpg,natco_ajwan-seeds-jar-100g.jpg,true
tandoori-masala,natco,400g,4567657644104,4567657644104,natco_tandoori-masala-400g.jpg,natco_tandoori-masala-400g.jpg,true
mixed-masala-whole,natco,300g,4567658135624,4567658135624,natco_mixed-masala-whole-300g.jpg,natco_mixed-masala-whole-300g.jpg,true
kasuri-methi-leaves,natco,100g,4567658168392,4567658168392,natco_kasuri-methi-leaves-100g.jpg,natco_kasuri-methi-leaves-100g.jpg,true
garam-masala,natco,400g,4567658627144,4567658627144,natco_garam-masala-400g.jpg,natco_garam-masala-400g.jpg,true
vermice-t-apos-dini-fedelini,natco,500g,4567659905096,4567659905096,natco_vermice-taposdini-fedelini-500g.jpg,natco_vermice-taposdini-fedelini-500g.jpg,true
black-chia-seeds,natco,250g,4567660134472,4567660134472,natco_black-chia-seeds-250g.jpg,natco_black-chia-seeds-250g.jpg,true
peanut-gachak-peanut-brittle,natco,400g,4567660167240,4567660167240,natco_peanut-gachak-peanut-brittle-400g.jpg,natco_peanut-gachak-peanut-brittle-400g.jpg,true
sugar-candy,natco,375g,4567660298312,4567660298312,natco_sugar-candy-375g.jpg,natco_sugar-candy-375g.jpg,true
soya-mince,natco,300g,4567660396616,4567660396616,natco_soya-mince-300g.jpg,natco_soya-mince-300g.jpg,true
soya-chunks,natco,350g,GEN_4567660527688_350g,GEN_4567660527688_350g;ALT_4567660527688_350g,natco_soya-chunks-700g.jpg,natco_soya-chunks-700g.jpg,true
soya-chunks,natco,700g,GEN_4567660527688_700g,GEN_4567660527688_700g;ALT_4567660527688_700g,natco_soya-chunks-700g.jpg,natco_soya-chunks-700g.jpg,true
sesame-seeds-hulled,natco,1-5kg,4567660560456,4567660560456,natco_sesame-seeds-hulled-15kg.jpg,natco_sesame-seeds-hulled-15kg.jpg,true
sesame-seeds-natural,natco,400g,4567660593224,4567660593224,natco_sesame-seeds-natural-400g.png,natco_sesame-seeds-natural-400g.png,true
sagoo-seeds-medium,natco,1-5kg,4567660658760,4567660658760,natco_sagoo-seeds-medium-15kg.jpg,natco_sagoo-seeds-medium-15kg.jpg,true
sunflower-seeds,natco,1kg,GEN_4567660724296_1kg,GEN_4567660724296_1kg;ALT_4567660724296_1kg,natco_sunflower-seeds-1kg.jpg,natco_sunflower-seeds-1kg.jpg,true
sunflower-seeds,natco,300g,GEN_4567660724296_300g,GEN_4567660724296_300g;ALT_4567660724296_300g,natco_sunflower-seeds-1kg.jpg,natco_sunflower-seeds-1kg.jpg,true
powa-medium-flaked-rice,natco,1kg,4567660757064,4567660757064,natco_powa-medium-flaked-rice-1kg.png,natco_powa-medium-flaked-rice-1kg.png,true
white-poppy-seeds,natco,300g,GEN_4567660855368_300g,GEN_4567660855368_300g;ALT_4567660855368_300g,natco_white-poppy-seeds-300g.png,natco_white-poppy-seeds-300g.png,true
white-poppy-seeds,natco,100g,GEN_4567660855368_100g,GEN_4567660855368_100g;ALT_4567660855368_100g,natco_white-poppy-seeds-300g.png,natco_white-poppy-seeds-300g.png,true
linseed-brown,natco,1kg,GEN_4567660920904_1kg,GEN_4567660920904_1kg;ALT_4567660920904_1kg,natco_linseed-brown-1kg.jpg,natco_linseed-brown-1kg.jpg,true
linseed-brown,natco,400g,GEN_4567660920904_400g,GEN_4567660920904_400g;ALT_4567660920904_400g,natco_linseed-brown-1kg.jpg,natco_linseed-brown-1kg.jpg,true
pumpkin-seeds,natco,250g,4567660953672,4567660953672,natco_pumpkin-seeds-250g.png,natco_pumpkin-seeds-250g.png,true
popcorn,natco,2kg,GEN_4567661051976_2kg,GEN_4567661051976_2kg;ALT_4567661051976_2kg,natco_popcorn-2kg.jpg,natco_popcorn-2kg.jpg,true
popcorn,natco,500g,GEN_4567661051976_500g,GEN_4567661051976_500g;ALT_4567661051976_500g,natco_popcorn-2kg.jpg,natco_popcorn-2kg.jpg,true
crispy-fried-onions,natco,150g,GEN_4567661084744_150g,GEN_4567661084744_150g;ALT_4567661084744_150g,natco_crispy-fried-onions-150g.png,natco_crispy-fried-onions-150g.png,true
crispy-fried-onions,natco,400g,GEN_4567661084744_400g,GEN_4567661084744_400g;ALT_4567661084744_400g,natco_crispy-fried-onions-150g.png,natco_crispy-fried-onions-150g.png,true
jaggery,natco,500g,4567661183048,4567661183048,natco_jaggery-500g.jpg,natco_jaggery-500g.jpg,true
daria-dal,natco,300g,4567661248584,4567661248584,natco_daria-dal-300g.jpg,natco_daria-dal-300g.jpg,true
phool-makhana-popped-lotus-seeds,natco,100g,4567661281352,4567661281352,natco_phool-makhana-popped-lotus-seeds-100g.jpg,natco_phool-makhana-popped-lotus-seeds-100g.jpg,true
daria-gotta-large,natco,700g,4567661314120,4567661314120,natco_daria-gotta-large-700g.jpg,natco_daria-gotta-large-700g.jpg,true
daria-gotta-small,natco,300g,4567661379656,4567661379656,natco_daria-gotta-small-300g.png,natco_daria-gotta-small-300g.png,true
gram-roasted-salted,natco,300g,4567661412424,4567661412424,natco_gram-roasted-salted-300g.jpg,natco_gram-roasted-salted-300g.jpg,true
gram-roasted-unsalted,natco,300g,4567661445192,4567661445192,natco_gram-roasted-unsalted-300g.jpg,natco_gram-roasted-unsalted-300g.jpg,true
idli-rice,natco,5kg,4567661477960,4567661477960,natco_idli-rice-5kg.jpg,natco_idli-rice-5kg.jpg,true
ponni-rice,natco,5kg,4567661543496,4567661543496,natco_ponni-rice-5kg.jpg,natco_ponni-rice-5kg.jpg,true
sona-masuri-rice,natco,5kg,4567661674568,4567661674568,natco_sona-masuri-rice-5kg.jpg,natco_sona-masuri-rice-5kg.jpg,true
easycook-parboiled-rice,natco,5kg,4567661772872,4567661772872,natco_easycook-parboiled-rice-5kg.jpg,natco_easycook-parboiled-rice-5kg.jpg,true
long-grain-white-rice,natco,5kg,4567661838408,4567661838408,natco_long-grain-white-rice-5kg.jpg,natco_long-grain-white-rice-5kg.jpg,true
basmati-rice-kernel,natco,5kg,4567661871176,4567661871176,natco_basmati-rice-kernel-5kg.jpg,natco_basmati-rice-kernel-5kg.jpg,true
basmati-rice-india,natco,2kg,4567662002248,4567662002248,natco_basmati-rice-india-2kg.jpg,natco_basmati-rice-india-2kg.jpg,true
basmati-rice-india-bag,natco,5kg,4567662067784,4567662067784,natco_basmati-rice-india-bag-5kg.jpg,natco_basmati-rice-india-bag-5kg.jpg,true
pappadoms-madras-papa-brand,natco,250g,4567662166088,4567662166088,natco_pappadoms-madras-papa-brand-250g.jpg,natco_pappadoms-madras-papa-brand-250g.jpg,true
pappadoms-madras-coin-size,natco,200g,4567662362696,4567662362696,natco_pappadoms-madras-coin-size-200g.jpg,natco_pappadoms-madras-coin-size-200g.jpg,true
pappadoms-punjabi-microwavable,natco,200g,4567662461000,4567662461000,natco_pappadoms-punjabi-microwavable-200g.jpg,natco_pappadoms-punjabi-microwavable-200g.jpg,true
pappadoms-plain-microwavable,natco,200g,4567662493768,4567662493768,natco_pappadoms-plain-microwavable-200g.jpg,natco_pappadoms-plain-microwavable-200g.jpg,true
pappadoms-jeera-microwavable,natco,200g,4567662526536,4567662526536,natco_pappadoms-jeera-microwavable-200g.jpg,natco_pappadoms-jeera-microwavable-200g.jpg,true
pappadoms-black-pepper,natco,200g,4567662559304,4567662559304,natco_pappadoms-black-pepper-200g.jpg,natco_pappadoms-black-pepper-200g.jpg,true
luxury-fruit-amp-nuts-mix,natco,750g,4567662919752,4567662919752,natco_luxury-fruit-amp-nuts-mix-750g.png,natco_luxury-fruit-amp-nuts-mix-750g.png,true
luxury-fruit-amp-nut-mix,natco,250g,4567662952520,4567662952520,natco_luxury-fruit-amp-nut-mix-250g.png,natco_luxury-fruit-amp-nut-mix-250g.png,true
pistachio-kernels,natco,1kg,GEN_4567663214664_1kg,GEN_4567663214664_1kg;ALT_4567663214664_1kg,natco_pistachio-kernels-1kg.jpg,natco_pistachio-kernels-1kg.jpg,true
pistachio-kernels,natco,250g,GEN_4567663214664_250g,GEN_4567663214664_250g;ALT_4567663214664_250g,natco_pistachio-kernels-1kg.jpg,natco_pistachio-kernels-1kg.jpg,true
pistachio-kernels,natco,100g,GEN_4567663214664_100g,GEN_4567663214664_100g;ALT_4567663214664_100g,natco_pistachio-kernels-1kg.jpg,natco_pistachio-kernels-1kg.jpg,true
roasted-amp-salted-pistachio-nuts,natco,100g,GEN_4567663378504_100g,GEN_4567663378504_100g;ALT_4567663378504_100g,natco_roasted-amp-salted-pistachio-nuts-1kg.jpg,natco_roasted-amp-salted-pistachio-nuts-1kg.jpg,true
roasted-amp-salted-pistachio-nuts,natco,1kg,GEN_4567663378504_1kg,GEN_4567663378504_1kg;ALT_4567663378504_1kg,natco_roasted-amp-salted-pistachio-nuts-1kg.jpg,natco_roasted-amp-salted-pistachio-nuts-1kg.jpg,true
roasted-amp-salted-pistachio-nuts,natco,300g,GEN_4567663378504_300g,GEN_4567663378504_300g;ALT_4567663378504_300g,natco_roasted-amp-salted-pistachio-nuts-1kg.jpg,natco_roasted-amp-salted-pistachio-nuts-1kg.jpg,true
roasted-monkey-nuts,natco,300g,4567663411272,4567663411272,natco_roasted-monkey-nuts-300g.jpg,natco_roasted-monkey-nuts-300g.jpg,true
peanuts-red,natco,1kg,GEN_4567663575112_1kg,GEN_4567663575112_1kg;ALT_4567663575112_1kg,natco_peanuts-red-1kg.jpg,natco_peanuts-red-1kg.jpg,true
peanuts-red,natco,400g,GEN_4567663575112_400g,GEN_4567663575112_400g;ALT_4567663575112_400g,natco_peanuts-red-1kg.jpg,natco_peanuts-red-1kg.jpg,true
coconut-halves,natco,250g,4567663607880,4567663607880,natco_coconut-halves-250g.jpg,natco_coconut-halves-250g.jpg,true
coconut-flakes,natco,200g,4567663673416,4567663673416,natco_coconut-flakes-200g.jpg,natco_coconut-flakes-200g.jpg,true
coconut-milk-powder,natco,300g,4567663804488,4567663804488,natco_coconut-milk-powder-300g.jpg,natco_coconut-milk-powder-300g.jpg,true
coconut-desiccated-fine,natco,300g,4567663837256,4567663837256,natco_coconut-desiccated-fine-300g.jpg,natco_coconut-desiccated-fine-300g.jpg,true
coconut-desicated-medium,natco,1kg,4567663870024,4567663870024,natco_coconut-desicated-medium-1kg.jpg,natco_coconut-desicated-medium-1kg.jpg,true
cashew-roasted-salted,natco,250g,4567664558152,4567664558152,natco_cashew-roasted-salted-250g.jpg,natco_cashew-roasted-salted-250g.jpg,true
cashew-large-white-pieces,natco,750g,4567664590920,4567664590920,natco_cashew-large-white-pieces-750g.jpg,natco_cashew-large-white-pieces-750g.jpg,true
cashew-split,natco,1kg,4567664656456,4567664656456,natco_cashew-split-1kg.jpg,natco_cashew-split-1kg.jpg,true
cashew-kernel,natco,300g,GEN_4567664689224_300g,GEN_4567664689224_300g;ALT_4567664689224_300g,natco_cashew-kernel-300g.jpg,natco_cashew-kernel-300g.jpg,true
cashew-kernel,natco,1kg,GEN_4567664689224_1kg,GEN_4567664689224_1kg;ALT_4567664689224_1kg,natco_cashew-kernel-300g.jpg,natco_cashew-kernel-300g.jpg,true
walnut-halves,natco,700g,GEN_4567664787528_700g,GEN_4567664787528_700g;ALT_4567664787528_700g,natco_walnut-halves-700g.jpg,natco_walnut-halves-700g.jpg,true
walnut-halves,natco,200g,GEN_4567664787528_200g,GEN_4567664787528_200g;ALT_4567664787528_200g,natco_walnut-halves-700g.jpg,natco_walnut-halves-700g.jpg,true
pecans,natco,200g,4567664820296,4567664820296,natco_pecans-200g.jpg,natco_pecans-200g.jpg,true
almond-blanched-whole,natco,250g,4567664885832,4567664885832,natco_almond-blanched-whole-250g.jpg,natco_almond-blanched-whole-250g.jpg,true
blanched-almond-whole,natco,700g,4567664918600,4567664918600,natco_blanched-almond-whole-700g.jpg,natco_blanched-almond-whole-700g.jpg,true
almond-flakes,natco,1kg,GEN_4567664984136_1kg,GEN_4567664984136_1kg;ALT_4567664984136_1kg,natco_almond-flakes-1kg.jpg,natco_almond-flakes-1kg.jpg,true
almond-flakes,natco,300g,GEN_4567664984136_300g,GEN_4567664984136_300g;ALT_4567664984136_300g,natco_almond-flakes-1kg.jpg,natco_almond-flakes-1kg.jpg,true
almonds-ground,natco,300g,4567665016904,4567665016904,natco_almonds-ground-300g.png,natco_almonds-ground-300g.png,true
almonds,natco,1kg,GEN_4567665115208_1kg,GEN_4567665115208_1kg;ALT_4567665115208_1kg,natco_almonds-1kg.jpg,natco_almonds-1kg.jpg,true
almonds,natco,400g,GEN_4567665115208_400g,GEN_4567665115208_400g;ALT_4567665115208_400g,natco_almonds-1kg.jpg,natco_almonds-1kg.jpg,true
pavbhaji-masala-mangal,natco,100g,4567665147976,4567665147976,natco_pavbhaji-masala-mangal-100g.jpg,natco_pavbhaji-masala-mangal-100g.jpg,true
biryani-masala-mangal,natco,50g,4567665180744,4567665180744,natco_biryani-masala-mangal-50g.jpg,natco_biryani-masala-mangal-50g.jpg,true
chicken-masala-mangal,natco,100g,4567665213512,4567665213512,natco_chicken-masala-mangal-100g.jpg,natco_chicken-masala-mangal-100g.jpg,true
sambhar-masala-mangal,natco,100g,4567665279048,4567665279048,natco_sambhar-masala-mangal-100g.jpg,natco_sambhar-masala-mangal-100g.jpg,true
pickle-masala-mangal,natco,125g,4567665344584,4567665344584,natco_pickle-masala-mangal-125g.png,natco_pickle-masala-mangal-125g.png,true
meat-masala-mangal,natco,100g,4567665377352,4567665377352,natco_meat-masala-mangal-100g.jpg,natco_meat-masala-mangal-100g.jpg,true
chat-masala-mangal,natco,100g,4567665442888,4567665442888,natco_chat-masala-mangal-100g.jpg,natco_chat-masala-mangal-100g.jpg,true
chana-masala-mangal,natco,100g,4567665475656,4567665475656,natco_chana-masala-mangal-100g.png,natco_chana-masala-mangal-100g.png,true
anardana-powder-mangal,natco,100g,4567665508424,4567665508424,natco_anardana-powder-mangal-100g.jpg,natco_anardana-powder-mangal-100g.jpg,true
soya-beans,natco,2kg,GEN_4567665573960_2kg,GEN_4567665573960_2kg;ALT_4567665573960_2kg,natco_soya-beans-2kg.jpg,natco_soya-beans-2kg.jpg,true
soya-beans,natco,500g,GEN_4567665573960_500g,GEN_4567665573960_500g;ALT_4567665573960_500g,natco_soya-beans-2kg.jpg,natco_soya-beans-2kg.jpg,true
red-lentils-polished,natco,2kg,GEN_4567666524232_2kg,GEN_4567666524232_2kg;ALT_4567666524232_2kg,natco_red-lentils-polished-2kg.jpg,natco_red-lentils-polished-2kg.jpg,true
red-lentils-polished,natco,1kg,GEN_4567666524232_1kg,GEN_4567666524232_1kg;ALT_4567666524232_1kg,natco_red-lentils-polished-2kg.jpg,natco_red-lentils-polished-2kg.jpg,true
mung-dal-yellow,natco,1kg,GEN_4567666917448_1kg,GEN_4567666917448_1kg;ALT_4567666917448_1kg,natco_mung-dal-yellow-1kg.jpg,natco_mung-dal-yellow-1kg.jpg,true
mung-dal-yellow,natco,2kg,GEN_4567666917448_2kg,GEN_4567666917448_2kg;ALT_4567666917448_2kg,natco_mung-dal-yellow-1kg.jpg,natco_mung-dal-yellow-1kg.jpg,true
mung-split,natco,2kg,GEN_4567666982984_2kg,GEN_4567666982984_2kg;ALT_4567666982984_2kg,natco_mung-split-2kg.jpg,natco_mung-split-2kg.jpg,true
mung-split,natco,500g,GEN_4567666982984_500g,GEN_4567666982984_500g;ALT_4567666982984_500g,natco_mung-split-2kg.jpg,natco_mung-split-2kg.jpg,true
mung-beans,natco,1kg,GEN_4567667081288_1kg,GEN_4567667081288_1kg;ALT_4567667081288_1kg,natco_mung-beans-1kg.jpg,natco_mung-beans-1kg.jpg,true
mung-beans,natco,2kg,GEN_4567667081288_2kg,GEN_4567667081288_2kg;ALT_4567667081288_2kg,natco_mung-beans-1kg.jpg,natco_mung-beans-1kg.jpg,true
green-lentils,natco,1kg,GEN_4567667212360_1kg,GEN_4567667212360_1kg;ALT_4567667212360_1kg,natco_green-lentils-1kg.jpg,natco_green-lentils-1kg.jpg,true
green-lentils,natco,2kg,GEN_4567667212360_2kg,GEN_4567667212360_2kg;ALT_4567667212360_2kg,natco_green-lentils-1kg.jpg,natco_green-lentils-1kg.jpg,true
chanadal-polished,natco,1kg,GEN_4567667310664_1kg,GEN_4567667310664_1kg;ALT_4567667310664_1kg,natco_chanadal-polished-2kg.jpg,natco_chanadal-polished-2kg.jpg,true
chanadal-polished,natco,2kg,GEN_4567667310664_2kg,GEN_4567667310664_2kg;ALT_4567667310664_2kg,natco_chanadal-polished-2kg.jpg,natco_chanadal-polished-2kg.jpg,true
brown-lentils,natco,2kg,GEN_4567667376200_2kg,GEN_4567667376200_2kg;ALT_4567667376200_2kg,natco_brown-lentils-2kg.png,natco_brown-lentils-2kg.png,true
brown-lentils,natco,500g,GEN_4567667376200_500g,GEN_4567667376200_500g;ALT_4567667376200_500g,natco_brown-lentils-2kg.png,natco_brown-lentils-2kg.png,true
butter-beans,natco,2kg,GEN_4567667474504_2kg,GEN_4567667474504_2kg;ALT_4567667474504_2kg,natco_butter-beans-2kg.png,natco_butter-beans-2kg.png,true
butter-beans,natco,500g,GEN_4567667474504_500g,GEN_4567667474504_500g;ALT_4567667474504_500g,natco_butter-beans-2kg.png,natco_butter-beans-2kg.png,true
black-eye-beans,natco,2kg,GEN_4567667572808_2kg,GEN_4567667572808_2kg;ALT_4567667572808_2kg,natco_black-eye-beans-2kg.jpg,natco_black-eye-beans-2kg.jpg,true
black-eye-beans,natco,500g,GEN_4567667572808_500g,GEN_4567667572808_500g;ALT_4567667572808_500g,natco_black-eye-beans-2kg.jpg,natco_black-eye-beans-2kg.jpg,true
alubia-beans,natco,500g,GEN_4567667638344_500g,GEN_4567667638344_500g;ALT_4567667638344_500g,natco_alubia-beans-2kg.jpg,natco_alubia-beans-2kg.jpg,true
alubia-beans,natco,2kg,GEN_4567667638344_2kg,GEN_4567667638344_2kg;ALT_4567667638344_2kg,natco_alubia-beans-2kg.jpg,natco_alubia-beans-2kg.jpg,true
coconut-water,natco,330ml,GEN_4567667671112_330ml,GEN_4567667671112_330ml;ALT_4567667671112_330ml,natco_coconut-water-330ml.jpg,natco_coconut-water-330ml.jpg,true
coconut-water,natco,1l,GEN_4567667671112_1l,GEN_4567667671112_1l;ALT_4567667671112_1l,natco_coconut-water-330ml.jpg,natco_coconut-water-330ml.jpg,true
rose-syrup,natco,725ml,4567667769416,4567667769416,natco_rose-syrup-725ml.jpg,natco_rose-syrup-725ml.jpg,true
dried-tarragon,natco,25g,4567667834952,4567667834952,natco_dried-tarragon-25g.jpg,natco_dried-tarragon-25g.jpg,true
sage-jar,natco,25g,4567667867720,4567667867720,natco_sage-jar-25g.jpg,natco_sage-jar-25g.jpg,true
parsley-jar,natco,25g,4567667933256,4567667933256,natco_parsley-jar-25g.jpg,natco_parsley-jar-25g.jpg,true
oregano-jar,natco,25g,4567667966024,4567667966024,natco_oregano-jar-25g.jpg,natco_oregano-jar-25g.jpg,true
mixed-herbs-jar,natco,25g,4567668064328,4567668064328,natco_mixed-herbs-jar-25g.jpg,natco_mixed-herbs-jar-25g.jpg,true
mint-jar,natco,30g,4567668097096,4567668097096,natco_mint-jar-30g.jpg,natco_mint-jar-30g.jpg,true
marjoram-jar,natco,20g,4567668162632,4567668162632,natco_marjoram-jar-20g.jpg,natco_marjoram-jar-20g.jpg,true
coriander-leaves-jar,natco,25g,4567668195400,4567668195400,natco_coriander-leaves-jar-25g.jpg,natco_coriander-leaves-jar-25g.jpg,true
basil-jar,natco,25g,4567668260936,4567668260936,natco_basil-jar-25g.jpg,natco_basil-jar-25g.jpg,true
milk-powder,natco,750g,GEN_4567668326472_750g,GEN_4567668326472_750g;ALT_4567668326472_750g,natco_milk-powder-750g.jpg,natco_milk-powder-750g.jpg,true
milk-powder,natco,300g,GEN_4567668326472_300g,GEN_4567668326472_300g;ALT_4567668326472_300g,natco_milk-powder-750g.jpg,natco_milk-powder-750g.jpg,true
ragi-flour,natco,900g,4567668523080,4567668523080,natco_ragi-flour-900g.jpg,natco_ragi-flour-900g.jpg,true
millet-bajri-flour,natco,900g,4567668555848,4567668555848,natco_millet-bajri-flour-900g.jpg,natco_millet-bajri-flour-900g.jpg,true
couscous,natco,500g,4567668588616,4567668588616,natco_couscous-500g.jpg,natco_couscous-500g.jpg,true
semolina-extra-coarse,natco,1-5kg,4567668621384,4567668621384,natco_semolina-extra-coarse-15kg.jpg,natco_semolina-extra-coarse-15kg.jpg,true
semolina-coarse,natco,1-5kg,GEN_4567668719688_1.5kg,GEN_4567668719688_1.5kg;ALT_4567668719688_1.5kg,natco_semolina-coarse-15kg.jpg,natco_semolina-coarse-15kg.jpg,true
semolina-coarse,natco,500g,GEN_4567668719688_500g,GEN_4567668719688_500g;ALT_4567668719688_500g,natco_semolina-coarse-15kg.jpg,natco_semolina-coarse-15kg.jpg,true
semolina-fine,natco,1-5kg,GEN_4567668817992_1.5kg,GEN_4567668817992_1.5kg;ALT_4567668817992_1.5kg,natco_semolina-fine-15kg.jpg,natco_semolina-fine-15kg.jpg,true
semolina-fine,natco,500g,GEN_4567668817992_500g,GEN_4567668817992_500g;ALT_4567668817992_500g,natco_semolina-fine-15kg.jpg,natco_semolina-fine-15kg.jpg,true
rice-flour,natco,500g,4567668850760,4567668850760,natco_rice-flour-500g.jpg,natco_rice-flour-500g.jpg,true
ground-rice,natco,1-5kg,GEN_4567668981832_1.5kg,GEN_4567668981832_1.5kg;ALT_4567668981832_1.5kg,natco_ground-rice-15kg.jpg,natco_ground-rice-15kg.jpg,true
ground-rice,natco,500g,GEN_4567668981832_500g,GEN_4567668981832_500g;ALT_4567668981832_500g,natco_ground-rice-15kg.jpg,natco_ground-rice-15kg.jpg,true
gram-flour-papa-brand,natco,2kg,4567669047368,4567669047368,natco_gram-flour-papa-brand-2kg.jpg,natco_gram-flour-papa-brand-2kg.jpg,true
gram-flour-superfine,natco,2kg,GEN_4567669309512_2kg,GEN_4567669309512_2kg;ALT_4567669309512_2kg,natco_gram-flour-superfine-2kg.jpg,natco_gram-flour-superfine-2kg.jpg,true
gram-flour-superfine,natco,1kg,GEN_4567669309512_1kg,GEN_4567669309512_1kg;ALT_4567669309512_1kg,natco_gram-flour-superfine-2kg.jpg,natco_gram-flour-superfine-2kg.jpg,true
gram-flour-superfine,natco,500g,GEN_4567669309512_500g,GEN_4567669309512_500g;ALT_4567669309512_500g,natco_gram-flour-superfine-2kg.jpg,natco_gram-flour-superfine-2kg.jpg,true
white-maize-meal,natco,1-5kg,4567669342280,4567669342280,natco_white-maize-meal-15kg.jpg,natco_white-maize-meal-15kg.jpg,true
cornmeal-medium,natco,1-5kg,GEN_4567669506120_1.5kg,GEN_4567669506120_1.5kg;ALT_4567669506120_1.5kg,natco_cornmeal-medium-15kg.jpg,natco_cornmeal-medium-15kg.jpg,true
cornmeal-medium,natco,500g,GEN_4567669506120_500g,GEN_4567669506120_500g;ALT_4567669506120_500g,natco_cornmeal-medium-15kg.jpg,natco_cornmeal-medium-15kg.jpg,true
cornmeal-fine,natco,1-5kg,GEN_4567669604424_1.5kg,GEN_4567669604424_1.5kg;ALT_4567669604424_1.5kg,natco_cornmeal-fine-15kg.jpg,natco_cornmeal-fine-15kg.jpg,true
cornmeal-fine,natco,500g,GEN_4567669604424_500g,GEN_4567669604424_500g;ALT_4567669604424_500g,natco_cornmeal-fine-15kg.jpg,natco_cornmeal-fine-15kg.jpg,true
chakki-atta-multigrain,natco,5kg,4567669735496,4567669735496,natco_chakki-atta-multigrain-5kg.jpg,natco_chakki-atta-multigrain-5kg.jpg,true
chapati-flour-medium,natco,1-5kg,4567669833800,4567669833800,natco_chapati-flour-medium-15kg.jpg,natco_chapati-flour-medium-15kg.jpg,true
chapati-flour-white,natco,1-5kg,4567669866568,4567669866568,natco_chapati-flour-white-15kg.jpg,natco_chapati-flour-white-15kg.jpg,true
golden-raisins,natco,1kg,GEN_4567669932104_1kg,GEN_4567669932104_1kg;ALT_4567669932104_1kg,natco_golden-raisins-1kg.jpg,natco_golden-raisins-1kg.jpg,true
golden-raisins,natco,100g,GEN_4567669932104_100g,GEN_4567669932104_100g;ALT_4567669932104_100g,natco_golden-raisins-1kg.jpg,natco_golden-raisins-1kg.jpg,true
toovar,natco,400g,4567670030408,4567670030408,natco_toovar-400g.jpg,natco_toovar-400g.jpg,true
suran-yam,natco,400g,4567670095944,4567670095944,natco_suran-yam-400g.jpg,natco_suran-yam-400g.jpg,true
punjabi-tinda-full-case-12x400g,natco,400g,4567670161480,4567670161480,natco_punjabi-tinda-full-case-12x400g.jpg,natco_punjabi-tinda-full-case-12x400g.jpg,true
okra-full-case-12x400g,natco,400g,4567670423624,4567670423624,natco_okra-full-case-12x400g.png,natco_okra-full-case-12x400g.png,true
lotus-root,natco,400g,4567670521928,4567670521928,natco_lotus-root-400g.jpg,natco_lotus-root-400g.jpg,true
karela,natco,400g,4567670620232,4567670620232,natco_karela-400g.jpg,natco_karela-400g.jpg,true
sarson-ka-saag,natco,450g,4567670816840,4567670816840,natco_sarson-ka-saag-450g.jpg,natco_sarson-ka-saag-450g.jpg,true
patra,natco,400g,4567670915144,4567670915144,natco_patra-400g.jpg,natco_patra-400g.jpg,true
tomatoes-chopped-full-case-12x400g,natco,400g,4567670980680,4567670980680,natco_tomatoes-chopped-full-case-12x400g.jpg,natco_tomatoes-chopped-full-case-12x400g.jpg,true
tomatoes-peeled,natco,400g,4567671144520,4567671144520,natco_tomatoes-peeled-400g.jpg,natco_tomatoes-peeled-400g.jpg,true
tomato-paste,natco,800g,4567671210056,4567671210056,natco_tomato-paste-800g.jpg,natco_tomato-paste-800g.jpg,true
spinach-leaf,natco,396g,4567671406664,4567671406664,natco_spinach-leaf-396g.jpg,natco_spinach-leaf-396g.jpg,true
rose-coco-borlotti-beans,natco,2kg,GEN_4567671504968_2kg,GEN_4567671504968_2kg;ALT_4567671504968_2kg,natco_rose-coco-borlotti-beans-400g.jpg,natco_rose-coco-borlotti-beans-400g.jpg,true
rose-coco-borlotti-beans,natco,500g,GEN_4567671504968_500g,GEN_4567671504968_500g;ALT_4567671504968_500g,natco_rose-coco-borlotti-beans-400g.jpg,natco_rose-coco-borlotti-beans-400g.jpg,true
rose-coco-borlotti-beans,natco,400g,GEN_4567671504968_400g,GEN_4567671504968_400g;ALT_4567671504968_400g,natco_rose-coco-borlotti-beans-400g.jpg,natco_rose-coco-borlotti-beans-400g.jpg,true
coconut-oil-parachute-brand,natco,500ml,4567671832648,4567671832648,natco_coconut-oil-parachute-brand-500ml.jpg,natco_coconut-oil-parachute-brand-500ml.jpg,true
olive-oil-extra-virgin,natco,500ml,4567671865416,4567671865416,natco_olive-oil-extra-virgin-500ml.jpg,natco_olive-oil-extra-virgin-500ml.jpg,true
mango-pulp-kesar,natco,850g,4567671930952,4567671930952,natco_mango-pulp-kesar-850g.jpg,natco_mango-pulp-kesar-850g.jpg,true
mango-slices-alphonso,natco,425g,4567671963720,4567671963720,natco_mango-slices-alphonso-425g.jpg,natco_mango-slices-alphonso-425g.jpg,true
mango-pulp-alphonso,natco,450g,4567671996488,4567671996488,natco_mango-pulp-alphonso-450g.jpg,natco_mango-pulp-alphonso-450g.jpg,true
ghee-pure-butter,natco,1kg,4567672029256,4567672029256,natco_ghee-pure-butter-1kg.jpg,natco_ghee-pure-butter-1kg.jpg,true
ghee-pure-plough-brand,natco,500g,4567672127560,4567672127560,natco_ghee-pure-plough-brand-500g.jpg,natco_ghee-pure-plough-brand-500g.jpg,true
kala-chana-boiled,natco,400g,4567672193096,4567672193096,natco_kala-chana-boiled-400g.jpg,natco_kala-chana-boiled-400g.jpg,true
coconut-cream,natco,400ml,4567672488008,4567672488008,natco_coconut-cream-400ml.jpg,natco_coconut-cream-400ml.jpg,true
coconut-milk-light,natco,400ml,4567672553544,4567672553544,natco_coconut-milk-light-400ml.jpg,natco_coconut-milk-light-400ml.jpg,true
coconut-milk,natco,400ml,4567672619080,4567672619080,natco_coconut-milk-400ml.jpg,natco_coconut-milk-400ml.jpg,true
coriander-mint-sauce,natco,340g,4567672651848,4567672651848,natco_coriander-mint-sauce-340g.jpg,natco_coriander-mint-sauce-340g.jpg,true
tamarind-amp-date-sauce,natco,340g,4567672717384,4567672717384,natco_tamarind-amp-date-sauce-340g.jpg,natco_tamarind-amp-date-sauce-340g.jpg,true
garlic-amp-chilli-sauce,natco,340g,4567672750152,4567672750152,natco_garlic-amp-chilli-sauce-340g.jpg,natco_garlic-amp-chilli-sauce-340g.jpg,true
chilli-sauce-hot,natco,310g,4567672815688,4567672815688,natco_chilli-sauce-hot-310g.jpg,natco_chilli-sauce-hot-310g.jpg,true
tamarind-sauce,natco,340g,4567672848456,4567672848456,natco_tamarind-sauce-340g.jpg,natco_tamarind-sauce-340g.jpg,true
bombay-sandwich-spread,natco,280g,4567672881224,4567672881224,natco_bombay-sandwich-spread-280g.jpg,natco_bombay-sandwich-spread-280g.jpg,true
garlic-amp-ginger-paste,natco,190g,4567672913992,4567672913992,natco_garlic-amp-ginger-paste-190g.jpg,natco_garlic-amp-ginger-paste-190g.jpg,true
ginger-paste,natco,190g,4567672946760,4567672946760,natco_ginger-paste-190g.jpg,natco_ginger-paste-190g.jpg,true
garlic-paste,natco,190g,4567672979528,4567672979528,natco_garlic-paste-190g.jpg,natco_garlic-paste-190g.jpg,true
garlic-pickle,natco,300g,4567673012296,4567673012296,natco_garlic-pickle-300g.jpg,natco_garlic-pickle-300g.jpg,true
mango-chutney-sweet,natco,340g,4567673045064,4567673045064,natco_mango-chutney-sweet-340g.jpg,natco_mango-chutney-sweet-340g.jpg,true
mango-chutney-spicy,natco,340g,4567673077832,4567673077832,natco_mango-chutney-spicy-340g.jpg,natco_mango-chutney-spicy-340g.jpg,true
thecha-chilli-paste,natco,300g,4567673143368,4567673143368,natco_thecha-chilli-paste-300g.jpg,natco_thecha-chilli-paste-300g.jpg,true
brinjal-chutney-sweet,natco,300g,4567673208904,4567673208904,natco_brinjal-chutney-sweet-300g.jpg,natco_brinjal-chutney-sweet-300g.jpg,true
chundo-chutney-sweet,natco,340g,4567673241672,4567673241672,natco_chundo-chutney-sweet-340g.jpg,natco_chundo-chutney-sweet-340g.jpg,true
gorkeri-chutney-sweet,natco,300g,4567673274440,4567673274440,natco_gorkeri-chutney-sweet-300g.jpg,natco_gorkeri-chutney-sweet-300g.jpg,true
lime-pickle-hot,natco,300g,4567673405512,4567673405512,natco_lime-pickle-hot-300g.jpg,natco_lime-pickle-hot-300g.jpg,true
mixed-pickle,natco,300g,4567673438280,4567673438280,natco_mixed-pickle-300g.jpg,natco_mixed-pickle-300g.jpg,true
chilli-pickle-hot,natco,300g,4567673602120,4567673602120,natco_chilli-pickle-hot-300g.jpg,natco_chilli-pickle-hot-300g.jpg,true
mango-pickle-hot,natco,300g,4567673667656,4567673667656,natco_mango-pickle-hot-300g.jpg,natco_mango-pickle-hot-300g.jpg,true
chick-peas,natco,2kg,GEN_4583223066696_2kg,GEN_4583223066696_2kg;ALT_4583223066696_2kg,natco_chick-peas-25kg.jpg,natco_chick-peas-25kg.jpg,true
chick-peas,natco,2-5kg,GEN_4583223066696_2.5kg,GEN_4583223066696_2.5kg;ALT_4583223066696_2.5kg,natco_chick-peas-25kg.jpg,natco_chick-peas-25kg.jpg,true
chick-peas-full-case-12x400g,natco,400g,4583223165000,4583223165000,natco_chick-peas-full-case-12x400g.jpg,natco_chick-peas-full-case-12x400g.jpg,true
pomace-olive-oil,natco,1l,GEN_4583223263304_1l,GEN_4583223263304_1l;ALT_4583223263304_1l,natco_pomace-olive-oil-5-litre.png,natco_pomace-olive-oil-5-litre.png,true
pomace-olive-oil,natco,5l,GEN_4583223263304_5l,GEN_4583223263304_5l;ALT_4583223263304_5l,natco_pomace-olive-oil-5-litre.png,natco_pomace-olive-oil-5-litre.png,true
red-kidney-beans-boiled-full-case-12x400g,natco,400g,4583223361608,4583223361608,natco_red-kidney-beans-boiled-full-case-12x400g.jpg,natco_red-kidney-beans-boiled-full-case-12x400g.jpg,true
red-kidney-beans,natco,1kg,GEN_4583223394376_1kg,GEN_4583223394376_1kg;ALT_4583223394376_1kg,natco_red-kidney-beans-25kg.jpg,natco_red-kidney-beans-25kg.jpg,true
red-kidney-beans,natco,2kg,GEN_4583223394376_2kg,GEN_4583223394376_2kg;ALT_4583223394376_2kg,natco_red-kidney-beans-25kg.jpg,natco_red-kidney-beans-25kg.jpg,true
red-kidney-beans,natco,2-5kg,GEN_4583223394376_2.5kg,GEN_4583223394376_2.5kg;ALT_4583223394376_2.5kg,natco_red-kidney-beans-25kg.jpg,natco_red-kidney-beans-25kg.jpg,true
chick-peas-full-case-4x1kg,natco,1kg,4583223754824,4583223754824,natco_chick-peas-full-case-4x1kg.jpg,natco_chick-peas-full-case-4x1kg.jpg,true
coconut-flour,natco,200g,GEN_4583223853128_200g,GEN_4583223853128_200g;ALT_4583223853128_200g,natco_coconut-flour-200g.jpg,natco_coconut-flour-200g.jpg,true
coconut-flour,natco,1kg,GEN_4583223853128_1kg,GEN_4583223853128_1kg;ALT_4583223853128_1kg,natco_coconut-flour-200g.jpg,natco_coconut-flour-200g.jpg,true
all-purpose-seasoning,natco,100g,GEN_4583224016968_100g,GEN_4583224016968_100g;ALT_4583224016968_100g,natco_all-purpose-seasoning-100g.png,natco_all-purpose-seasoning-100g.png,true
all-purpose-seasoning,natco,400g,GEN_4583224016968_400g,GEN_4583224016968_400g;ALT_4583224016968_400g,natco_all-purpose-seasoning-100g.png,natco_all-purpose-seasoning-100g.png,true
pine-nuts,natco,75g,4641502855240,4641502855240,natco_pine-nuts-75g.png,natco_pine-nuts-75g.png,true
mamra-basmati,natco,908g,GEN_4641506558024_908g,GEN_4641506558024_908g;ALT_4641506558024_908g,natco_mamra-basmati-908g.jpg,natco_mamra-basmati-908g.jpg,true
mamra-basmati,natco,200g,GEN_4641506558024_200g,GEN_4641506558024_200g;ALT_4641506558024_200g,natco_mamra-basmati-908g.jpg,natco_mamra-basmati-908g.jpg,true
big-d-salted-peanuts-24x50g,natco,50g,5864191590472,5864191590472,natco_big-d-salted-peanuts-24x50g.png,natco_big-d-salted-peanuts-24x50g.png,true
big-d-honey-roast-peanuts-12x50g-packs-on-a-pub-card,natco,12multipack,5864194801736,5864194801736,natco_big-d-honey-roast-peanuts-12x50g-packs-on-a-pub-card.jpg,natco_big-d-honey-roast-peanuts-12x50g-packs-on-a-pub-card.jpg,true
bhel-puri-kit,natco,500g,6535757660232,6535757660232,natco_bhel-puri-kit-500g.jpg,natco_bhel-puri-kit-500g.jpg,true
big-d-salted-cashews-12x30g-cards,natco,12multipack,6562924986440,6562924986440,natco_big-d-salted-cashews-12x30g-cards.png,natco_big-d-salted-cashews-12x30g-cards.png,true
white-kidney-beans,natco,400g,6579342409800,6579342409800,natco_white-kidney-beans-400g.jpg,natco_white-kidney-beans-400g.jpg,true
spinach-puree,natco,395g,GEN_6617796804680_395g,GEN_6617796804680_395g;ALT_6617796804680_395g,natco_spinach-puree-395g.jpg,natco_spinach-puree-395g.jpg,true
spinach-puree,natco,794g,GEN_6617796804680_794g,GEN_6617796804680_794g;ALT_6617796804680_794g,natco_spinach-puree-395g.jpg,natco_spinach-puree-395g.jpg,true
black-eyed-beans,natco,400g,6647387652168,6647387652168,natco_black-eyed-beans-400g.jpg,natco_black-eyed-beans-400g.jpg,true
pure-sesame-oil,natco,250ml,GEN_6666589044808_250ml,GEN_6666589044808_250ml;ALT_6666589044808_250ml,natco_pure-sesame-oil-1-litre.png,natco_pure-sesame-oil-1-litre.png,true
pure-sesame-oil,natco,1l,GEN_6666589044808_1l,GEN_6666589044808_1l;ALT_6666589044808_1l,natco_pure-sesame-oil-1-litre.png,natco_pure-sesame-oil-1-litre.png,true
groundnut-oil,natco,1l,6666589306952,6666589306952,natco_groundnut-oil-1-litre.png,natco_groundnut-oil-1-litre.png,true
pure-linseed-oil,natco,250ml,6666589536328,6666589536328,natco_pure-linseed-oil-250ml.png,natco_pure-linseed-oil-250ml.png,true
castor-oil,natco,250ml,6666591010888,6666591010888,natco_castor-oil-250ml.png,natco_castor-oil-250ml.png,true
almond-oil,natco,500ml,GEN_6666608541768_500ml,GEN_6666608541768_500ml;ALT_6666608541768_500ml,natco_almond-oil-500ml.png,natco_almond-oil-500ml.png,true
almond-oil,natco,250ml,GEN_6666608541768_250ml,GEN_6666608541768_250ml;ALT_6666608541768_250ml,natco_almond-oil-500ml.png,natco_almond-oil-500ml.png,true
rosemary-jar,natco,40g,6804638728264,6804638728264,natco_rosemary-jar-40g.jpg,natco_rosemary-jar-40g.jpg,true
demerara-sugar,natco,500g,GEN_6804650754120_500g,GEN_6804650754120_500g;ALT_6804650754120_500g,natco_demerara-sugar-500g.png,natco_demerara-sugar-500g.png,true
demerara-sugar,natco,1-5kg,GEN_6804650754120_1.5kg,GEN_6804650754120_1.5kg;ALT_6804650754120_1.5kg,natco_demerara-sugar-500g.png,natco_demerara-sugar-500g.png,true
whole-birdseye-chilli-jar,natco,50g,GEN_6804786282568_50g,GEN_6804786282568_50g;ALT_6804786282568_50g,natco_whole-birdseye-chilli-jar-40g.jpg,natco_whole-birdseye-chilli-jar-40g.jpg,true
whole-birdseye-chilli-jar,natco,40g,GEN_6804786282568_40g,GEN_6804786282568_40g;ALT_6804786282568_40g,natco_whole-birdseye-chilli-jar-40g.jpg,natco_whole-birdseye-chilli-jar-40g.jpg,true
coriander-seeds-jar,natco,65g,GEN_6842634403912_65g,GEN_6842634403912_65g;ALT_6842634403912_65g,natco_coriander-seeds-jar-60g.jpg,natco_coriander-seeds-jar-60g.jpg,true
coriander-seeds-jar,natco,60g,GEN_6842634403912_60g,GEN_6842634403912_60g;ALT_6842634403912_60g,natco_coriander-seeds-jar-60g.jpg,natco_coriander-seeds-jar-60g.jpg,true
ajwan-seeds,natco,300g,GEN_ajwanseeds_300g,GEN_ajwanseeds_300g;ALT_ajwanseeds_300g,natco_ajwan-seeds-jar-100g.jpg,natco_ajwan-seeds-jar-100g.jpg,true
amchoor-powder,natco,400g,GEN_amchoor-powder_400g,GEN_amchoor-powder_400g;ALT_amchoor-powder_400g,natco_amchoor-powder-jar-100g.jpg,natco_amchoor-powder-jar-100g.jpg,true
black-pepper-coarse,natco,300g,GEN_black-pepper-coarse_300g,GEN_black-pepper-coarse_300g;ALT_black-pepper-coarse_300g,natco_pappadoms-black-pepper-200g.jpg,natco_pappadoms-black-pepper-200g.jpg,true
black-pepper-coarse,natco,1kg,GEN_black-pepper-coarse_1kg,GEN_black-pepper-coarse_1kg;ALT_black-pepper-coarse_1kg,natco_pappadoms-black-pepper-200g.jpg,natco_pappadoms-black-pepper-200g.jpg,true
black-pepper-coarse,natco,100g,GEN_black-pepper-coarse_100g,GEN_black-pepper-coarse_100g;ALT_black-pepper-coarse_100g,natco_pappadoms-black-pepper-200g.jpg,natco_pappadoms-black-pepper-200g.jpg,true
black-pepper-ground,natco,400g,GEN_black-pepper-ground_400g,GEN_black-pepper-ground_400g;ALT_black-pepper-ground_400g,natco_pappadoms-black-pepper-200g.jpg,natco_pappadoms-black-pepper-200g.jpg,true
black-pepper-ground-jar,natco,100g,GEN_black-pepper-ground-jar_100g,GEN_black-pepper-ground-jar_100g;ALT_black-pepper-ground-jar_100g,natco_pappadoms-black-pepper-200g.jpg,natco_pappadoms-black-pepper-200g.jpg,true
black-pepper-whole,natco,1kg,GEN_black-pepper-whole_1kg,GEN_black-pepper-whole_1kg;ALT_black-pepper-whole_1kg,natco_pappadoms-black-pepper-200g.jpg,natco_pappadoms-black-pepper-200g.jpg,true
black-pepper-whole,natco,300g,GEN_black-pepper-whole_300g,GEN_black-pepper-whole_300g;ALT_black-pepper-whole_300g,natco_pappadoms-black-pepper-200g.jpg,natco_pappadoms-black-pepper-200g.jpg,true
black-pepper-whole-jar,natco,100g,GEN_black-pepper-whole-jar_100g,GEN_black-pepper-whole-jar_100g;ALT_black-pepper-whole-jar_100g,natco_pappadoms-black-pepper-200g.jpg,natco_pappadoms-black-pepper-200g.jpg,true
brown-chick-peas,natco,500g,GEN_brown-chick-peas_500g,GEN_brown-chick-peas_500g;ALT_brown-chick-peas_500g,natco_brown-chick-peas.jpg,natco_brown-chick-peas.jpg,true
brown-chick-peas,natco,2kg,GEN_brown-chick-peas_2kg,GEN_brown-chick-peas_2kg;ALT_brown-chick-peas_2kg,natco_brown-chick-peas.jpg,natco_brown-chick-peas.jpg,true
cardamom-green-ground,natco,50g,GEN_cardamom-green-ground_50g,GEN_cardamom-green-ground_50g;ALT_cardamom-green-ground_50g,natco_cardamom-green-jar-50g.jpg,natco_cardamom-green-jar-50g.jpg,true
cardamom-green,natco,200g,GEN_cardamomgreen_200g,GEN_cardamomgreen_200g;ALT_cardamomgreen_200g,natco_cardamom-green-ground.jpg,natco_cardamom-green-ground.jpg,true
cardamom-seeds,natco,100g,GEN_cardamomseeds_100g,GEN_cardamomseeds_100g;ALT_cardamomseeds_100g,natco_cardamomseeds.jpg,natco_cardamomseeds.jpg,true
cassia-dalchini,natco,400g,GEN_cassia_400g,GEN_cassia_400g;ALT_cassia_400g,natco_cassia-dalchini-jar-50g.jpg,natco_cassia-dalchini-jar-50g.jpg,true
chilli-powder,natco,1kg,GEN_chilli-powder_1kg,GEN_chilli-powder_1kg;ALT_chilli-powder_1kg,natco_chilli-powder-hot-jar-100g.jpg,natco_chilli-powder-hot-jar-100g.jpg,true
chilli-powder,natco,100g,GEN_chilli-powder_100g,GEN_chilli-powder_100g;ALT_chilli-powder_100g,natco_chilli-powder-hot-jar-100g.jpg,natco_chilli-powder-hot-jar-100g.jpg,true
chilli-powder-extra-hot,natco,400g,GEN_chilli-powder-extra-hot_400g,GEN_chilli-powder-extra-hot_400g;ALT_chilli-powder-extra-hot_400g,natco_chilli-powder-hot-jar-100g.jpg,natco_chilli-powder-hot-jar-100g.jpg,true
chilli-powder-kashmiri,natco,100g,GEN_chilli-powder-kashmiri1_100g,GEN_chilli-powder-kashmiri1_100g;ALT_chilli-powder-kashmiri1_100g,natco_chilli-powder-hot-jar-100g.jpg,natco_chilli-powder-hot-jar-100g.jpg,true
chilli-powder-kashmiri,natco,400g,GEN_chilli-powder-kashmiri1_400g,GEN_chilli-powder-kashmiri1_400g;ALT_chilli-powder-kashmiri1_400g,natco_chilli-powder-hot-jar-100g.jpg,natco_chilli-powder-hot-jar-100g.jpg,true
chilli-whole-birdseye,natco,150g,GEN_chilli-whole-birdseye_150g,GEN_chilli-whole-birdseye_150g;ALT_chilli-whole-birdseye_150g,natco_chilli-whole-birdseye.jpg,natco_chilli-whole-birdseye.jpg,true
chilli-whole-stemless,natco,200g,GEN_chilli-whole-stemless_200g,GEN_chilli-whole-stemless_200g;ALT_chilli-whole-stemless_200g,natco_chilli-whole-stemless.jpg,natco_chilli-whole-stemless.jpg,true
chinese-5-spice,natco,100g,GEN_chinese-5-spice_100g,GEN_chinese-5-spice_100g;ALT_chinese-5-spice_100g,natco_chinese-5-spice.png,natco_chinese-5-spice.png,true
cinnamon-sticks,natco,50g,GEN_cinnamon-sticks_50g,GEN_cinnamon-sticks_50g;ALT_cinnamon-sticks_50g,natco_cinnamon-sticks.jpg,natco_cinnamon-sticks.jpg,true
cloves,natco,200g,GEN_cloves_200g,GEN_cloves_200g;ALT_cloves_200g,natco_cloves-jar-50g.jpg,natco_cloves-jar-50g.jpg,true
cloves-ground,natco,50g,GEN_cloves-ground_50g,GEN_cloves-ground_50g;ALT_cloves-ground_50g,natco_cloves-ground.jpg,natco_cloves-ground.jpg,true
coriander-ground,natco,400g,GEN_coriander-ground_400g,GEN_coriander-ground_400g;ALT_coriander-ground_400g,natco_coriander-ground-jar-70g.jpg,natco_coriander-ground-jar-70g.jpg,true
coriander-seeds,natco,300g,GEN_coriander-seeds_300g,GEN_coriander-seeds_300g;ALT_coriander-seeds_300g,natco_coriander-seeds-jar-60g.jpg,natco_coriander-seeds-jar-60g.jpg,true
chilli-crushed,natco,300g,GEN_crushed-chilli_300g,GEN_crushed-chilli_300g;ALT_crushed-chilli_300g,natco_chilli-crushed-jar-80g.jpg,natco_chilli-crushed-jar-80g.jpg,true
cumin-ground-jar,natco,70g,GEN_cumin-ground-jars_70g,GEN_cumin-ground-jars_70g;ALT_cumin-ground-jars_70g,natco_cumin-ground-jars.jpg,natco_cumin-ground-jars.jpg,true
cumin-ground,natco,100g,GEN_cumin-ground1_100g,GEN_cumin-ground1_100g;ALT_cumin-ground1_100g,natco_cumin-ground-jars.jpg,natco_cumin-ground-jars.jpg,true
cumin-ground,natco,400g,GEN_cumin-ground1_400g,GEN_cumin-ground1_400g;ALT_cumin-ground1_400g,natco_cumin-ground-jars.jpg,natco_cumin-ground-jars.jpg,true
cumin-seeds,natco,400g,GEN_cumin-seeds_400g,GEN_cumin-seeds_400g;ALT_cumin-seeds_400g,natco_cumin-seeds-black.jpg,natco_cumin-seeds-black.jpg,true
cumin-seeds-black,natco,100g,GEN_cumin-seeds-black_100g,GEN_cumin-seeds-black_100g;ALT_cumin-seeds-black_100g,natco_cumin-seeds-black.jpg,natco_cumin-seeds-black.jpg,true
cumin-seeds-jar,natco,100g,GEN_cumin-seeds-jar_100g,GEN_cumin-seeds-jar_100g;ALT_cumin-seeds-jar_100g,natco_cumin-seeds-black.jpg,natco_cumin-seeds-black.jpg,true
curry-powder,natco,400g,GEN_curry-powder_400g,GEN_curry-powder_400g;ALT_curry-powder_400g,natco_curry-powder-hot.png,natco_curry-powder-hot.png,true
curry-powder-hot,natco,400g,GEN_curry-powder-hot_400g,GEN_curry-powder-hot_400g;ALT_curry-powder-hot_400g,natco_curry-powder-hot.png,natco_curry-powder-hot.png,true
curry-powder-hot,natco,100g,GEN_curry-powder-hot_100g,GEN_curry-powder-hot_100g;ALT_curry-powder-hot_100g,natco_curry-powder-hot.png,natco_curry-powder-hot.png,true
curry-powder-medium-jar,natco,100g,GEN_curry-powder-medium-jar_100g,GEN_curry-powder-medium-jar_100g;ALT_curry-powder-medium-jar_100g,natco_curry-powder-medium-jar.jpg,natco_curry-powder-medium-jar.jpg,true
curry-leaves,natco,100g,GEN_curryleaves_100g,GEN_curryleaves_100g;ALT_curryleaves_100g,natco_curryleaves.jpg,natco_curryleaves.jpg,true
fennel-seeds,natco,400g,GEN_fennel-seeds_400g,GEN_fennel-seeds_400g;ALT_fennel-seeds_400g,natco_fennel-seeds-jar.jpg,natco_fennel-seeds-jar.jpg,true
fennel-seeds-jar,natco,100g,GEN_fennel-seeds-jar_100g,GEN_fennel-seeds-jar_100g;ALT_fennel-seeds-jar_100g,natco_fennel-seeds-jar.jpg,natco_fennel-seeds-jar.jpg,true
garlic-flakes,natco,100g,GEN_garlic-flakes_100g,GEN_garlic-flakes_100g;ALT_garlic-flakes_100g,natco_garlic-flakes.jpg,natco_garlic-flakes.jpg,true
garlic-powder,natco,100g,GEN_garlic-powder_100g,GEN_garlic-powder_100g;ALT_garlic-powder_100g,natco_garlic-powder-jar.jpg,natco_garlic-powder-jar.jpg,true
garlic-powder-jar,natco,100g,GEN_garlic-powder-jar_100g,GEN_garlic-powder-jar_100g;ALT_garlic-powder-jar_100g,natco_garlic-powder-jar.jpg,natco_garlic-powder-jar.jpg,true
ginger-powder,natco,100g,GEN_ginger-powder_100g,GEN_ginger-powder_100g;ALT_ginger-powder_100g,natco_ginger-powder.jpg,natco_ginger-powder.jpg,true
ground-ginger-jar,natco,70g,GEN_ground-ginger-jar_70g,GEN_ground-ginger-jar_70g;ALT_ground-ginger-jar_70g,natco_ground-ginger-jar.jpg,natco_ground-ginger-jar.jpg,true
kala-namak,natco,300g,GEN_kalanamak_300g,GEN_kalanamak_300g;ALT_kalanamak_300g,natco_kalanamak.jpg,natco_kalanamak.jpg,true
kala-namak,natco,100g,GEN_kalanamak_100g,GEN_kalanamak_100g;ALT_kalanamak_100g,natco_kalanamak.jpg,natco_kalanamak.jpg,true
mace-ground,natco,50g,GEN_mace-ground_50g,GEN_mace-ground_50g;ALT_mace-ground_50g,natco_mace-ground.jpg,natco_mace-ground.jpg,true
methi-leaves-jar,natco,10g,GEN_methi-leaves-jar_10g,GEN_methi-leaves-jar_10g;ALT_methi-leaves-jar_10g,natco_kasuri-methi-leaves-100g.jpg,natco_kasuri-methi-leaves-100g.jpg,true
methi-seeds-fenugreek,natco,400g,GEN_methi-seeds_400g,GEN_methi-seeds_400g;ALT_methi-seeds_400g,natco_methi-seeds-jar.jpg,natco_methi-seeds-jar.jpg,true
methi-seeds-jar,natco,100g,GEN_methi-seeds-jar_100g,GEN_methi-seeds-jar_100g;ALT_methi-seeds-jar_100g,natco_methi-seeds-jar.jpg,natco_methi-seeds-jar.jpg,true
moth-beans,natco,500g,GEN_moth-beans_500g,GEN_moth-beans_500g;ALT_moth-beans_500g,natco_moth-beans.png,natco_moth-beans.png,true
moth-beans,natco,2kg,GEN_moth-beans_2kg,GEN_moth-beans_2kg;ALT_moth-beans_2kg,natco_moth-beans.png,natco_moth-beans.png,true
mustard-seeds,natco,400g,GEN_mustard-seeds_400g,GEN_mustard-seeds_400g;ALT_mustard-seeds_400g,natco_mustard-seeds-black-jar.jpg,natco_mustard-seeds-black-jar.jpg,true
mustard-seeds-black-jar,natco,100g,GEN_mustard-seeds-black-jar_100g,GEN_mustard-seeds-black-jar_100g;ALT_mustard-seeds-black-jar_100g,natco_mustard-seeds-black-jar.jpg,natco_mustard-seeds-black-jar.jpg,true
kalwanji-nigella-seeds,natco,300g,GEN_nigella-seeds_300g,GEN_nigella-seeds_300g;ALT_nigella-seeds_300g,natco_nigella-seeds-jar.jpg,natco_nigella-seeds-jar.jpg,true
kalwanji-nigella-seeds-jar,natco,100g,GEN_nigella-seeds-jar_100g,GEN_nigella-seeds-jar_100g;ALT_nigella-seeds-jar_100g,natco_nigella-seeds-jar.jpg,natco_nigella-seeds-jar.jpg,true
nutmeg-ground,natco,50g,GEN_nutmeg-ground_50g,GEN_nutmeg-ground_50g;ALT_nutmeg-ground_50g,natco_nutmeg-ground-jar.jpg,natco_nutmeg-ground-jar.jpg,true
nutmeg-ground-jar,natco,100g,GEN_nutmeg-ground-jar_100g,GEN_nutmeg-ground-jar_100g;ALT_nutmeg-ground-jar_100g,natco_nutmeg-ground-jar.jpg,natco_nutmeg-ground-jar.jpg,true
nutmeg-whole-jar,natco,100g,GEN_nutmeg-whole-jar_100g,GEN_nutmeg-whole-jar_100g;ALT_nutmeg-whole-jar_100g,natco_nutmeg-whole-jar.jpg,natco_nutmeg-whole-jar.jpg,true
panchpuran-5-whole-spice,natco,1kg,GEN_panchpuran-whole-spice_1kg,GEN_panchpuran-whole-spice_1kg;ALT_panchpuran-whole-spice_1kg,natco_panchpuran-whole-spice.jpg,natco_panchpuran-whole-spice.jpg,true
paprika-powder,natco,400g,GEN_paprika-powder_400g,GEN_paprika-powder_400g;ALT_paprika-powder_400g,natco_paprika-powder-jar.jpg,natco_paprika-powder-jar.jpg,true
paprika-powder-jar,natco,100g,GEN_paprika-powder-jar_100g,GEN_paprika-powder-jar_100g;ALT_paprika-powder-jar_100g,natco_paprika-powder-jar.jpg,natco_paprika-powder-jar.jpg,true
saffron,natco,1g,GEN_saffron_1g,GEN_saffron_1g;ALT_saffron_1g,natco_saffron.png,natco_saffron.png,true
takmuria-basil-seeds,natco,100g,GEN_takmuria_100g,GEN_takmuria_100g;ALT_takmuria_100g,natco_ajwan-seeds-jar-100g.jpg,natco_ajwan-seeds-jar-100g.jpg,true
tamarind-paste-jar,natco,250g,GEN_tamarind-paste-jar_250g,GEN_tamarind-paste-jar_250g;ALT_tamarind-paste-jar_250g,natco_tamarind-paste-jar.jpg,natco_tamarind-paste-jar.jpg,true
tamarind-slab,natco,200g,GEN_tamarindslab_200g,GEN_tamarindslab_200g;ALT_tamarindslab_200g,natco_tamarindslab.png,natco_tamarindslab.png,true
tamarind-wet,natco,400g,GEN_tamarindwet_400g,GEN_tamarindwet_400g;ALT_tamarindwet_400g,natco_tamarind-amp-date-sauce-340g.jpg,natco_tamarind-amp-date-sauce-340g.jpg,true
toor-dal-oily,natco,1kg,GEN_toor-dal-oily1_1kg,GEN_toor-dal-oily1_1kg;ALT_toor-dal-oily1_1kg,natco_toor-dal-oily1.png,natco_toor-dal-oily1.png,true
toor-dal-oily,natco,2kg,GEN_toor-dal-oily1_2kg,GEN_toor-dal-oily1_2kg;ALT_toor-dal-oily1_2kg,natco_toor-dal-oily1.png,natco_toor-dal-oily1.png,true
toor-dal-plain,natco,2kg,GEN_toor-dal-plain_2kg,GEN_toor-dal-plain_2kg;ALT_toor-dal-plain_2kg,natco_toor-dal-plain.jpg,natco_toor-dal-plain.jpg,true
toor-dal-plain,natco,500g,GEN_toor-dal-plain_500g,GEN_toor-dal-plain_500g;ALT_toor-dal-plain_500g,natco_toor-dal-plain.jpg,natco_toor-dal-plain.jpg,true
turmeric-powder,natco,400g,GEN_turmeric-powder_400g,GEN_turmeric-powder_400g;ALT_turmeric-powder_400g,natco_turmeric-powder-jar.jpg,natco_turmeric-powder-jar.jpg,true
turmeric-powder-jar,natco,100g,GEN_turmeric-powder-jar_100g,GEN_turmeric-powder-jar_100g;ALT_turmeric-powder-jar_100g,natco_turmeric-powder-jar.jpg,natco_turmeric-powder-jar.jpg,true
urid-dal-white,natco,2kg,GEN_urid-dal-white_2kg,GEN_urid-dal-white_2kg;ALT_urid-dal-white_2kg,natco_urid-dal-white.jpg,natco_urid-dal-white.jpg,true
urid-dal-white,natco,1kg,GEN_urid-dal-white_1kg,GEN_urid-dal-white_1kg;ALT_urid-dal-white_1kg,natco_urid-dal-white.jpg,natco_urid-dal-white.jpg,true
urid-beans,natco,2kg,GEN_uridbeans_2kg,GEN_uridbeans_2kg;ALT_uridbeans_2kg,natco_urid-beans-case.jpg,natco_urid-beans-case.jpg,true
urid-beans,natco,1kg,GEN_uridbeans_1kg,GEN_uridbeans_1kg;ALT_uridbeans_1kg,natco_urid-beans-case.jpg,natco_urid-beans-case.jpg,true
urid-split,natco,2kg,GEN_uridsplit1_2kg,GEN_uridsplit1_2kg;ALT_uridsplit1_2kg,natco_uridsplit.jpg,natco_uridsplit.jpg,true
urid-split,natco,500g,GEN_uridsplit1_500g,GEN_uridsplit1_500g;ALT_uridsplit1_500g,natco_uridsplit.jpg,natco_uridsplit.jpg,true
white-pepper-ground,natco,100g,GEN_white-pepper-ground_100g,GEN_white-pepper-ground_100g;ALT_white-pepper-ground_100g,natco_white-pepper-ground-jar.jpg,natco_white-pepper-ground-jar.jpg,true
white-pepper-ground-jar,natco,100g,GEN_white-pepper-ground-jar_100g,GEN_white-pepper-ground-jar_100g;ALT_white-pepper-ground-jar_100g,natco_white-pepper-ground-jar.jpg,natco_white-pepper-ground-jar.jpg,true
yellow-mustard-seeds,natco,300g,GEN_yellow-mustard-seeds_300g,GEN_yellow-mustard-seeds_300g;ALT_yellow-mustard-seeds_300g,natco_yellow-mustard-seeds.jpg,natco_yellow-mustard-seeds.jpg,true
yellow-split-peas,natco,2kg,GEN_yellow-split-peas1_2kg,GEN_yellow-split-peas1_2kg;ALT_yellow-split-peas1_2kg,natco_yellow-split-peas-case.jpg,natco_yellow-split-peas-case.jpg,true
yellow-split-peas,natco,1kg,GEN_yellow-split-peas1_1kg,GEN_yellow-split-peas1_1kg;ALT_yellow-split-peas1_1kg,natco_yellow-split-peas-case.jpg,natco_yellow-split-peas-case.jpg,true
mango-pickle,national-foods,500g,GEN_national-mango-pickle_500g,GEN_national-mango-pickle_500g;ALT_national-mango-pickle_500g,national_mango-pickle.jpg,national_mango-pickle.jpg,true
mixed-pickle,national-foods,300g,GEN_national-mixed-pickle_300g,GEN_national-mixed-pickle_300g;ALT_national-mixed-pickle_300g,national_mixed-pickle.jpg,national_mixed-pickle.jpg,true
classic,nescafe,200g,GEN_nescafe-classic_200g,GEN_nescafe-classic_200g;ALT_nescafe-classic_200g,nescafe_classic.jpg,nescafe_classic.jpg,true
coconut-oil,parachute,500ml,GEN_parachute-coconut-oil_500ml,GEN_parachute-coconut-oil_500ml;ALT_parachute-coconut-oil_500ml,parachute-coconut-oil.jpg,parachute-coconut-oil.jpg,true
bourbon,parle,200g,GEN_parle-bourbon_200g,GEN_parle-bourbon_200g;ALT_parle-bourbon_200g,parle-bourbon.jpg,parle-bourbon.jpg,true
g-glucose-biscuits,parle,1kg,GEN_parle-g-glucose-biscuits_1kg,GEN_parle-g-glucose-biscuits_1kg;ALT_parle-g-glucose-biscuits_1kg,parle-g-glucose-biscuits.png,parle-g-glucose-biscuits.png,true
g-glucose-biscuits,parle,400g,GEN_parle-g-glucose-biscuits_400g,GEN_parle-g-glucose-biscuits_400g;ALT_parle-g-glucose-biscuits_400g,parle-g-glucose-biscuits.png,parle-g-glucose-biscuits.png,true
mango-bite,parle,40piece,GEN_parle-mango-bite-40-piece-bag_0,GEN_parle-mango-bite-40-piece-bag_0;ALT_parle-mango-bite-40-piece-bag_0,parle-mango-bite.jpg,parle-mango-bite.jpg,true
melody,parle,40piece,GEN_parle-melody-40-piece-bag_0,GEN_parle-melody-40-piece-bag_0;ALT_parle-melody-40-piece-bag_0,,,true
monaco-salted-crackers,parle,200g,GEN_parle-monaco-salted-crackers_200g,GEN_parle-monaco-salted-crackers_200g;ALT_parle-monaco-salted-crackers_200g,parle-monaco-salted-crackers.jpg,parle-monaco-salted-crackers.jpg,true
lime-pickle,pataks,283g,GEN_pataks-lime-pickle_283g,GEN_pataks-lime-pickle_283g;ALT_pataks-lime-pickle_283g,pataks-lime-pickle.jpg,pataks-lime-pickle.jpg,true
mango-chutney,pataks,340g,GEN_pataks-mango-chutney_340g,GEN_pataks-mango-chutney_340g;ALT_pataks-mango-chutney_340g,pataks-mango-chutney.jpg,pataks-mango-chutney.jpg,true
mixed-pickle,pataks,283g,GEN_pataks-mixed-pickle_283g,GEN_pataks-mixed-pickle_283g;ALT_pataks-mixed-pickle_283g,pataks-mixed-pickle.jpg,pataks-mixed-pickle.jpg,true
tikka-masala-paste,pataks,290g,GEN_pataks-tikka-masala-paste_290g,GEN_pataks-tikka-masala-paste_290g;ALT_pataks-tikka-masala-paste_290g,pataks-tikka-masala-paste.jpg,pataks-tikka-masala-paste.jpg,true
chakki-fresh-atta,pillsbury,10kg,GEN_pillsbury-chakki-fresh-atta_10kg,GEN_pillsbury-chakki-fresh-atta_10kg;ALT_pillsbury-chakki-fresh-atta_10kg,pillsbury-chakki-fresh-atta.jpg,pillsbury-chakki-fresh-atta.jpg,true
chakki-fresh-atta,pillsbury,5kg,GEN_pillsbury-chakki-fresh-atta_5kg,GEN_pillsbury-chakki-fresh-atta_5kg;ALT_pillsbury-chakki-fresh-atta_5kg,pillsbury-chakki-fresh-atta.jpg,pillsbury-chakki-fresh-atta.jpg,true
avakaya-mango-pickle,priya,500g,GEN_priya-avakaya-mango-pickle_500g,GEN_priya-avakaya-mango-pickle_500g;ALT_priya-avakaya-mango-pickle_500g,priya-avakaya-mango-pickle.png,priya-avakaya-mango-pickle.png,true
garlic-pickle,priya,300g,GEN_priya-garlic-pickle_300g,GEN_priya-garlic-pickle_300g;ALT_priya-garlic-pickle_300g,priya-garlic-pickle.jpg,priya-garlic-pickle.jpg,true
gongura-mutton-pickle,priya,300g,GEN_priya-gongura-mutton-pickle_300g,GEN_priya-gongura-mutton-pickle_300g;ALT_priya-gongura-mutton-pickle_300g,priya_gongura-mutton.jpg,priya_gongura-mutton.jpg,true
gongura-pickle,priya,300g,GEN_priya-gongura-pickle_300g,GEN_priya-gongura-pickle_300g;ALT_priya-gongura-pickle_300g,priya-gongura-pickle.jpg,priya-gongura-pickle.jpg,true
lemon-pickle,priya,500g,GEN_priya-lemon-pickle_500g,GEN_priya-lemon-pickle_500g;ALT_priya-lemon-pickle_500g,priya_lemon-pickle.jpg,priya_lemon-pickle.jpg,true
tomato-pickle,priya,300g,GEN_priya-tomato-pickle_300g,GEN_priya-tomato-pickle_300g;ALT_priya-tomato-pickle_300g,priya-tomato-pickle.jpg,priya-tomato-pickle.jpg,true
mango-concentrate,rasna,750ml,GEN_rasna-mango-concentrate_750ml,GEN_rasna-mango-concentrate_750ml;ALT_rasna-mango-concentrate_750ml,rasna_mango-concentrate.jpg,rasna_mango-concentrate.jpg,true
achar-gosht-masala,shan,50g,GEN_shan-achar-gosht-masala_50g,GEN_shan-achar-gosht-masala_50g;ALT_shan-achar-gosht-masala_50g,shan-achar-gosht-masala.png,shan-achar-gosht-masala.png,true
bombay-biryani-mix,shan,60g,GEN_shan-bombay-biryani-mix_60g,GEN_shan-bombay-biryani-mix_60g;ALT_shan-bombay-biryani-mix_60g,shan-bombay-biryani-mix.png,shan-bombay-biryani-mix.png,true
haleem-mix,shan,300g,GEN_shan-haleem-mix_300g,GEN_shan-haleem-mix_300g;ALT_shan-haleem-mix_300g,shan-haleem-mix.png,shan-haleem-mix.png,true
pilau-rice-mix,shan,50g,GEN_shan-pilau-rice-mix_50g,GEN_shan-pilau-rice-mix_50g;ALT_shan-pilau-rice-mix_50g,shan-pilau-rice-mix.png,shan-pilau-rice-mix.png,true
sindhi-biryani-mix,shan,65g,GEN_shan-sindhi-biryani-mix_65g,GEN_shan-sindhi-biryani-mix_65g;ALT_shan-sindhi-biryani-mix_65g,shan-sindhi-biryani-mix.png,shan-sindhi-biryani-mix.png,true
special-beef-biryani-mix,shan,60g,GEN_shan-special-beef-biryani-mix_60g,GEN_shan-special-beef-biryani-mix_60g;ALT_shan-special-beef-biryani-mix_60g,shan-special-beef-biryani-mix.jpg,shan-special-beef-biryani-mix.jpg,true
special-chicken-biryani-mix,shan,60g,GEN_shan-special-chicken-biryani-mix_60g,GEN_shan-special-chicken-biryani-mix_60g;ALT_shan-special-chicken-biryani-mix_60g,shan-special-chicken-biryani-mix.jpg,shan-special-chicken-biryani-mix.jpg,true
special-mutton-biryani-mix,shan,60g,GEN_shan-special-mutton-biryani-mix_60g,GEN_shan-special-mutton-biryani-mix_60g;ALT_shan-special-mutton-biryani-mix_60g,shan-special-mutton-biryani-mix.jpg,shan-special-mutton-biryani-mix.jpg,true
tea,tata-gold,500g,GEN_tata-gold-tea_500g,GEN_tata-gold-tea_500g;ALT_tata-gold-tea_500g,tata-gold_tea.jpg,tata-gold_tea.jpg,true
tea,tata-gold,1kg,GEN_tata-gold-tea_1kg,GEN_tata-gold-tea_1kg;ALT_tata-gold-tea_1kg,tata-gold_tea.jpg,tata-gold_tea.jpg,true
pure-basmati,tilda,2kg,GEN_tilda-pure-basmati_2kg,GEN_tilda-pure-basmati_2kg;ALT_tilda-pure-basmati_2kg,tilda-pure-basmati.jpg,tilda-pure-basmati.jpg,true
pure-basmati,tilda,5kg,GEN_tilda-pure-basmati_5kg,GEN_tilda-pure-basmati_5kg;ALT_tilda-pure-basmati_5kg,tilda-pure-basmati.jpg,tilda-pure-basmati.jpg,true
pure-basmati,tilda,10kg,GEN_tilda-pure-basmati_10kg,GEN_tilda-pure-basmati_10kg;ALT_tilda-pure-basmati_10kg,tilda-pure-basmati.jpg,tilda-pure-basmati.jpg,true
coarse-black-pepper,trs,1kg,GEN_trs-coarse-black-pepper_1kg,GEN_trs-coarse-black-pepper_1kg;ALT_trs-coarse-black-pepper_1kg,trs_coarse-black-pepper.png,trs_coarse-black-pepper.png,true
coarse-black-pepper,trs,400g,GEN_trs-coarse-black-pepper_400g,GEN_trs-coarse-black-pepper_400g;ALT_trs-coarse-black-pepper_400g,trs_coarse-black-pepper.png,trs_coarse-black-pepper.png,true
coarse-black-pepper,trs,100g,GEN_trs-coarse-black-pepper_100g,GEN_trs-coarse-black-pepper_100g;ALT_trs-coarse-black-pepper_100g,trs_coarse-black-pepper.png,trs_coarse-black-pepper.png,true
coarse-cornmeal,trs,500g,GEN_trs-coarse-cornmeal_500g,GEN_trs-coarse-cornmeal_500g;ALT_trs-coarse-cornmeal_500g,trs_coarse-cornmeal.png,trs_coarse-cornmeal.png,true
coarse-cornmeal,trs,5kg,GEN_trs-coarse-cornmeal_5kg,GEN_trs-coarse-cornmeal_5kg;ALT_trs-coarse-cornmeal_5kg,trs_coarse-cornmeal.png,trs_coarse-cornmeal.png,true
coarse-cornmeal,trs,1-5kg,GEN_trs-coarse-cornmeal_1.5kg,GEN_trs-coarse-cornmeal_1.5kg;ALT_trs-coarse-cornmeal_1.5kg,trs_coarse-cornmeal.png,trs_coarse-cornmeal.png,true
coarse-semolina,trs,500g,GEN_trs-coarse-semolina_500g,GEN_trs-coarse-semolina_500g;ALT_trs-coarse-semolina_500g,trs_coarse-semolina.png,trs_coarse-semolina.png,true
coarse-semolina,trs,5kg,GEN_trs-coarse-semolina_5kg,GEN_trs-coarse-semolina_5kg;ALT_trs-coarse-semolina_5kg,trs_coarse-semolina.png,trs_coarse-semolina.png,true
coarse-semolina,trs,1-5kg,GEN_trs-coarse-semolina_1.5kg,GEN_trs-coarse-semolina_1.5kg;ALT_trs-coarse-semolina_1.5kg,trs_coarse-semolina.png,trs_coarse-semolina.png,true
coriander-powder-dhania,trs,1kg,GEN_trs-coriander-powder-dhania_1kg,GEN_trs-coriander-powder-dhania_1kg;ALT_trs-coriander-powder-dhania_1kg,trs_coriander-powder-dhania.png,trs_coriander-powder-dhania.png,true
coriander-powder-dhania,trs,200g,GEN_trs-coriander-powder-dhania_200g,GEN_trs-coriander-powder-dhania_200g;ALT_trs-coriander-powder-dhania_200g,trs_coriander-powder-dhania.png,trs_coriander-powder-dhania.png,true
coriander-powder-dhania,trs,400g,GEN_trs-coriander-powder-dhania_400g,GEN_trs-coriander-powder-dhania_400g;ALT_trs-coriander-powder-dhania_400g,trs_coriander-powder-dhania.png,trs_coriander-powder-dhania.png,true
coriander-powder-dhania,trs,5kg,GEN_trs-coriander-powder-dhania_5kg,GEN_trs-coriander-powder-dhania_5kg;ALT_trs-coriander-powder-dhania_5kg,trs_coriander-powder-dhania.png,trs_coriander-powder-dhania.png,true
coriander-powder-dhania,trs,100g,GEN_trs-coriander-powder-dhania_100g,GEN_trs-coriander-powder-dhania_100g;ALT_trs-coriander-powder-dhania_100g,trs_coriander-powder-dhania.png,trs_coriander-powder-dhania.png,true
coriander-seeds-whole-dhania,trs,100g,GEN_trs-coriander-seeds-whole-dhania_100g,GEN_trs-coriander-seeds-whole-dhania_100g;ALT_trs-coriander-seeds-whole-dhania_100g,trs_coriander-seeds-whole-dhania.png,trs_coriander-seeds-whole-dhania.png,true
coriander-seeds-whole-dhania,trs,250g,GEN_trs-coriander-seeds-whole-dhania_250g,GEN_trs-coriander-seeds-whole-dhania_250g;ALT_trs-coriander-seeds-whole-dhania_250g,trs_coriander-seeds-whole-dhania.png,trs_coriander-seeds-whole-dhania.png,true
coriander-seeds-whole-dhania,trs,3kg,GEN_trs-coriander-seeds-whole-dhania_3kg,GEN_trs-coriander-seeds-whole-dhania_3kg;ALT_trs-coriander-seeds-whole-dhania_3kg,trs_coriander-seeds-whole-dhania.png,trs_coriander-seeds-whole-dhania.png,true
coriander-seeds-whole-dhania,trs,750g,GEN_trs-coriander-seeds-whole-dhania_750g,GEN_trs-coriander-seeds-whole-dhania_750g;ALT_trs-coriander-seeds-whole-dhania_750g,trs_coriander-seeds-whole-dhania.png,trs_coriander-seeds-whole-dhania.png,true
crushed-chilli,trs,100g,GEN_trs-crushed-chilli_100g,GEN_trs-crushed-chilli_100g;ALT_trs-crushed-chilli_100g,trs_crushed-chilli.png,trs_crushed-chilli.png,true
crushed-chilli,trs,250g,GEN_trs-crushed-chilli_250g,GEN_trs-crushed-chilli_250g;ALT_trs-crushed-chilli_250g,trs_crushed-chilli.png,trs_crushed-chilli.png,true
crushed-chilli,trs,750g,GEN_trs-crushed-chilli_750g,GEN_trs-crushed-chilli_750g;ALT_trs-crushed-chilli_750g,trs_crushed-chilli.png,trs_crushed-chilli.png,true
crushed-chilli,trs,3kg,GEN_trs-crushed-chilli_3kg,GEN_trs-crushed-chilli_3kg;ALT_trs-crushed-chilli_3kg,trs_crushed-chilli.png,trs_crushed-chilli.png,true
cumin-powder,trs,100g,GEN_trs-cumin-powder_100g,GEN_trs-cumin-powder_100g;ALT_trs-cumin-powder_100g,trs_cumin-powder.png,trs_cumin-powder.png,true
cumin-powder,trs,400g,GEN_trs-cumin-powder_400g,GEN_trs-cumin-powder_400g;ALT_trs-cumin-powder_400g,trs_cumin-powder.png,trs_cumin-powder.png,true
cumin-powder,trs,1kg,GEN_trs-cumin-powder_1kg,GEN_trs-cumin-powder_1kg;ALT_trs-cumin-powder_1kg,trs_cumin-powder.png,trs_cumin-powder.png,true
cumin-powder,trs,5kg,GEN_trs-cumin-powder_5kg,GEN_trs-cumin-powder_5kg;ALT_trs-cumin-powder_5kg,trs_cumin-powder.png,trs_cumin-powder.png,true
cumin-seeds,trs,100g,GEN_trs-cumin-seeds_100g,GEN_trs-cumin-seeds_100g;ALT_trs-cumin-seeds_100g,trs_cumin-seeds.png,trs_cumin-seeds.png,true
cumin-seeds,trs,1kg,GEN_trs-cumin-seeds_1kg,GEN_trs-cumin-seeds_1kg;ALT_trs-cumin-seeds_1kg,trs_cumin-seeds.png,trs_cumin-seeds.png,true
cumin-seeds,trs,400g,GEN_trs-cumin-seeds_400g,GEN_trs-cumin-seeds_400g;ALT_trs-cumin-seeds_400g,trs_cumin-seeds.png,trs_cumin-seeds.png,true
cumin-seeds,trs,4kg,GEN_trs-cumin-seeds_4kg,GEN_trs-cumin-seeds_4kg;ALT_trs-cumin-seeds_4kg,trs_cumin-seeds.png,trs_cumin-seeds.png,true
fennel-seeds,trs,100g,GEN_trs-fennel-seeds_100g,GEN_trs-fennel-seeds_100g;ALT_trs-fennel-seeds_100g,trs_fennel-seeds.png,trs_fennel-seeds.png,true
fennel-seeds,trs,1kg,GEN_trs-fennel-seeds_1kg,GEN_trs-fennel-seeds_1kg;ALT_trs-fennel-seeds_1kg,trs_fennel-seeds.png,trs_fennel-seeds.png,true
fennel-seeds,trs,400g,GEN_trs-fennel-seeds_400g,GEN_trs-fennel-seeds_400g;ALT_trs-fennel-seeds_400g,trs_fennel-seeds.png,trs_fennel-seeds.png,true
fenugreek-leaves,trs,100g,GEN_trs-fenugreek-leaves_100g,GEN_trs-fenugreek-leaves_100g;ALT_trs-fenugreek-leaves_100g,trs_fenugreek-leaves.png,trs_fenugreek-leaves.png,true
fenugreek-leaves,trs,1kg,GEN_trs-fenugreek-leaves_1kg,GEN_trs-fenugreek-leaves_1kg;ALT_trs-fenugreek-leaves_1kg,trs_fenugreek-leaves.png,trs_fenugreek-leaves.png,true
fenugreek-leaves,trs,300g,GEN_trs-fenugreek-leaves_300g,GEN_trs-fenugreek-leaves_300g;ALT_trs-fenugreek-leaves_300g,trs_fenugreek-leaves.png,trs_fenugreek-leaves.png,true
fenugreek-leaves,trs,50g,GEN_trs-fenugreek-leaves_50g,GEN_trs-fenugreek-leaves_50g;ALT_trs-fenugreek-leaves_50g,trs_fenugreek-leaves.png,trs_fenugreek-leaves.png,true
fenugreek-seeds,trs,50g,GEN_trs-fenugreek-seeds_50g,GEN_trs-fenugreek-seeds_50g;ALT_trs-fenugreek-seeds_50g,trs_fenugreek-seeds.png,trs_fenugreek-seeds.png,true
fenugreek-seeds,trs,100g,GEN_trs-fenugreek-seeds_100g,GEN_trs-fenugreek-seeds_100g;ALT_trs-fenugreek-seeds_100g,trs_fenugreek-seeds.png,trs_fenugreek-seeds.png,true
fenugreek-seeds,trs,300g,GEN_trs-fenugreek-seeds_300g,GEN_trs-fenugreek-seeds_300g;ALT_trs-fenugreek-seeds_300g,trs_fenugreek-seeds.png,trs_fenugreek-seeds.png,true
fenugreek-seeds,trs,1kg,GEN_trs-fenugreek-seeds_1kg,GEN_trs-fenugreek-seeds_1kg;ALT_trs-fenugreek-seeds_1kg,trs_fenugreek-seeds.png,trs_fenugreek-seeds.png,true
fine-desiccated-coconut,trs,300g,GEN_trs-fine-desiccated-coconut_300g,GEN_trs-fine-desiccated-coconut_300g;ALT_trs-fine-desiccated-coconut_300g,trs_fine-desiccated-coconut.png,trs_fine-desiccated-coconut.png,true
fine-desiccated-coconut,trs,1kg,GEN_trs-fine-desiccated-coconut_1kg,GEN_trs-fine-desiccated-coconut_1kg;ALT_trs-fine-desiccated-coconut_1kg,trs_fine-desiccated-coconut.png,trs_fine-desiccated-coconut.png,true
fine-semolina,trs,1-5kg,GEN_trs-fine-semolina_1.5kg,GEN_trs-fine-semolina_1.5kg;ALT_trs-fine-semolina_1.5kg,trs_fine-semolina.png,trs_fine-semolina.png,true
fine-semolina,trs,500g,GEN_trs-fine-semolina_500g,GEN_trs-fine-semolina_500g;ALT_trs-fine-semolina_500g,trs_fine-semolina.png,trs_fine-semolina.png,true
fine-semolina,trs,5kg,GEN_trs-fine-semolina_5kg,GEN_trs-fine-semolina_5kg;ALT_trs-fine-semolina_5kg,trs_fine-semolina.png,trs_fine-semolina.png,true
garam-masala,trs,100g,GEN_trs-garam-masala_100g,GEN_trs-garam-masala_100g;ALT_trs-garam-masala_100g,trs_garam-masala.png,trs_garam-masala.png,true
garam-masala,trs,200g,GEN_trs-garam-masala_200g,GEN_trs-garam-masala_200g;ALT_trs-garam-masala_200g,trs_garam-masala.png,trs_garam-masala.png,true
garam-masala,trs,400g,GEN_trs-garam-masala_400g,GEN_trs-garam-masala_400g;ALT_trs-garam-masala_400g,trs_garam-masala.png,trs_garam-masala.png,true
garam-masala,trs,500g,GEN_trs-garam-masala_500g,GEN_trs-garam-masala_500g;ALT_trs-garam-masala_500g,trs_garam-masala.png,trs_garam-masala.png,true
garam-masala,trs,1kg,GEN_trs-garam-masala_1kg,GEN_trs-garam-masala_1kg;ALT_trs-garam-masala_1kg,trs_garam-masala.png,trs_garam-masala.png,true
garam-masala,trs,5kg,GEN_trs-garam-masala_5kg,GEN_trs-garam-masala_5kg;ALT_trs-garam-masala_5kg,trs_garam-masala.png,trs_garam-masala.png,true
garlic-powder,trs,1kg,GEN_trs-garlic-powder_1kg,GEN_trs-garlic-powder_1kg;ALT_trs-garlic-powder_1kg,trs_garlic-powder.png,trs_garlic-powder.png,true
garlic-powder,trs,400g,GEN_trs-garlic-powder_400g,GEN_trs-garlic-powder_400g;ALT_trs-garlic-powder_400g,trs_garlic-powder.png,trs_garlic-powder.png,true
garlic-powder,trs,100g,GEN_trs-garlic-powder_100g,GEN_trs-garlic-powder_100g;ALT_trs-garlic-powder_100g,trs_garlic-powder.png,trs_garlic-powder.png,true
ginger-paste,trs,300g,GEN_trs-ginger-paste_300g,GEN_trs-ginger-paste_300g;ALT_trs-ginger-paste_300g,trs_ginger-paste.png,trs_ginger-paste.png,true
ginger-paste,trs,1kg,GEN_trs-ginger-paste_1kg,GEN_trs-ginger-paste_1kg;ALT_trs-ginger-paste_1kg,trs_ginger-paste.png,trs_ginger-paste.png,true
ginger-powder,trs,100g,GEN_trs-ginger-powder_100g,GEN_trs-ginger-powder_100g;ALT_trs-ginger-powder_100g,trs_ginger-powder.png,trs_ginger-powder.png,true
ginger-powder,trs,400g,GEN_trs-ginger-powder_400g,GEN_trs-ginger-powder_400g;ALT_trs-ginger-powder_400g,trs_ginger-powder.png,trs_ginger-powder.png,true
ginger-powder,trs,1kg,GEN_trs-ginger-powder_1kg,GEN_trs-ginger-powder_1kg;ALT_trs-ginger-powder_1kg,trs_ginger-powder.png,trs_ginger-powder.png,true
green-cardamom,trs,200g,GEN_trs-green-cardamom_200g,GEN_trs-green-cardamom_200g;ALT_trs-green-cardamom_200g,trs_green-cardamom.png,trs_green-cardamom.png,true
green-cardamom,trs,50g,GEN_trs-green-cardamom_50g,GEN_trs-green-cardamom_50g;ALT_trs-green-cardamom_50g,trs_green-cardamom.png,trs_green-cardamom.png,true
green-cardamom,trs,750g,GEN_trs-green-cardamom_750g,GEN_trs-green-cardamom_750g;ALT_trs-green-cardamom_750g,trs_green-cardamom.png,trs_green-cardamom.png,true
green-lentils,trs,500g,GEN_trs-green-lentils_500g,GEN_trs-green-lentils_500g;ALT_trs-green-lentils_500g,trs_green-lentils.png,trs_green-lentils.png,true
green-lentils,trs,1kg,GEN_trs-green-lentils_1kg,GEN_trs-green-lentils_1kg;ALT_trs-green-lentils_1kg,trs_green-lentils.png,trs_green-lentils.png,true
green-lentils,trs,2kg,GEN_trs-green-lentils_2kg,GEN_trs-green-lentils_2kg;ALT_trs-green-lentils_2kg,trs_green-lentils.png,trs_green-lentils.png,true
ground-rice,trs,1-5kg,GEN_trs-ground-rice_1.5kg,GEN_trs-ground-rice_1.5kg;ALT_trs-ground-rice_1.5kg,trs_ground-rice.png,trs_ground-rice.png,true
ground-rice,trs,500g,GEN_trs-ground-rice_500g,GEN_trs-ground-rice_500g;ALT_trs-ground-rice_500g,trs_ground-rice.png,trs_ground-rice.png,true
ground-rice,trs,5kg,GEN_trs-ground-rice_5kg,GEN_trs-ground-rice_5kg;ALT_trs-ground-rice_5kg,trs_ground-rice.png,trs_ground-rice.png,true
hot-madras-curry,trs,100g,GEN_trs-hot-madras-curry_100g,GEN_trs-hot-madras-curry_100g;ALT_trs-hot-madras-curry_100g,trs_hot-madras-curry.png,trs_hot-madras-curry.png,true
hot-madras-curry,trs,400g,GEN_trs-hot-madras-curry_400g,GEN_trs-hot-madras-curry_400g;ALT_trs-hot-madras-curry_400g,trs_hot-madras-curry.png,trs_hot-madras-curry.png,true
mild-madras-curry-powder,trs,2kg,GEN_trs-mild-madras-curry-powder_2kg,GEN_trs-mild-madras-curry-powder_2kg;ALT_trs-mild-madras-curry-powder_2kg,trs_mild-madras-curry-powder.png,trs_mild-madras-curry-powder.png,true
mild-madras-curry-powder,trs,400g,GEN_trs-mild-madras-curry-powder_400g,GEN_trs-mild-madras-curry-powder_400g;ALT_trs-mild-madras-curry-powder_400g,trs_mild-madras-curry-powder.png,trs_mild-madras-curry-powder.png,true
mild-madras-curry-powder,trs,500g,GEN_trs-mild-madras-curry-powder_500g,GEN_trs-mild-madras-curry-powder_500g;ALT_trs-mild-madras-curry-powder_500g,trs_mild-madras-curry-powder.png,trs_mild-madras-curry-powder.png,true
mild-madras-curry-powder,trs,5kg,GEN_trs-mild-madras-curry-powder_5kg,GEN_trs-mild-madras-curry-powder_5kg;ALT_trs-mild-madras-curry-powder_5kg,trs_mild-madras-curry-powder.png,trs_mild-madras-curry-powder.png,true
mild-madras-curry-powder,trs,1kg,GEN_trs-mild-madras-curry-powder_1kg,GEN_trs-mild-madras-curry-powder_1kg;ALT_trs-mild-madras-curry-powder_1kg,trs_mild-madras-curry-powder.png,trs_mild-madras-curry-powder.png,true
moth-beans,trs,1kg,GEN_trs-moth-beans_1kg,GEN_trs-moth-beans_1kg;ALT_trs-moth-beans_1kg,trs_moth-beans.png,trs_moth-beans.png,true
moth-beans,trs,2kg,GEN_trs-moth-beans_2kg,GEN_trs-moth-beans_2kg;ALT_trs-moth-beans_2kg,trs_moth-beans.png,trs_moth-beans.png,true
moth-beans,trs,500g,GEN_trs-moth-beans_500g,GEN_trs-moth-beans_500g;ALT_trs-moth-beans_500g,trs_moth-beans.png,trs_moth-beans.png,true
mung-beans,trs,2kg,GEN_trs-mung-beans_2kg,GEN_trs-mung-beans_2kg;ALT_trs-mung-beans_2kg,trs_mung-beans.png,trs_mung-beans.png,true
mung-beans,trs,500g,GEN_trs-mung-beans_500g,GEN_trs-mung-beans_500g;ALT_trs-mung-beans_500g,trs_mung-beans.png,trs_mung-beans.png,true
mung-beans,trs,1kg,GEN_trs-mung-beans_1kg,GEN_trs-mung-beans_1kg;ALT_trs-mung-beans_1kg,trs_mung-beans.png,trs_mung-beans.png,true
mung-beans,trs,5kg,GEN_trs-mung-beans_5kg,GEN_trs-mung-beans_5kg;ALT_trs-mung-beans_5kg,trs_mung-beans.png,trs_mung-beans.png,true
mung-dal,trs,500g,GEN_trs-mung-dal_500g,GEN_trs-mung-dal_500g;ALT_trs-mung-dal_500g,trs_mung-dal.png,trs_mung-dal.png,true
mung-dal,trs,1kg,GEN_trs-mung-dal_1kg,GEN_trs-mung-dal_1kg;ALT_trs-mung-dal_1kg,trs_mung-dal.png,trs_mung-dal.png,true
mung-dal,trs,2kg,GEN_trs-mung-dal_2kg,GEN_trs-mung-dal_2kg;ALT_trs-mung-dal_2kg,trs_mung-dal.png,trs_mung-dal.png,true
mung-dal,trs,5kg,GEN_trs-mung-dal_5kg,GEN_trs-mung-dal_5kg;ALT_trs-mung-dal_5kg,trs_mung-dal.png,trs_mung-dal.png,true
mung-dal,trs,25kg,GEN_trs-mung-dal_25kg,GEN_trs-mung-dal_25kg;ALT_trs-mung-dal_25kg,trs_mung-dal.png,trs_mung-dal.png,true
mung-dal-chilka-split-green-peas,trs,1kg,GEN_trs-mung-dal-chilka-split-green-peas_1kg,GEN_trs-mung-dal-chilka-split-green-peas_1kg;ALT_trs-mung-dal-chilka-split-green-peas_1kg,trs_mung-dal-chilka-split-green-peas.png,trs_mung-dal-chilka-split-green-peas.png,true
mung-dal-chilka-split-green-peas,trs,2kg,GEN_trs-mung-dal-chilka-split-green-peas_2kg,GEN_trs-mung-dal-chilka-split-green-peas_2kg;ALT_trs-mung-dal-chilka-split-green-peas_2kg,trs_mung-dal-chilka-split-green-peas.png,trs_mung-dal-chilka-split-green-peas.png,true
mung-dal-chilka-split-green-peas,trs,500g,GEN_trs-mung-dal-chilka-split-green-peas_500g,GEN_trs-mung-dal-chilka-split-green-peas_500g;ALT_trs-mung-dal-chilka-split-green-peas_500g,trs_mung-dal-chilka-split-green-peas.png,trs_mung-dal-chilka-split-green-peas.png,true
paprika-powder,trs,100g,GEN_trs-paprika-powder_100g,GEN_trs-paprika-powder_100g;ALT_trs-paprika-powder_100g,trs_paprika-powder.png,trs_paprika-powder.png,true
paprika-powder,trs,1kg,GEN_trs-paprika-powder_1kg,GEN_trs-paprika-powder_1kg;ALT_trs-paprika-powder_1kg,trs_paprika-powder.png,trs_paprika-powder.png,true
paprika-powder,trs,400g,GEN_trs-paprika-powder_400g,GEN_trs-paprika-powder_400g;ALT_trs-paprika-powder_400g,trs_paprika-powder.png,trs_paprika-powder.png,true
paprika-powder,trs,5kg,GEN_trs-paprika-powder_5kg,GEN_trs-paprika-powder_5kg;ALT_trs-paprika-powder_5kg,trs_paprika-powder.png,trs_paprika-powder.png,true
popcorn,trs,2kg,GEN_trs-popcorn_2kg,GEN_trs-popcorn_2kg;ALT_trs-popcorn_2kg,trs_popcorn.png,trs_popcorn.png,true
popcorn,trs,500g,GEN_trs-popcorn_500g,GEN_trs-popcorn_500g;ALT_trs-popcorn_500g,trs_popcorn.png,trs_popcorn.png,true
puffed-lotus-seeds-makhana,trs,100g,GEN_trs-puffed-lotus-seeds-makhana_100g,GEN_trs-puffed-lotus-seeds-makhana_100g;ALT_trs-puffed-lotus-seeds-makhana_100g,trs-puffed-lotus-seeds-makhana.jpg,trs-puffed-lotus-seeds-makhana.jpg,true
pure-gram-flour,trs,1kg,GEN_trs-pure-gram-flour_1kg,GEN_trs-pure-gram-flour_1kg;ALT_trs-pure-gram-flour_1kg,trs_pure-gram-flour.jpg,trs_pure-gram-flour.jpg,true
pure-gram-flour,trs,20kg,GEN_trs-pure-gram-flour_20kg,GEN_trs-pure-gram-flour_20kg;ALT_trs-pure-gram-flour_20kg,trs_pure-gram-flour.jpg,trs_pure-gram-flour.jpg,true
pure-gram-flour,trs,2kg,GEN_trs-pure-gram-flour_2kg,GEN_trs-pure-gram-flour_2kg;ALT_trs-pure-gram-flour_2kg,trs_pure-gram-flour.jpg,trs_pure-gram-flour.jpg,true
red-adzuki-beans-red-cow-peas,trs,500g,GEN_trs-red-adzuki-beans-red-cow-peas_500g,GEN_trs-red-adzuki-beans-red-cow-peas_500g;ALT_trs-red-adzuki-beans-red-cow-peas_500g,trs_red-adzuki-beans-red-cow-peas.png,trs_red-adzuki-beans-red-cow-peas.png,true
red-adzuki-beans-red-cow-peas,trs,2kg,GEN_trs-red-adzuki-beans-red-cow-peas_2kg,GEN_trs-red-adzuki-beans-red-cow-peas_2kg;ALT_trs-red-adzuki-beans-red-cow-peas_2kg,trs_red-adzuki-beans-red-cow-peas.png,trs_red-adzuki-beans-red-cow-peas.png,true
red-kidney-beans,trs,1kg,GEN_trs-red-kidney-beans_1kg,GEN_trs-red-kidney-beans_1kg;ALT_trs-red-kidney-beans_1kg,trs_red-kidney-beans.png,trs_red-kidney-beans.png,true
red-kidney-beans,trs,2kg,GEN_trs-red-kidney-beans_2kg,GEN_trs-red-kidney-beans_2kg;ALT_trs-red-kidney-beans_2kg,trs_red-kidney-beans.png,trs_red-kidney-beans.png,true
red-kidney-beans,trs,500g,GEN_trs-red-kidney-beans_500g,GEN_trs-red-kidney-beans_500g;ALT_trs-red-kidney-beans_500g,trs_red-kidney-beans.png,trs_red-kidney-beans.png,true
red-kidney-beans,trs,5kg,GEN_trs-red-kidney-beans_5kg,GEN_trs-red-kidney-beans_5kg;ALT_trs-red-kidney-beans_5kg,trs_red-kidney-beans.png,trs_red-kidney-beans.png,true
red-kidney-beans,trs,400g,GEN_trs-red-kidney-beans_400g,GEN_trs-red-kidney-beans_400g;ALT_trs-red-kidney-beans_400g,trs_red-kidney-beans.png,trs_red-kidney-beans.png,true
red-split-lentils,trs,2kg,GEN_trs-red-split-lentils_2kg,GEN_trs-red-split-lentils_2kg;ALT_trs-red-split-lentils_2kg,trs_red-split-lentils.png,trs_red-split-lentils.png,true
red-split-lentils,trs,500g,GEN_trs-red-split-lentils_500g,GEN_trs-red-split-lentils_500g;ALT_trs-red-split-lentils_500g,trs_red-split-lentils.png,trs_red-split-lentils.png,true
red-split-lentils,trs,1kg,GEN_trs-red-split-lentils_1kg,GEN_trs-red-split-lentils_1kg;ALT_trs-red-split-lentils_1kg,trs_red-split-lentils.png,trs_red-split-lentils.png,true
red-split-lentils,trs,5kg,GEN_trs-red-split-lentils_5kg,GEN_trs-red-split-lentils_5kg;ALT_trs-red-split-lentils_5kg,trs_red-split-lentils.png,trs_red-split-lentils.png,true
rosecoco-beans,trs,25kg,GEN_trs-rosecoco-beans_25kg,GEN_trs-rosecoco-beans_25kg;ALT_trs-rosecoco-beans_25kg,trs_rosecoco-beans.png,trs_rosecoco-beans.png,true
rosecoco-beans,trs,2kg,GEN_trs-rosecoco-beans_2kg,GEN_trs-rosecoco-beans_2kg;ALT_trs-rosecoco-beans_2kg,trs_rosecoco-beans.png,trs_rosecoco-beans.png,true
rosecoco-beans,trs,500g,GEN_trs-rosecoco-beans_500g,GEN_trs-rosecoco-beans_500g;ALT_trs-rosecoco-beans_500g,trs_rosecoco-beans.png,trs_rosecoco-beans.png,true
sarson-ka-saag-spiced-mustard-greens-curry,trs,850g,GEN_trs-sarson-ka-saag-spiced-mustard-greens-curry_850g,GEN_trs-sarson-ka-saag-spiced-mustard-greens-curry_850g;ALT_trs-sarson-ka-saag-spiced-mustard-greens-curry_850g,trs_sarson-ka-saag-spiced-mustard-greens-curry.png,trs_sarson-ka-saag-spiced-mustard-greens-curry.png,true
sarson-ka-saag-spiced-mustard-greens-curry,trs,450g,GEN_trs-sarson-ka-saag-spiced-mustard-greens-curry_450g,GEN_trs-sarson-ka-saag-spiced-mustard-greens-curry_450g;ALT_trs-sarson-ka-saag-spiced-mustard-greens-curry_450g,trs_sarson-ka-saag-spiced-mustard-greens-curry.png,trs_sarson-ka-saag-spiced-mustard-greens-curry.png,true
tapioca-pearls,trs,1-5kg,GEN_trs-tapioca-pearls_1.5kg,GEN_trs-tapioca-pearls_1.5kg;ALT_trs-tapioca-pearls_1.5kg,trs_tapioca-pearls.png,trs_tapioca-pearls.png,true
tapioca-pearls,trs,500g,GEN_trs-tapioca-pearls_500g,GEN_trs-tapioca-pearls_500g;ALT_trs-tapioca-pearls_500g,trs_tapioca-pearls.png,trs_tapioca-pearls.png,true
toor-dal,trs,500g,GEN_trs-toor-dal_500g,GEN_trs-toor-dal_500g;ALT_trs-toor-dal_500g,trs_toor-dal.png,trs_toor-dal.png,true
toor-dal,trs,1kg,GEN_trs-toor-dal_1kg,GEN_trs-toor-dal_1kg;ALT_trs-toor-dal_1kg,trs_toor-dal.png,trs_toor-dal.png,true
toor-dal,trs,25kg,GEN_trs-toor-dal_25kg,GEN_trs-toor-dal_25kg;ALT_trs-toor-dal_25kg,trs_toor-dal.png,trs_toor-dal.png,true
toor-dal,trs,2kg,GEN_trs-toor-dal_2kg,GEN_trs-toor-dal_2kg;ALT_trs-toor-dal_2kg,trs_toor-dal.png,trs_toor-dal.png,true
tumeric-powder,trs,100g,GEN_trs-tumeric-powder_100g,GEN_trs-tumeric-powder_100g;ALT_trs-tumeric-powder_100g,trs_tumeric-powder.png,trs_tumeric-powder.png,true
tumeric-powder,trs,400g,GEN_trs-tumeric-powder_400g,GEN_trs-tumeric-powder_400g;ALT_trs-tumeric-powder_400g,trs_tumeric-powder.png,trs_tumeric-powder.png,true
tumeric-powder,trs,1kg,GEN_trs-tumeric-powder_1kg,GEN_trs-tumeric-powder_1kg;ALT_trs-tumeric-powder_1kg,trs_tumeric-powder.png,trs_tumeric-powder.png,true
tumeric-powder,trs,5kg,GEN_trs-tumeric-powder_5kg,GEN_trs-tumeric-powder_5kg;ALT_trs-tumeric-powder_5kg,trs_tumeric-powder.png,trs_tumeric-powder.png,true
urid-beans,trs,500g,GEN_trs-urid-beans_500g,GEN_trs-urid-beans_500g;ALT_trs-urid-beans_500g,trs_urid-beans.png,trs_urid-beans.png,true
urid-beans,trs,1kg,GEN_trs-urid-beans_1kg,GEN_trs-urid-beans_1kg;ALT_trs-urid-beans_1kg,trs_urid-beans.png,trs_urid-beans.png,true
urid-beans,trs,2kg,GEN_trs-urid-beans_2kg,GEN_trs-urid-beans_2kg;ALT_trs-urid-beans_2kg,trs_urid-beans.png,trs_urid-beans.png,true
urid-beans,trs,5kg,GEN_trs-urid-beans_5kg,GEN_trs-urid-beans_5kg;ALT_trs-urid-beans_5kg,trs_urid-beans.png,trs_urid-beans.png,true
urid-beans,trs,25kg,GEN_trs-urid-beans_25kg,GEN_trs-urid-beans_25kg;ALT_trs-urid-beans_25kg,trs_urid-beans.png,trs_urid-beans.png,true
urid-dal,trs,500g,GEN_trs-urid-dal_500g,GEN_trs-urid-dal_500g;ALT_trs-urid-dal_500g,trs_urid-dal.png,trs_urid-dal.png,true
urid-dal,trs,1kg,GEN_trs-urid-dal_1kg,GEN_trs-urid-dal_1kg;ALT_trs-urid-dal_1kg,trs_urid-dal.png,trs_urid-dal.png,true
urid-dal,trs,2kg,GEN_trs-urid-dal_2kg,GEN_trs-urid-dal_2kg;ALT_trs-urid-dal_2kg,trs_urid-dal.png,trs_urid-dal.png,true
urid-dal,trs,5kg,GEN_trs-urid-dal_5kg,GEN_trs-urid-dal_5kg;ALT_trs-urid-dal_5kg,trs_urid-dal.png,trs_urid-dal.png,true
urid-dal-chilka,trs,500g,GEN_trs-urid-dal-chilka_500g,GEN_trs-urid-dal-chilka_500g;ALT_trs-urid-dal-chilka_500g,trs_urid-dal-chilka.png,trs_urid-dal-chilka.png,true
urid-dal-chilka,trs,1kg,GEN_trs-urid-dal-chilka_1kg,GEN_trs-urid-dal-chilka_1kg;ALT_trs-urid-dal-chilka_1kg,trs_urid-dal-chilka.png,trs_urid-dal-chilka.png,true
urid-dal-chilka,trs,2kg,GEN_trs-urid-dal-chilka_2kg,GEN_trs-urid-dal-chilka_2kg;ALT_trs-urid-dal-chilka_2kg,trs_urid-dal-chilka.png,trs_urid-dal-chilka.png,true
urid-whole-gota,trs,500g,GEN_trs-urid-whole-gota_500g,GEN_trs-urid-whole-gota_500g;ALT_trs-urid-whole-gota_500g,trs_urid-whole-gota.png,trs_urid-whole-gota.png,true
urid-whole-gota,trs,1kg,GEN_trs-urid-whole-gota_1kg,GEN_trs-urid-whole-gota_1kg;ALT_trs-urid-whole-gota_1kg,trs_urid-whole-gota.png,trs_urid-whole-gota.png,true
urid-whole-gota,trs,2kg,GEN_trs-urid-whole-gota_2kg,GEN_trs-urid-whole-gota_2kg;ALT_trs-urid-whole-gota_2kg,trs_urid-whole-gota.png,trs_urid-whole-gota.png,true
urid-whole-gota,trs,5kg,GEN_trs-urid-whole-gota_5kg,GEN_trs-urid-whole-gota_5kg;ALT_trs-urid-whole-gota_5kg,trs_urid-whole-gota.png,trs_urid-whole-gota.png,true
white-maize-meal,trs,1-5kg,GEN_trs-white-maize-meal_1.5kg,GEN_trs-white-maize-meal_1.5kg;ALT_trs-white-maize-meal_1.5kg,trs_white-maize-meal.png,trs_white-maize-meal.png,true
white-maize-meal,trs,5kg,GEN_trs-white-maize-meal_5kg,GEN_trs-white-maize-meal_5kg;ALT_trs-white-maize-meal_5kg,trs_white-maize-meal.png,trs_white-maize-meal.png,true
white-maize-meal,trs,500g,GEN_trs-white-maize-meal_500g,GEN_trs-white-maize-meal_500g;ALT_trs-white-maize-meal_500g,trs_white-maize-meal.png,trs_white-maize-meal.png,true
whole-cinnamon-dalchini,trs,1-5kg,GEN_trs-whole-cinnamon-dalchini_1.5kg,GEN_trs-whole-cinnamon-dalchini_1.5kg;ALT_trs-whole-cinnamon-dalchini_1.5kg,trs_whole-cinnamon-dalchini.png,trs_whole-cinnamon-dalchini.png,true
whole-cinnamon-dalchini,trs,200g,GEN_trs-whole-cinnamon-dalchini_200g,GEN_trs-whole-cinnamon-dalchini_200g;ALT_trs-whole-cinnamon-dalchini_200g,trs_whole-cinnamon-dalchini.png,trs_whole-cinnamon-dalchini.png,true
whole-cinnamon-dalchini,trs,50g,GEN_trs-whole-cinnamon-dalchini_50g,GEN_trs-whole-cinnamon-dalchini_50g;ALT_trs-whole-cinnamon-dalchini_50g,trs_whole-cinnamon-dalchini.png,trs_whole-cinnamon-dalchini.png,true
whole-cinnamon-dalchini,trs,400g,GEN_trs-whole-cinnamon-dalchini_400g,GEN_trs-whole-cinnamon-dalchini_400g;ALT_trs-whole-cinnamon-dalchini_400g,trs_whole-cinnamon-dalchini.png,trs_whole-cinnamon-dalchini.png,true
yellow-peas,trs,500g,GEN_trs-yellow-peas_500g,GEN_trs-yellow-peas_500g;ALT_trs-yellow-peas_500g,trs_yellow-peas.png,trs_yellow-peas.png,true
yellow-peas,trs,2kg,GEN_trs-yellow-peas_2kg,GEN_trs-yellow-peas_2kg;ALT_trs-yellow-peas_2kg,trs_yellow-peas.png,trs_yellow-peas.png,true
yellow-split-peas,trs,2kg,GEN_trs-yellow-split-peas_2kg,GEN_trs-yellow-split-peas_2kg;ALT_trs-yellow-split-peas_2kg,trs_yellow-split-peas.png,trs_yellow-split-peas.png,true
yellow-split-peas,trs,500g,GEN_trs-yellow-split-peas_500g,GEN_trs-yellow-split-peas_500g;ALT_trs-yellow-split-peas_500g,trs_yellow-split-peas.png,trs_yellow-split-peas.png,true
chilli-powder-hot,trs,200g,GEN_trs-chilli-powder-hot_200g,GEN_trs-chilli-powder-hot_200g;ALT_trs-chilli-powder-hot_200g,trs-chilli-powder-hot.jpg,trs-chilli-powder-hot.jpg,true
coconut-milk,trs,400ml,GEN_trs-coconut-milk_400ml,GEN_trs-coconut-milk_400ml;ALT_trs-coconut-milk_400ml,trs-coconut-milk.jpg,trs-coconut-milk.jpg,true
dark-red-kidney-beans,trs,1kg,GEN_trs-dark-red-kidney-beans_1kg,GEN_trs-dark-red-kidney-beans_1kg;ALT_trs-dark-red-kidney-beans_1kg,trs-dark-red-kidney-beans.png,trs-dark-red-kidney-beans.png,true
garlic-paste,trs,300g,GEN_trs-garlic-paste_300g,GEN_trs-garlic-paste_300g;ALT_trs-garlic-paste_300g,trs-garlic-paste.jpg,trs-garlic-paste.jpg,true
ginger-garlic-paste,trs,1kg,GEN_trs-ginger-garlic-paste_1kg,GEN_trs-ginger-garlic-paste_1kg;ALT_trs-ginger-garlic-paste_1kg,trs_ginger-garlic-paste.jpg,trs_ginger-garlic-paste.jpg,true
ginger-garlic-paste,trs,300g,GEN_trs-ginger-garlic-paste_300g,GEN_trs-ginger-garlic-paste_300g;ALT_trs-ginger-garlic-paste_300g,trs_ginger-garlic-paste.jpg,trs_ginger-garlic-paste.jpg,true
kala-chana,trs,1kg,GEN_trs-kala-chana_1kg,GEN_trs-kala-chana_1kg;ALT_trs-kala-chana_1kg,trs-kala-chana.png,trs-kala-chana.png,true
kashmiri-chilli-powder,trs,200g,GEN_trs-kashmiri-chilli-powder_200g,GEN_trs-kashmiri-chilli-powder_200g;ALT_trs-kashmiri-chilli-powder_200g,trs-kashmiri-chilli-powder.jpg,trs-kashmiri-chilli-powder.jpg,true
kewra-water,trs,190ml,GEN_trs-kewra-water_190ml,GEN_trs-kewra-water_190ml;ALT_trs-kewra-water_190ml,trs-kewra-water.jpg,trs-kewra-water.jpg,true
mixed-panchratna-dal,trs,1kg,GEN_trs-mixed-panchratna-dal_1kg,GEN_trs-mixed-panchratna-dal_1kg;ALT_trs-mixed-panchratna-dal_1kg,trs_panchratna-dal.jpg,trs_panchratna-dal.jpg,true
moong-whole-green,trs,1kg,GEN_trs-moong-whole-green_1kg,GEN_trs-moong-whole-green_1kg;ALT_trs-moong-whole-green_1kg,trs-moong-whole-green.png,trs-moong-whole-green.png,true
mukhwas-mouth-freshener,trs,200g,GEN_trs-mukhwas_200g,GEN_trs-mukhwas_200g;ALT_trs-mukhwas_200g,trs_mukhwas.jpg,trs_mukhwas.jpg,true
mustard-oil,trs,1l,GEN_trs-mustard-oil_1l,GEN_trs-mustard-oil_1l;ALT_trs-mustard-oil_1l,trs-mustard-oil.jpg,trs-mustard-oil.jpg,true
pure-ghee,trs,500g,GEN_trs-pure-ghee_500g,GEN_trs-pure-ghee_500g;ALT_trs-pure-ghee_500g,trs_pure-ghee.jpg,trs_pure-ghee.jpg,true
pure-ghee,trs,1kg,GEN_trs-pure-ghee_1kg,GEN_trs-pure-ghee_1kg;ALT_trs-pure-ghee_1kg,trs_pure-ghee.jpg,trs_pure-ghee.jpg,true
roasted-chana-daria,trs,500g,GEN_trs-roasted-chana-daria_500g,GEN_trs-roasted-chana-daria_500g;ALT_trs-roasted-chana-daria_500g,trs_roasted-chana.jpg,trs_roasted-chana.jpg,true
roasted-cumin-powder,trs,100g,GEN_trs-roasted-cumin-powder_100g,GEN_trs-roasted-cumin-powder_100g;ALT_trs-roasted-cumin-powder_100g,trs_roasted-cumin.jpg,trs_roasted-cumin.jpg,true
roasted-peanuts,trs,500g,GEN_trs-roasted-peanuts_500g,GEN_trs-roasted-peanuts_500g;ALT_trs-roasted-peanuts_500g,trs_roasted-peanuts.jpg,trs_roasted-peanuts.jpg,true
rose-water,trs,190ml,GEN_trs-rose-water_190ml,GEN_trs-rose-water_190ml;ALT_trs-rose-water_190ml,trs-rose-water.jpg,trs-rose-water.jpg,true
tamarind-block,trs,400g,GEN_trs-tamarind-block_400g,GEN_trs-tamarind-block_400g;ALT_trs-tamarind-block_400g,trs-tamarind-block.jpg,trs-tamarind-block.jpg,true
toor-dal-dry,trs,1kg,GEN_trs-toor-dal-dry_1kg,GEN_trs-toor-dal-dry_1kg;ALT_trs-toor-dal-dry_1kg,trs_toor-dal.jpg,trs_toor-dal.jpg,true
toor-dal-oily,trs,1kg,GEN_trs-toor-dal-oily_1kg,GEN_trs-toor-dal-oily_1kg;ALT_trs-toor-dal-oily_1kg,trs_toor-dal.jpg,trs_toor-dal.jpg,true
toor-dal-oily,trs,2kg,GEN_trs-toor-dal-oily_2kg,GEN_trs-toor-dal-oily_2kg;ALT_trs-toor-dal-oily_2kg,trs_toor-dal.jpg,trs_toor-dal.jpg,true
urad-dal-black-whole,trs,1kg,GEN_trs-urad-dal-black-whole_1kg,GEN_trs-urad-dal-black-whole_1kg;ALT_trs-urad-dal-black-whole_1kg,trs-urad-dal-black-whole.png,trs-urad-dal-black-whole.png,true
filter-coffee,udhayam,200g,GEN_udhayam-filter-coffee_200g,GEN_udhayam-filter-coffee_200g;ALT_udhayam-filter-coffee_200g,udhayam_filter-coffee.jpg,udhayam_filter-coffee.jpg,true
filter-coffee,udhayam,500g,GEN_udhayam-filter-coffee_500g,GEN_udhayam-filter-coffee_500g;ALT_udhayam-filter-coffee_500g,udhayam_filter-coffee.jpg,udhayam_filter-coffee.jpg,true
masala-chai,wagh-bakri,250g,GEN_wagh-bakri-masala-chai_250g,GEN_wagh-bakri-masala-chai_250g;ALT_wagh-bakri-masala-chai_250g,wagh-bakri_masala-chai.jpg,wagh-bakri_masala-chai.jpg,true
premium-tea,wagh-bakri,500g,GEN_wagh-bakri-premium-tea_500g,GEN_wagh-bakri-premium-tea_500g;ALT_wagh-bakri-premium-tea_500g,wagh-bakri-premium-tea.jpg,wagh-bakri-premium-tea.jpg,true
premium-tea,wagh-bakri,1kg,GEN_wagh-bakri-premium-tea_1kg,GEN_wagh-bakri-premium-tea_1kg;ALT_wagh-bakri-premium-tea_1kg,wagh-bakri-premium-tea.jpg,wagh-bakri-premium-tea.jpg,true
indian-onion,fresh_veg,1kg,GEN_indian-onion_1kg,GEN_indian-onion_1kg;ALT_indian-onion_1kg,indian-onion.png,indian-onion.png,true
mud-potato,fresh_veg,2kg,GEN_mud-potato_2kg,GEN_mud-potato_2kg;ALT_mud-potato_2kg,mud-potato.png,mud-potato.png,true
ginger,fresh_veg,250g,GEN_ginger_250g,GEN_ginger_250g;ALT_ginger_250g,ginger.png,ginger.png,true
garlic,fresh_veg,250g,GEN_garlic_250g,GEN_garlic_250g;ALT_garlic_250g,garlic.png,garlic.png,true
okra-bhindi,fresh_veg,500g,GEN_okra_500g,GEN_okra_500g;ALT_okra_500g,okra.png,okra.png,true
green-chillies,fresh_veg,200g,GEN_green-chillies_200g,GEN_green-chillies_200g;ALT_green-chillies_200g,green-chillies.png,green-chillies.png,true
bottle-gourd-dudhi,fresh_veg,1piece,GEN_bottle-gourd_1pc,GEN_bottle-gourd_1pc;ALT_bottle-gourd_1pc,bottle-gourd.png,bottle-gourd.png,true
bitter-gourd-karela,fresh_veg,500g,GEN_bitter-gourd_500g,GEN_bitter-gourd_500g;ALT_bitter-gourd_500g,bitter-gourd.png,bitter-gourd.png,true
drumsticks,fresh_veg,250g,GEN_drumsticks_250g,GEN_drumsticks_250g;ALT_drumsticks_250g,drumsticks.png,drumsticks.png,true
tindora,fresh_veg,500g,GEN_tindora_500g,GEN_tindora_500g;ALT_tindora_500g,tindora.png,tindora.png,true
curry-leaves-fresh-veg,fresh_veg,50g,GEN_curry-leaves_50g,GEN_curry-leaves_50g;ALT_curry-leaves_50g,curry-leaves.png,curry-leaves.png,true
vine-tomato,fresh_veg,500g,GEN_vine-tomato_500g,GEN_vine-tomato_500g;ALT_vine-tomato_500g,vine-tomato.png,vine-tomato.png,true
green-lime,fresh_veg,4pack,GEN_green-lime_4pc,GEN_green-lime_4pc;ALT_green-lime_4pc,green-lime.png,green-lime.png,true
coconut,fresh_veg,1piece,GEN_coconut_1pc,GEN_coconut_1pc;ALT_coconut_1pc,coconut.png,coconut.png,true
green-plantains,fresh_veg,1piece,GEN_green-plantains_1pc,GEN_green-plantains_1pc;ALT_green-plantains_1pc,green-plantains.png,green-plantains.png,true
cassava-mogo,fresh_veg,1kg,GEN_cassava_1kg,GEN_cassava_1kg;ALT_cassava_1kg,cassava.png,cassava.png,true
arbi-taro-root,fresh_veg,500g,GEN_arbi_500g,GEN_arbi_500g;ALT_arbi_500g,arbi.png,arbi.png,true
